forum_id,forum_name,topic_id,title,views,replies
51,Новониколаевск,17942,Фотографии... ?,138,4
51,Новониколаевск,17902,Горюшкин Первые жители Новониколаевска(1893—1894гг.),61,1
51,Новониколаевск,375,Военный городок,13365,170
51,Новониколаевск,657,"ул.Чаплыгина, 53. Доходный дом.",1467,40
51,Новониколаевск,5377,"Дом на Асинкритовской улице (ул. Чаплыгина, 75)",1469,18
51,Новониколаевск,3611,"Городской торговый корпус (Красный проспект, 23)",21928,392
51,Новониколаевск,1716,Склады Нобеля (Нобелевская 16),1813,46
51,Новониколаевск,1233,Казённый винный склад,2930,44
51,Новониколаевск,890,Спасательная станция,3072,46
51,Новониколаевск,10104,Лагерь военнопленных в Ново-Николаевске (1-я Мировая война),13419,233
51,Новониколаевск,441,Мельница Н.А. Туркина (Алтайской фабрично-промышленной компании),4172,84
51,Новониколаевск,116,Мясохладобойня,8161,154
51,Новониколаевск,78,"Богородско-Глуховская мануфактура - Главпочтамт (ул. Советская, 33)",6800,131
51,Новониколаевск,1491,Жилые дома работников ж/д станции Алтайской железной дороги,1051,11
51,Новониколаевск,6,Богородице-Казанская церковь,880,4
51,Новониколаевск,1467,"Контора инженера Г.М.Будагова (ул. Большевистская, 7)",5317,135
51,Новониколаевск,17642,Городская богадельня...???,313,11
51,Новониколаевск,13153,"Подлинный день рождения Новосибирска.27 февраля 1893 г., или 11 марта",1105,33
51,Новониколаевск,17549,Тайны томской (и не только томской) охранки,640,29
51,Новониколаевск,1741,"Салтыкова-Щедрина, 122",1798,32
51,Новониколаевск,670,"Чаплыгинский ""тупик"" (Чаплыгина, 104 - снесён)",982,12
51,Новониколаевск,17552,Торговые бани Аносова И.И. (Александровская 22-Серебренниковская 18),636,28
51,Новониколаевск,4088,Коммунистическая 3,694,10
51,Новониколаевск,15388,Общественный сад на месте Коммерческого клуба,4463,114
51,Новониколаевск,17577,Водокачка и баня на Обдорской 38,557,12
51,Новониколаевск,1344,Два дома на ул. Переселенческой (ул. 1905 года),1742,20
51,Новониколаевск,15189,Путевая казарма Алтайской ж.д.,1782,26
51,Новониколаевск,2573,Железнодорожная ветка от Алтайской ж.д. до военного городка,3015,46
51,Новониколаевск,4056,Дом И.Ф. Ларина на углу улиц Гудимовской и Александровской,1059,20
51,Новониколаевск,20,Почтово-телеграфная контора на ул. Болдыревской (угол с Дворцовой),3035,47
51,Новониколаевск,1192,"Просто красивый дом (ул. Инская, 7)",2406,35
51,Новониколаевск,1562,"Дом на ул. Чехова, 78",1159,21
51,Новониколаевск,409,Жиркомбинат,5285,102
51,Новониколаевск,17556,Торговые бани З.Ф. Асмус на углу Александровской-Спасской,452,15
51,Новониколаевск,926,Гимназия Смирновой на Асинкритовской (Чаплыгина),1974,23
51,Новониколаевск,17557,Дом Петровских на Кабинетской,211,5
51,Новониколаевск,895,Домик с ул. Александровской (ул. Мичурина 6),3352,49
51,Новониколаевск,2960,Дома на Колыванской,820,26
51,Новониколаевск,626,Базарная площадь,8503,148
51,Новониколаевск,1819,Столбики из прошлого,3977,71
51,Новониколаевск,668,Фёдоровские бани,5905,76
51,Новониколаевск,81,"Железнодорожная школа (ул. Владимировская, 10)",5861,58
51,Новониколаевск,2190,"1-я Лодочная, 10",1673,46
51,Новониколаевск,17490,Февральская революция в Новониколаевске: события февраля-марта 1917 г.,102,1
51,Новониколаевск,2117,Церковь в честь Воскресения Христова (Старокладбищенская),1943,28
51,Новониколаевск,7,"Красные казармы (ул. Владимировская, 2)",14879,207
51,Новониколаевск,121,Военно-сухарный завод,4742,63
51,Новониколаевск,37,Село Кривощёково,22403,813
51,Новониколаевск,2412,Водонапорная башня № 1 при станции Обь (ул. Движенцев),1301,13
51,Новониколаевск,15719,Ломки гранита у Кривощекова близ Оби...???,600,10
51,Новониколаевск,17461,Адресные знаки,78,0
51,Новониколаевск,660,"Арестный дом (ул. Щетинкина, 62)",1978,15
51,Новониколаевск,17338,Старейшая библиотека Новониколаевска,455,14
51,Новониколаевск,10848,Проект Народного дома,612,7
51,Новониколаевск,17401,9 марта 1917 г. состоялось орг.собрание профсоюза домашней прислуги,107,2
51,Новониколаевск,17347,Фотографии чехословаков 1919,192,4
51,Новониколаевск,17282,"Журнал ""Сибирь"", выпускавшийся в Новониколаевске в 1925-1926",138,2
51,Новониколаевск,511,"Дом Туркина Н.А.  (Фабричная, 19)",2511,32
51,Новониколаевск,1089,"Жилой дом по ул.Салтыкова-Щедрина, 5",910,10
51,Новониколаевск,17261,Фото из франц.архива вероятно от фр.фотографа сопровожд чехов в Сибири,566,12
51,Новониколаевск,16,Костел св. Казимира,7011,88
51,Новониколаевск,770,Пивоваренные заводы Ново-Николаевска,9907,156
51,Новониколаевск,788,"Дом П. М. Зедайна на ул. Гудимовская (Коммунистическая, 45)",1983,45
51,Новониколаевск,2855,Фото белочехов в Новониколаевске,966,12
51,Новониколаевск,15720,"Кривощёково, 1895 г. Фотоальбом проф. А.А. Иностранцев",2582,47
51,Новониколаевск,1757,"Ногина 10/2, 10/3",1029,20
51,Новониколаевск,1068,"Кривощековская, 15",1134,10
51,Новониколаевск,3836,"Жилой дом на ул. Чаплыгина, 47",642,15
51,Новониколаевск,17185,Кирпичная стена на улице Коммунистической,913,25
51,Новониколаевск,4753,"Дом Р.М. Копылова (ул. 1905 года, 33 - ул. Красноярская, 112)",1356,14
51,Новониколаевск,21,"Отель ""Метрополитэнъ"" на Дворцовой (ул. Революции, 4)",5887,78
51,Новониколаевск,2652,"Деревянный особняк (Чаплыгина, 65)",1604,19
51,Новониколаевск,1299,Дачи за речкой Ельцовкой,1731,24
51,Новониколаевск,681,Тюрьма на Александровской улице.,3719,36
51,Новониколаевск,82,Добровольное пожарное общество,3969,66
51,Новониколаевск,3006,Временное водосооружение станции Обь,1071,19
51,Новониколаевск,965,"Смешанный двухэтажный дом (ул. Потанинская, 10а)",808,15
51,Новониколаевск,3614,Гостиница Гранд-Отель на Асинкритовской,1219,31
51,Новониколаевск,1116,"Дом Жерновкова Г.И. на Асинкритовской (ул. Чаплыгина, 34)",3819,61
51,Новониколаевск,17115,"Съезд управляющих имениями Алтайского округа, г. Барнаул, 1907 г.",381,9
51,Новониколаевск,1167,"Жилые дома Горохова и Казберук (ул. 1905 года, 13 и 15)",3573,64
51,Новониколаевск,3575,"Дом на ул. Чаплыгина, 45",935,13
51,Новониколаевск,1416,Дом инвалидов,5630,112
51,Новониколаевск,3402,"Дом Т.Е. Тетерина, не Тоторина (ул. Ядринцевская, 19)",1436,22
51,Новониколаевск,1117,Кривощековский-Обский Переселенческий пункт,4387,76
51,Новониколаевск,17075,"Дом Самохина К.А. на Переселенческой (1905 года, 1-Дм. Шамшурина, 100)",737,24
51,Новониколаевск,99,"Дом Сурикова на Николаевском (Красном, 22) проспекте",2381,51
51,Новониколаевск,3617,Дом № 14 по ул. 1905 г. (бывш. Переселенческой),1530,40
51,Новониколаевск,1072,ул. Мостовая,3363,46
51,Новониколаевск,17005,Однодневная перепись 1905 года,117,1
51,Новониколаевск,3661,Водоподъёмное здание (ул. 2-я Сухарная Береговая),954,9
51,Новониколаевск,18,Новониколаевское реальное училище,7803,81
51,Новониколаевск,1490,"Дом по ул.Грибоедова, 48а",767,12
51,Новониколаевск,15177,Дом переездного сторожа Алтайской ж.д.,1473,27
51,Новониколаевск,1600,Территория Кожзавода,3842,60
51,Новониколаевск,532,Лабазы на Базарной площади.,3183,52
51,Новониколаевск,86,Улица Кузнецкая  (Улица Ленина),9227,122
51,Новониколаевск,14185,31 августа 1910 года Новониколаевск посетил П.А. Столыпин.,419,4
51,Новониколаевск,16744,1925 год.,209,1
51,Новониколаевск,16472,"Новое исследование дома ул. Сибирская, 47",1031,22
51,Новониколаевск,778,"Дом купца Ф.Д.Маштакова (Красный проспект,9/ул.Свердлова, 15)",4995,50
51,Новониколаевск,964,"Дом Куклина Е.К. (ул. Каинская, 13)",901,6
51,Новониколаевск,16557,Усадьба Маштаковых Г.Д. и Н.Н. (угол Николаевского пр. и Воронцовской),1319,39
51,Новониколаевск,1291,"Башня (ул. 2-я Лодочная, 23)",2854,56
51,Новониколаевск,337,"Дом Кагана (ул.Урицкого, 2)",2158,18
51,Новониколаевск,14614,Дом на Ядринцевской 25 (современный адрес),888,28
51,Новониколаевск,1139,Дом командира полка в Военном городке,3092,53
51,Новониколаевск,882,"Жилой городской дом по ул.Максима Горького, 81",937,8
51,Новониколаевск,8733,Большевистская 27. Дом Санкина,697,31
51,Новониколаевск,435,Городская начальная школа на ул. Михайловская (ул.Ленина),2290,32
51,Новониколаевск,919,Пожар 11 мая 1909 года,5284,102
51,Новониколаевск,1375,Николаевский проспект (между Асинкритовской и Болдыревской),1824,24
51,Новониколаевск,16238,Краткая исторiя города Ново-Николаевска,244,4
51,Новониколаевск,15788,"Дача и ферма приюта ""Ясли""...???",1187,37
51,Новониколаевск,111,Улица Михайловская (Ленина),4957,81
51,Новониколаевск,3573,"Ядринцевская, 69",997,22
51,Новониколаевск,955,Унгерн Роман Фёдорович,4260,74
51,Новониколаевск,14994,Капитан 41-го Сибирского стрелкового полка Е.В.Булатов с супругой Е.И.,696,8
51,Новониколаевск,4960,Деревянные дома № 51 и № 53 на ул. Максима Горького - утрачены,966,14
51,Новониколаевск,651,Улица Вознесенская (ул.Сибревкома),1635,16
51,Новониколаевск,1307,Герб и гербовые печати города.,1861,35
51,Новониколаевск,2202,"Дом священника П. Я. Василькова (ул. Чаплыгина, 7)",777,27
51,Новониколаевск,15841,Перевод на тысячу поцелуев,466,8
51,Новониколаевск,3618,"Общество взаимного кредита (ул. Тобизеновская, 72)",1306,24
51,Новониколаевск,91,"Русско-Китайский банк > Русско-Азиатский банк (Красный проспект, 26)",2200,29
51,Новониколаевск,15825,1924 г. Первомайский маскарад,500,11
51,Новониколаевск,913,Первый электро-театр Ф.Ф. Махотина.,2282,30
51,Новониколаевск,15786,"Новые фотографии станции Обь, 1894 г.???",1085,21
51,Новониколаевск,1226,"Дом А. Матвеева (ул. Красноярская, 28)",1899,49
51,Новониколаевск,10775,Карточка: Ново-Николаевск. Вид вокзальной части города.,746,11
51,Новониколаевск,2473,Первая мировая война,6710,98
51,Новониколаевск,2487,"Усадьба Терентьевых (ул.Инская, 65)",3135,53
51,Новониколаевск,15613,Чертежи и рисунки деревянных домов,617,15
51,Новониколаевск,1709,Комплекс строений Николаевского пр-та (от Гудимовской до Болдыревской),1117,19
51,Новониколаевск,1249,"Дом по ул. Советская, 59а",1614,22
51,Новониколаевск,726,"ул. Спартака, 7",838,16
51,Новониколаевск,15426,Мосты через Михайловский лог,2762,73
51,Новониколаевск,608,"Т-во Сибирский мукомол (Макаронная фабрика-ул.Фабричная, 33)",2740,36
51,Новониколаевск,894,Просека,6854,129
51,Новониколаевск,338,Новониколаевский проспект (между ул Тобизеновской и Асинкритовской),3763,58
51,Новониколаевск,1542,"Жилой дом в Матвеевке (Бердское шоссе, 67)",970,20
51,Новониколаевск,941,начало Александровской,916,11
51,Новониколаевск,1440,деревня Перова,2552,46
51,Новониколаевск,2636,Домик около Красных казарм,5319,131
51,Новониколаевск,14949,Дореволюционный театральный Новониколаевск. Обзор,193,1
51,Новониколаевск,3840,"Дом на ул. Ленина, 89",1038,16
51,Новониколаевск,14765,Астафьев Александр Иосифович. (13.02.1885 - 22.06.1934),1344,34
51,Новониколаевск,10142,"Коммерческий клуб, задний фасад (1918-1919 г.)",1786,38
51,Новониколаевск,7848,Самолёты авиаконструктора Михаила Ивановича Попова,1256,21
51,Новониколаевск,10705,Мельница - Южно-Алтайская мукомольная компания,2096,47
51,Новониколаевск,75,"Типография Литвинова (ул.Советская, 6)",3804,61
51,Новониколаевск,13104,Фото врача И.И. Абдрина (1866-1937),577,5
51,Новониколаевск,10378,Молебен по случаю закладки реального училища на Николаевском проспекте,936,17
51,Новониколаевск,14709,Сотрудники Новониколаевской конторы Госбанка в 1922 году,1161,30
51,Новониколаевск,22,"Сад ""Альгамбра""",4556,42
51,Новониколаевск,14669,"Оброчная статья ""Училищная""",341,5
51,Новониколаевск,9765,Кеттли (Cattley) Освальд Яковлевич в Ново-Николаевске,1446,29
51,Новониколаевск,3646,"Памятник деревянного зодчества на ул. Красноярская, 3",1333,55
51,Новониколаевск,5323,Съестные лавки. Станция Обь (Ново-Николаевск-I).,1306,26
51,Новониколаевск,14603,"Мыловареный завод Закупсбыта (Некрасова, 48)",713,15
51,Новониколаевск,2985,Новониколаевск на международной выставке городов в Лионе (1914),829,12
51,Новониколаевск,14573,Пересечение будущего проспекта с Колыванской и Кабинетской.,1243,13
51,Новониколаевск,912,"Дом-контора Николая Туркина (ул.Фабричная,15)",2155,25
51,Новониколаевск,14521,Маштаков Григорий Данилович,571,12
51,Новониколаевск,1856,Приют ЯСЛИ,2051,19
51,Новониколаевск,14475,Прогулка по Каменке...,1444,40
51,Новониколаевск,101,Дома И.Т.Сурикова на ул. Гондатти,4198,51
51,Новониколаевск,14454,Всем известная фотография,1674,52
51,Новониколаевск,650,Угол Спасской (Спартака) и Александровской (Серебренниковской),1219,17
51,Новониколаевск,93,"История здания ""Сибстройпути"" (Красный проспект, 13)",4321,60
51,Новониколаевск,14298,Чумная больница - Красильная фабрика - Ядринцевская 73 к.1,709,13
51,Новониколаевск,14009,Гончарный завод Дмитрия Андреевича Тельканова за Каменск. части 58 кв.,613,15
51,Новониколаевск,14284,"Нарымская, д.2 - Городская Приготовительная школа",322,3
51,Новониколаевск,13050,Ново-Николаевский посёлок. От кабинетского управл. к самоуправ (докум),6417,287
51,Новониколаевск,14244,Временное Пожарное Общество образов. в июне 1897,223,1
51,Новониколаевск,14234,Частная школа Комлева и Белорукова на ст. Обь,208,1
51,Новониколаевск,14198,Церковно-приходская школа,396,4
51,Новониколаевск,14209,"Быков, Козлов и библиотека",242,2
51,Новониколаевск,14174,Злоупотреблѣния на станцiи Обь-Кривощёково январь 1908,309,1
51,Новониколаевск,14173,1-я сессия порайонного комитета по распредел. массовых ж/д перевозок,192,1
51,Новониколаевск,6094,"Дом Бузолина К. П. (ул. Октябрьская (Болдыревская), дом 15)",958,8
51,Новониколаевск,666,"Дом И.Г.Ведерникова на ул. Болдыревской (ул.Октябрьская, 47)",1489,14
51,Новониколаевск,10414,"Дом Истомина, ул. Депутатская, 15",752,12
51,Новониколаевск,3568,"Щетинкина, 33а - неизвестный домик",1172,20
51,Новониколаевск,2,Дом Ежова,1103,4
51,Новониколаевск,10709,Мельница Новониколаевского товарищества (мельница братьев Луканиных),995,18
51,Новониколаевск,14017,Метеослужба городская,220,3
51,Новониколаевск,14016,"Может, кто знает, кто на фото ... ???",317,1
51,Новониколаевск,13995,"Кривощековская, 19 (бывшая мельница бр. Рудзинских)",534,10
51,Новониколаевск,13988,Артель Столяров,204,2
51,Новониколаевск,838,Памятники деревянного зодчества на ул. Гудимовской (Коммунистической),4583,75
51,Новониколаевск,806,Озеро Круглое на Андреевской площади,2329,34
51,Новониколаевск,13955,Театр-ресторан симбирского мещанина Д.П.Андреева,178,1
51,Новониколаевск,13916,Мельница Аарона Патушинского позади Богословской пристани,270,3
51,Новониколаевск,89,Аптека П. С. Ковнацкого,2402,25
51,Новониколаевск,13890,Трактиры в центр. части города (разрешения),340,6
51,Новониколаевск,479,"Отель ""Метрополь"" на ул. Гудимовской",9138,29
51,Новониколаевск,1402,Новобазарная площадь ( конец 19 века),4612,82
51,Новониколаевск,2476,Общественное собрание на Кузнецкой улице,634,11
51,Новониколаевск,13821,Биллиардные столы,270,5
51,Новониколаевск,1448,Колонна польских военнослужащих.,4901,100
51,Новониколаевск,13838,Баня Ханы И. Толоконской,230,2
51,Новониколаевск,13771,"Строят, панимащь. А вот где?",525,12
51,Новониколаевск,11388,"Дом Назарова, угол Александровский и Тобизеновской",1016,26
51,Новониколаевск,6476,"Доходный дом Е.Я Верховой по ул. Горького, 40",1613,64
51,Новониколаевск,13677,Органы правопорядка Новониколаевска,508,22
51,Новониколаевск,1182,Угол Межениновской и Михайловской.,3006,60
51,Новониколаевск,13636,"ул. Трактовая, будущая Будагова (Большевистская).",222,2
51,Новониколаевск,13577,"Ярмарка в Ново-Николаевском поселке, 1900 г.",473,8
51,Новониколаевск,13426,Ново-Николаевская пристань. Этнограф Круковский Михаил Антонович,565,11
51,Новониколаевск,13556,«Деловой клуб» Новониколаевска учрежден 18 мая 1923,126,1
51,Новониколаевск,6327,основание-образование города,1920,46
51,Новониколаевск,987,Вид на Закаменку,1618,22
51,Новониколаевск,156,"Городское реальное училище на ул. Кабинетской (Советская, 37)",1949,21
51,Новониколаевск,1472,"Дом на ул. Тульская, 78",1094,18
51,Новониколаевск,13295,Кондитерская Н.С.Забелина,521,2
51,Новониколаевск,10650,План участка М.П. Востокова на Асинкритовской,1556,49
51,Новониколаевск,6051,Вид улицы Болдыревской с Николаевского проспекта,830,17
51,Новониколаевск,2755,Дом семьи Шамшиных,1779,16
51,Новониколаевск,5176,Домик на ул. Дворцовой (Революции),1288,35
51,Новониколаевск,342,"Дом Управляющего Томским имением Алтайского округа (ул.Обская, 4)",1786,12
51,Новониколаевск,1339,"ул. Шамшурина, 41",1107,16
51,Новониколаевск,12959,Лесопильный завод,306,3
51,Новониколаевск,11625,Повседневная жизнь Н.-Николаевска глазами наших корр-тов)),1481,69
51,Новониколаевск,12905,Прошение о преобразовании посёлка в город,552,15
51,Новониколаевск,10146,Лагерь польских скаутов в Ново-Николаевске,593,8
51,Новониколаевск,856,Мосты в устье речки Каменки.,2722,49
51,Новониколаевск,5023,"Р. Каменка, 1917 год. Фото Д. П. Багаева",965,14
51,Новониколаевск,1234,Территория вин(спирт)завода на Нобелевской.,3470,67
51,Новониколаевск,12720,Доходный дом С.И. Самсонова на Кузнецкой 15 (Коммерческое подворье),527,9
51,Новониколаевск,12690,Заброшка в Тогучинском районе,0,0
51,Новониколаевск,10606,Дом 69 по улице Ядринцевская,415,7
51,Новониколаевск,12643,базар в г. Ново-Николаевске,265,7
51,Новониколаевск,4034,"История места: ул. Гудимовская(Коммунистическая, №№ 10-31)",1879,29
51,Новониколаевск,12131,"Коллектив автомастерских Западно-Сибирского Военного Округа , 1924 г.",739,18
51,Новониколаевск,12423,"Первая городская аптека (№ 1) Барнаульская, 29",700,13
51,Новониколаевск,5325,Левый угол фото. Николаевский пр. (1912),505,7
51,Новониколаевск,12408,Белый генерал Андрей Степанович Бакич.,261,5
51,Новониколаевск,4472,"Домик у о.п.Нижняя Ельцовка по адресу Казарма 23 км,1",843,15
51,Новониколаевск,25,"Дом Крюкова (ул.Советская, 25.)",3485,35
51,Новониколаевск,2048,"Дом Вагина (ул. Советская, 11)",5129,105
51,Новониколаевск,1084,"Дом каменный на Гудимовской (Коммунистическая, 14)",3047,61
51,Новониколаевск,10410,Водонапорные башни вокзала Ново-Николаевска на рисунке 1918-го,786,18
51,Новониколаевск,10415,Кто на снимке полковник Казимир Румша?,423,8
51,Новониколаевск,24,"Сибирский торговый банк (ул. Коммунистическая, 35)",2056,23
51,Новониколаевск,12117,"Городское реальное училище на ул. Кабинетской (Советская, 37)",189,0
51,Новониколаевск,12059,"Красильный цех фабрики ""Автомат"" на Серебренниковской",1085,36
51,Новониколаевск,649,Первое собственное здание железнодорожного училища на Владимирской,3408,79
51,Новониколаевск,3718,Фотография М.Е.Лунц,993,13
51,Новониколаевск,105,Театр Чиндорина (ул. Сибирская),1305,8
51,Новониколаевск,4719,Дом Молчанова на углу Николаевского проспекта и ул. Воронцовской,1289,38
51,Новониколаевск,11541,А был ли Лыгин?,377,7
51,Новониколаевск,7934,"Склад торг-промышленного и пароходного об-ва ""Волга"" на ул. Самарской",1219,36
51,Новониколаевск,1343,"Склады конторы братьев Каменских (ул. Советская, 19)",1763,49
51,Новониколаевск,11398,Вопрос - что за домик,373,5
51,Новониколаевск,1348,Дом на Тобизеновской (угол с Николаевским проспектом),2940,42
51,Новониколаевск,4663,"Усадьба Посохина В.Ф. (Болдыревская, 19 - Гондатти, 6)",1003,14
51,Новониколаевск,11201,"Съезд крестьянских депутатов в июне 1917, Чаплыгина, 75",290,5
51,Новониколаевск,11177,Список первых жителей Ново-Николаевска©Н.Минина,837,9
51,Новониколаевск,11172,Улица Фабричная на открытке 1915 года,369,4
51,Новониколаевск,5013,Вопрос - дом  Что за красавец?,1248,22
51,Новониколаевск,11066,"Нов-Ник. Великорусский оркестр при обществе приказчиков"" 1913",229,3
51,Новониколаевск,10886,Водокачка на ул. Дворцовой/Революции,2267,76
51,Новониколаевск,1746,Контора 1 участка СС железной дороги - ныне дистанция пути,2730,51
51,Новониколаевск,6284,Пожар в Новониколаевске,1095,23
51,Новониколаевск,10863,Что за дом и где?,212,1
51,Новониколаевск,938,"Руины - Автомотоклуб, б. ТД Винокуров А.И. с С-ми (ул. Щетинкина, 18)",2433,54
51,Новониколаевск,10851,Базарная площадь 1893-1896,340,8
51,Новониколаевск,6242,Барон Жозеф де Бай был здесь (1895-97).,1568,43
51,Новониколаевск,1255,"Дом жилой Октябрьская, 24",1587,27
51,Новониколаевск,1708,"Склады общества ""Доверие"" на Николаевском",1023,21
51,Новониколаевск,10513,Где верховье в старое время Новониколаевска?,480,0
51,Новониколаевск,10487,Выступление чешской делегации в Новониколаевске 5 августа 1919 года,419,9
51,Новониколаевск,10459,Верно??? 1919. Новониколаевск. Госпиталь Американского Красного Креста,667,13
51,Новониколаевск,10464,Новониколаевск. Панорама начало века.,500,5
51,Новониколаевск,10420,Проект Здания Городской Управы с помещением Общественного Банка,829,27
51,Новониколаевск,10441,"Владимир Александрович Анзимиров, основатель краеведческого музея",199,3
51,Новониколаевск,2357,Неужели ранний Ново-Николаевск? (ул. Свободы 325),1011,16
51,Новониколаевск,7843,Воронцовская 13 (Свердлова 11),351,8
51,Новониколаевск,10282,"Городское реальное училище на ул. Кабинетской (Советская, 37)",180,0
51,Новониколаевск,10270,"Вид Болдыревской улицы, 1897 г",393,6
51,Новониколаевск,772,"Домик на углу Дворцовой и Бийской (ул. Революции, 32)",4271,91
51,Новониколаевск,8796,"Красный проспект, 21. Первый совет депутатов. 1917",475,6
51,Новониколаевск,10136,"Верх-Обской бор, он же Николаевский",497,9
51,Новониколаевск,6315,У нас ли?,414,5
51,Новониколаевск,815,Завод фруктовых вод (ул. Ядринцевская),1681,22
51,Новониколаевск,9386,Учет лошадок для нужд Армии,278,3
51,Новониколаевск,9878,Соборная площадь? Где?,225,1
51,Новониколаевск,6468,Котлован дома Сибкрайсоюза,704,28
51,Новониколаевск,2015,Вопрос с извозчиками - место,2845,51
51,Новониколаевск,6355,Возможно - возле мельницы Луканина,536,6
51,Новониколаевск,9623,Наследники,386,4
51,Новониколаевск,9611,Вопрос. Кем были братья Головановы?,247,3
51,Новониколаевск,9472,Здание по Тобизеновской 66 (М. Горького 52),776,18
51,Новониколаевск,1164,"Домик Дуси Ковальчук (ул. Ленина, 92б)",1246,16
51,Новониколаевск,5489,Грюнвальдские  торжества. 1919 год.,859,22
51,Новониколаевск,9321,"Серия фото Новониколаевска,найдена во Французском национальном архиве",1120,22
51,Новониколаевск,9291,Ymca,507,8
51,Новониколаевск,2780,Купальни на берегу Оби.,1163,35
51,Новониколаевск,6623,"Катание на волчьей упряжке  И. Репечека (Зоя Степучева, 1910 г.)",817,19
51,Новониколаевск,9289,Построение дивизии Блюхера на ул. Гудимовской. Дек. 1919 - янв 1920,356,4
51,Новониколаевск,9290,Белые в Ново-Николаевске,355,4
51,Новониколаевск,8968,Пожар 25 сентября 1910 г.,284,3
51,Новониколаевск,4975,Усадьба Н-в Е.Г. Морозовой-Закаменская амбулатория (Инская 2 или 4),1437,25
51,Новониколаевск,6539,Настоящий дом Будагова,1352,45
51,Новониколаевск,4002,"Дом на ул. Коммунистической (Гудимовской), 16",1102,22
51,Новониколаевск,8294,"Дом Винокурова на Асинкритовской, 23 (Рабочая-Чаплыгина)",628,17
51,Новониколаевск,8143,Реконструкция в Заельцовском парке фото колокольного завода Гилевых,861,9
51,Новониколаевск,922,Пожарная каланча(и),1388,15
51,Новониколаевск,2567,"Исторический дом? (Владимировский спуск, 6)",1214,12
51,Новониколаевск,7668,Фантазия на тему Гражданской войны из музея ЗСЖД.,1085,50
51,Новониколаевск,2895,"Большевистская, 7. Контора Будагова??? Нужны доказательства.",1499,38
51,Новониколаевск,4540,"Фото, сделанное Ф. Нансеном с железнодорожного моста Ново-Николаевска",1007,12
51,Новониколаевск,7249,Берег Оби на месте речпорта. 1919 год. Из альбома И.С. Моторина,1027,15
51,Новониколаевск,6972,Вопрос - дом,343,1
51,Новониколаевск,6318,Вокзал Новониколаевска 1919 года на картине А.Л. Ганжинского,955,13
51,Новониколаевск,5436,Сунгарийские мельницы в Харбине или куда уехал  из Н-Н Каган А.И.,914,11
51,Новониколаевск,1346,Дом Барабанова Д.Е. на Потанинской,2278,44
51,Новониколаевск,3678,"Первый родильный приют (Кузнецкая, 29)",1007,7
51,Новониколаевск,6434,"Кирпичный домик (Романова, 72)",481,8
51,Новониколаевск,5548,Вокзальная (Шамшурина) 68.,747,11
51,Новониколаевск,6280,Два дома от П.А. Гайды. Где?,282,1
51,Новониколаевск,1693,"ул. Журинская, 14",1415,23
51,Новониколаевск,4333,Новониколаевск-Каменка,639,4
51,Новониколаевск,6082,Водонапорная башня № 2 при станции Обь (ул. Светофорная),958,18
51,Новониколаевск,5354,"Самый ли старый? Шамшурина (Вокзальная), 61",2845,53
51,Новониколаевск,6035,"Склад и контора Товарищества М. Гельферихъ-Саде (Гудимовская, 48)",503,6
51,Новониколаевск,5373,Дом Левиной на углу Инской и Маковского,1693,14
51,Новониколаевск,4708,"Деревянный дом на ул. Красноярской, 107",1134,19
51,Новониколаевск,4567,землеустройство 1893-95,1100,28
51,Новониколаевск,5802,"Дом по ул.Ядринцевская, 65",504,7
51,Новониколаевск,1596,"""Новониколаевец"" во дворе дома по ул. Романова, 27",939,16
51,Новониколаевск,5568,"Краеведы хулиганят на ул. Ленина, 45",675,3
51,Новониколаевск,5556,И эти люди у нас были,1057,9
51,Новониколаевск,4978,"Деревянный дом на ул. Трудовой (Стевенской), 72",739,16
51,Новониколаевск,5291,Дореволюционная панорама,663,9
51,Новониколаевск,5168,Речпорт,383,5
51,Новониколаевск,691,Солодовенный  завод в Буграх,1370,20
51,Новониколаевск,5128,Неожиданно на ТЭЦ-1,646,15
51,Новониколаевск,90,"Магазин ""Наследников И. А. Жернакова""",870,12
51,Новониколаевск,1744,"Чаплыгина, 86",625,7
51,Новониколаевск,4959,"Памятник деревянного зодчества на ул. Ленина, 41 - утрачен",456,6
51,Новониколаевск,1055,ул. Дуси Ковальчук 1а.,1622,27
51,Новониколаевск,4823,"Жилой дом на ул. Большевистской, 13",786,12
51,Новониколаевск,2079,Дом по ул. Инская 10,502,5
51,Новониколаевск,1115,Вопрос: Меблированные комнаты Галковского,495,5
51,Новониколаевск,4949,"Деревянный дом на Чаплыгина, 57",520,10
51,Новониколаевск,4962,"Деревянный дом на ул. Сакко и Ванцетти, 6 - утрачен",691,13
51,Новониколаевск,4925,Дом Быкова П.Ф. угол Кабинетской и Стевенской (ошибочно Михайловская).,1317,41
51,Новониколаевск,4884,Акушерское отделение № 118 (Роддом № 3) Ул. Сухарная 70/1.,2066,14
51,Новониколаевск,3835,"Жилой дом на ул. Красноярской, 6",977,20
51,Новониколаевск,2913,"Куда домик делся? (ул. Бориса Богаткова, 64)",854,8
51,Новониколаевск,4816,"Жилой дом Иркутская, 74",423,5
51,Новониколаевск,4779,"Дом Самохина (ул. 1905 года, 1 - Дм. Шамшурина, 100)",484,8
51,Новониколаевск,4712,"Дом Александрова (Библиотека им. А. П. Чехова) на ул. Челюскинцев, 66",760,6
51,Новониколаевск,855,"ул.Советская, 14 (ул. Горького, 48)",736,6
51,Новониколаевск,2814,"Октябрьская, 28 и Октябрьская, 26",1182,27
51,Новониколаевск,4710,"Деревянный дом на ул. Ядринцевской, 62",790,19
51,Новониколаевск,3733,"Двухэтажный смешанный дом (ул. Чаплыгина, 13)",618,13
51,Новониколаевск,4709,"Подпольная типография на ул. Красноярская, 5",504,6
51,Новониколаевск,4494,Вознесенская,1176,37
51,Новониколаевск,2900,"Каинская, 3",1169,15
51,Новониколаевск,2825,Давно забытый дом по адресу Октябрьская 30а,1057,11
51,Новониколаевск,4419,"Дом И. Ф. Стихина (ул. Коммунистическая, 36)",850,12
51,Новониколаевск,4400,Мужское церковно-приходское училище при Александро-Невской церкви,872,17
51,Новониколаевск,787,"Дом  М.Д. Жернаковой. ул. Коммунистическая (Гудимовская), 43",1347,25
51,Новониколаевск,4092,"Дом А. Файзуханова (ул. Максима Горького, 18)",587,6
51,Новониколаевск,4191,"Дом М. Н. Куликова (ныне музей СССР) (Максима Горького, 16)",430,5
51,Новониколаевск,3996,"Деревянный дом на ул. Максима Горького, 79",448,4
51,Новониколаевск,1771,"Магазин ""Зингер"" в Новониколаевске",1151,25
51,Новониколаевск,803,"Двухэтажный жилой дом купца А.Г.Силина (ул.Трудовая, 5)",996,10
51,Новониколаевск,2283,Брандмауэры (пожарные стены),815,16
51,Новониколаевск,3229,Ученицы Торговой школы.,768,14
51,Новониколаевск,2891,Училище при ст. Обь,301,2
51,Новониколаевск,2879,вопрос - школа,375,3
51,Новониколаевск,878,Старые дома по ул. Ядринцевская,732,12
51,Новониколаевск,2677,"Шамшурина, 23",466,4
51,Новониколаевск,2612,Вопрос: Для чего могло быть предназначено  это строение?,0,0
51,Новониколаевск,2420,"Дом (Большевистская, 107)",495,7
51,Новониколаевск,2347,"Старый дом (Грибоедова, 129)",1522,34
51,Новониколаевск,1196,Чехословаки на территории Красных казарм,1281,20
51,Новониколаевск,2274,"Жилой дом (ул. Инская, 117)",571,7
51,Новониколаевск,2261,Вопроs - Колонны,1385,35
51,Новониколаевск,1760,Надстроенный особняк,1010,7
51,Новониколаевск,2138,"Пристанский переулок, 5а, 5в и 5д",839,17
51,Новониколаевск,2171,Вопроs - тоже ново-николаевский,411,7
51,Новониколаевск,1499,вопрос - дом Сергеева,436,6
51,Новониколаевск,2068,Пожар в доме купца Истомина в 2004 году,722,6
51,Новониколаевск,637,"Дом мещанина Лихачева (ул.Каинская, 15)",517,4
51,Новониколаевск,2005,"Берег левый, берег правый.",1051,22
51,Новониколаевск,1996,"Нумера ""Петербургскiе"", быв. ""Лондон""",568,6
51,Новониколаевск,1980,концентрационный лагерь,965,21
51,Новониколаевск,1162,"ул. Челюскинцев, 13",1912,29
51,Новониколаевск,1661,Опора моста,2353,65
51,Новониколаевск,1946,"Фабричная, 23Б",412,5
51,Новониколаевск,1881,Задворки Свердлова 19,435,4
51,Новониколаевск,1615,Геральдика Сибири,583,14
51,Новониколаевск,1802,"Дом Гороховой (1905 года, 15)",537,8
51,Новониколаевск,1727,"Деревянный двухэтажный дом во дворе дома по ул. Ядринцевская, 73, к.2",403,2
51,Новониколаевск,1692,"Дом на ул. Каинская, 15а",611,10
51,Новониколаевск,1545,Музей СИНАРА,0,0
51,Новониколаевск,1513,Склад железной дороги на территории бывшего грузового порта,557,10
51,Новониколаевск,982,"Офицерское собрание (ул. Тополёвая, 17)",871,7
51,Новониколаевск,1215,"Месть дома или безграмотные строители (ул.Тополёвая, 19)",923,9
51,Новониколаевск,1443,Кривощековский выселок,562,3
51,Новониколаевск,1295,"Военно-питательный пункт (""Красные казармы"")",733,15
51,Новониколаевск,1312,"Ходатайство о переименовании посёлка в ""Ново-Николаевский"" (1898 год)",353,1
51,Новониколаевск,1136,Гостиница «Америка»,554,6
51,Новониколаевск,1195,Конец Октябрьской улицы. Правый берег Каменки.,516,2
51,Новониколаевск,1144,"Дом по ул.Революции, 3",517,4
51,Новониколаевск,1066,Угол Николаевского и Асинкритовской,478,7
51,Новониколаевск,1002,Городское 2-классное приходское мужское училище,447,1
51,Новониколаевск,607,Вопрос о телефонной станции.,832,19
51,Новониколаевск,789,"еще купеческий домик (Коммунистическая, 41)",475,1
51,Новониколаевск,491,"Гостиница ""Новониколаевское подворье""",859,2
52,Новосибирск 20-х - 30-х,17892,Находка из бронзового века в логу  близ села 2-я Ельцовка,213,13
52,Новосибирск 20-х - 30-х,17879,Из газеты,118,5
52,Новосибирск 20-х - 30-х,17848,Чумаковское/Воскресенское крестьянское восстание 1931 года,82,1
52,Новосибирск 20-х - 30-х,17731,13 июня 1921 – образована Новониколаевская губерния,384,20
52,Новосибирск 20-х - 30-х,46,"Деловой (Доходный) дом (Красный проспект, 25)",11544,177
52,Новосибирск 20-х - 30-х,85,"Водонапорная башня (ул. Ватутина, 29/1)",3718,45
52,Новосибирск 20-х - 30-х,17728,Эстафета ГТО имени «Комсомольской правды» 12 июня 1936 года,71,2
52,Новосибирск 20-х - 30-х,10,"Жилой дом ""Союззолото"" (ул.Каменская, 16)",1818,22
52,Новосибирск 20-х - 30-х,51,"Промбанк-Горсовет-Горисполком-Мэрия (Красный проспект, 34)",7270,129
52,Новосибирск 20-х - 30-х,17722,Перекр.Кр.пр.и Октябрьской.Гостин.Дома Советов.(Жилкомбинат «Динамо»),93,4
52,Новосибирск 20-х - 30-х,17704,Строительство...,250,7
52,Новосибирск 20-х - 30-х,1759,Первая сибирская альпиниада 1935г.,1290,19
52,Новосибирск 20-х - 30-х,12017,Учения пожарных на Западно-Сибирской (Томской) железной дороге,294,9
52,Новосибирск 20-х - 30-х,17675,1 июня 1926 в Новосибирске организован гор.отдел народ. образ. ГорОНО,62,1
52,Новосибирск 20-х - 30-х,48,"Здание Сибкрайсоюза - Облпотребсоюз (Красный проспект, 29)",10588,192
52,Новосибирск 20-х - 30-х,52,"Дом госучреждений (Сиб. подворье) - СИНХ-ВПШ-НГАХА (Красный пр., 38)",7085,127
52,Новосибирск 20-х - 30-х,123,"Госэлектросиндикат (Горького, 64)",3442,137
52,Новосибирск 20-х - 30-х,9,"Управление Западно-Сибирской железной дороги (Вокзальная маг., 14)",6758,78
52,Новосибирск 20-х - 30-х,430,"Дворец  Труда (ул. Щетинкина, 33)",8692,126
52,Новосибирск 20-х - 30-х,934,Пионеры,1173,18
52,Новосибирск 20-х - 30-х,17535,Первая конференция архитекторов Зап.Сиб Края 22 апреля 1935.,62,2
52,Новосибирск 20-х - 30-х,47,"Госбанк (Красный проспект, 27)",4366,67
52,Новосибирск 20-х - 30-х,57,"Комплекс жилого кооператива ""Кузбассуголь""",5788,96
52,Новосибирск 20-х - 30-х,11145,"Дом по ул. Орджоникидзе, 11",1142,34
52,Новосибирск 20-х - 30-х,66,"Жилкомплекс (Челюскинцев, 5, 7, ул. Ленина, 90)",6072,91
52,Новосибирск 20-х - 30-х,17432,Первый сибирский съезд писателей_21-24 марта 1926,233,16
52,Новосибирск 20-х - 30-х,137,"Дом Грузчиков (ул.Фабричная, 6)",4492,32
52,Новосибирск 20-х - 30-х,17418,"Прохода и Мясников, новосибирские фотографы 1930-х",538,36
52,Новосибирск 20-х - 30-х,77,"Здание Сибгосторга - Консерватория (ул. Советская, 31)",3894,55
52,Новосибирск 20-х - 30-х,45,"Крайисполком. Дом Советов (Красный проспект, 18)",6810,94
52,Новосибирск 20-х - 30-х,10381,"Строительство ларька и столовой завода горного оборудования, 1931",718,21
52,Новосибирск 20-х - 30-х,17375,"Молодёжь, вступай в кооперацию!",84,2
52,Новосибирск 20-х - 30-х,1377,"Здание треста ""ЗапСибЗолото"" (Красный проспект, 1)",3595,43
52,Новосибирск 20-х - 30-х,17365,1.03.1926 открылась краевая контора ЦеКомБанка,128,6
52,Новосибирск 20-х - 30-х,1696,Школа Крячкова на Вагановской.,831,19
52,Новосибирск 20-х - 30-х,76,"Текстильсиндикат (Ленина 6 - Советская, 18)",7240,97
52,Новосибирск 20-х - 30-х,17296,12 февраля  1926 ВЦИК утвердил новое название кр.центра: Новосибирск,541,20
52,Новосибирск 20-х - 30-х,15536,Ельцовский бор 1938г.,1066,29
52,Новосибирск 20-х - 30-х,17343,1-я сибирск.шахмат-шашчен. конферения 21 февр.1926 Дом проосвещ.,183,11
52,Новосибирск 20-х - 30-х,17320,18 февраля 1926–3 марта сост.выставка работ членов новос.филиала АХРР,72,2
52,Новосибирск 20-х - 30-х,750,"Магазин ""Ветеран"" (""Бакалея"") на ул. Семипалатинской (ул.Орджоникидзе)",4519,57
52,Новосибирск 20-х - 30-х,2570,"Западно-Сибирское краевое отделение ОГИЗа (Коммунистическая, 1)",1318,31
52,Новосибирск 20-х - 30-х,17228,Загадочные мосты,418,14
52,Новосибирск 20-х - 30-х,17265,"Здание Нефтесиндиката. Максима Горького, 80. Серебренниковская, 33.",664,18
52,Новосибирск 20-х - 30-х,1625,Бараки по Троллейной,1263,17
52,Новосибирск 20-х - 30-х,2093,Жилые дома Окружной больницы по ул. Медкадры,900,27
52,Новосибирск 20-х - 30-х,12943,Строительство Сибкомбайна.,1128,20
52,Новосибирск 20-х - 30-х,8088,Дом № 1 по ул. Томской (Салтыкова-Щедрина).,2218,36
52,Новосибирск 20-х - 30-х,512,"Стоквартирный дом (Красный проспект, 16)",13071,116
52,Новосибирск 20-х - 30-х,17219,Какое фото правильное?,498,19
52,Новосибирск 20-х - 30-х,2124,Трансформаторные будки прошлого,3628,68
52,Новосибирск 20-х - 30-х,824,"Сибревком-Сибкрайисполком-Крайком ВКП(б) (Красный проспект, 5)",6875,126
52,Новосибирск 20-х - 30-х,490,"Жилой дом (Вокзальная магистраль 18, бывш. Трудовая 28)",3090,16
52,Новосибирск 20-х - 30-х,17153,"М. Горького, 78.",332,8
52,Новосибирск 20-х - 30-х,1319,Городские коммуникации,4087,59
52,Новосибирск 20-х - 30-х,17088,"Где,что,куда?",379,7
52,Новосибирск 20-х - 30-х,17073,Что это за где?,236,2
52,Новосибирск 20-х - 30-х,339,"Дом с часами Крайснабсбыта (Красный проспект, 11)",15544,205
52,Новосибирск 20-х - 30-х,17003,Где это?,445,5
52,Новосибирск 20-х - 30-х,16991,Строительство вокзала Новосибирск-Главный,573,14
52,Новосибирск 20-х - 30-х,1152,"Насосная на Большевистской, 92",2420,55
52,Новосибирск 20-х - 30-х,16996,Кто на фото?,300,7
52,Новосибирск 20-х - 30-х,3851,"Здание бывшего ""Сибторга"" на ул. Героев Революции, 11",1541,39
52,Новосибирск 20-х - 30-х,10990,"1922-ЧТО писала в этот день ""СовСибирь"" 100 лет назад-с 29.07.1922",16031,937
52,Новосибирск 20-х - 30-х,16960,Укладка канализационного коллектора на ул. Бийской (Депутатская),345,8
52,Новосибирск 20-х - 30-х,9249,Очистная станция (1927) и Бетонный двор в Михайловском логу,819,26
52,Новосибирск 20-х - 30-х,16919,ТЭЦ-2. Общий вид.,264,4
52,Новосибирск 20-х - 30-х,2252,"История здания по ул. Урицкого, 19",2446,31
52,Новосибирск 20-х - 30-х,5700,Здание детсада на Сухарной.,1418,21
52,Новосибирск 20-х - 30-х,10380,"Пожарная станция у завода горного оборудования, 1931",453,12
52,Новосибирск 20-х - 30-х,1315,"Станция юных техников (ул. Нарымская, 3)",3637,50
52,Новосибирск 20-х - 30-х,9246,Деревянные дома на ул. Обская,1929,27
52,Новосибирск 20-х - 30-х,69,"Жилой дом-комбинат НКВД  (ул.Серебренниковская, 23)",3049,34
52,Новосибирск 20-х - 30-х,16711,"Метеорологическая обсерватория ""Новосибирск.Бугры""",330,9
52,Новосибирск 20-х - 30-х,243,"Дом соцземледелия - НИИИП (ул. Горького, 78)",7771,127
52,Новосибирск 20-х - 30-х,49,"Жилкомбинат ""Динамо"" (Красный проспект, 28)",6250,101
52,Новосибирск 20-х - 30-х,141,"Фабрика-кухня (ул.Челюскинцев, 9)",3053,44
52,Новосибирск 20-х - 30-х,363,Левобережный Соцгород,3739,21
52,Новосибирск 20-х - 30-х,2633,Ипподромские бани Гордеева,4074,65
52,Новосибирск 20-х - 30-х,13212,Советская 8(пересечение Коммунистическая-Советская),657,21
52,Новосибирск 20-х - 30-х,3404,"Типография издательства ""Советская Сибирь"" (ул. Советская, 6)",1706,17
52,Новосибирск 20-х - 30-х,2593,"Дом Красной Армии  - Окружной Дом Офицеров (Красный проспект, 63)",4759,65
52,Новосибирск 20-х - 30-х,2566,"Здание Геолого-гидро-геодезического треста в 1934г. (Красный пр-т, 35)",1508,24
52,Новосибирск 20-х - 30-х,679,"Бани № 8 (ул. Каменская, 19а)",3054,47
52,Новосибирск 20-х - 30-х,2448,"Редакция газеты «Советская Сибирь» (Красный пр-т, 22)",479,5
52,Новосибирск 20-х - 30-х,1648,"Дом по ул. Коммунистическая, 26 (РЖСКТ специалистов Крайисполкома)",2953,46
52,Новосибирск 20-х - 30-х,2324,"Жилой дом-коммуна (ул.Революции, 36)",1034,15
52,Новосибирск 20-х - 30-х,1283,Центральный (Ипподромский) рынок,5246,71
52,Новосибирск 20-х - 30-х,798,"ул. Большевистская, 29",1705,35
52,Новосибирск 20-х - 30-х,15899,"Андреевская школа (ул. Сибирская, 54)",565,11
52,Новосибирск 20-х - 30-х,13620,Детский сад УНКВД. 1935 г.,1458,43
52,Новосибирск 20-х - 30-х,7947,"Кадры из фильма ""Красный газ""",1651,56
52,Новосибирск 20-х - 30-х,15756,У пристани Бугринской переправы,711,14
52,Новосибирск 20-х - 30-х,345,"Жилой дом Томской железной дороги (ул. Урицкого, 37)",3055,42
52,Новосибирск 20-х - 30-х,12716,Новониколаевская трудовая аптека Угол Трудовой (Стевенской) и Красного,350,6
52,Новосибирск 20-х - 30-х,15731,Демонстранты на фоне Советская 29.,320,5
52,Новосибирск 20-х - 30-х,12407,"Комиссионный магазин ""УНИВЕРСАЛЬ"", Красный проспект",513,11
52,Новосибирск 20-х - 30-х,2134,Товарная биржа,717,24
52,Новосибирск 20-х - 30-х,6442,Строительство Большевистская 24.,928,19
52,Новосибирск 20-х - 30-х,13057,Архитектор Фукин Николай Михайлович.,764,40
52,Новосибирск 20-х - 30-х,15648,Строительство соцгородка Сибкомбайна (2 переулок Пархоменко),392,3
52,Новосибирск 20-х - 30-х,15565,Вулкмастерская.,227,2
52,Новосибирск 20-х - 30-х,15560,Дома по Урицкого 23 - ЖАКТ Просвещенец,486,10
52,Новосибирск 20-х - 30-х,12042,Первая электростанция Новониколаевска,1124,25
52,Новосибирск 20-х - 30-х,509,"Памятник архитектуры - Жилой дом по Урицкого, 17",4662,84
52,Новосибирск 20-х - 30-х,15468,"СибКрайИздат (Кр.просп, 25)",503,11
52,Новосибирск 20-х - 30-х,469,вопрос,2535,50
52,Новосибирск 20-х - 30-х,14238,Детсад телеграфа,557,6
52,Новосибирск 20-х - 30-х,2527,"Детсад для детей грузчиков (ул. Фабричная, 6а)",617,7
52,Новосибирск 20-х - 30-х,15097,Перекресток Красного проспекта и ул. Щетинкина (Барнаульской),324,3
52,Новосибирск 20-х - 30-х,5334,"Дом по Колыванской, 3",1160,10
52,Новосибирск 20-х - 30-х,1549,"Детясли ЗГО, Сибмашстроя (ул. Авиастроителей, 4а)",4137,64
52,Новосибирск 20-х - 30-х,14755,"Пересечении нынешних ул. Ленина и Челюскинцев, 1920 год.",276,3
52,Новосибирск 20-х - 30-х,12037,Здание телеграфа на станции Новосибирск. 1926,1053,17
52,Новосибирск 20-х - 30-х,1297,Красный проспект 59 - что там было до 30-х годов?,2510,33
52,Новосибирск 20-х - 30-х,2061,Западно-Сибирский коммунистический университет им. Ф. Дзержинского,1295,8
52,Новосибирск 20-х - 30-х,14667,Что строят? Вокзал!,500,7
52,Новосибирск 20-х - 30-х,14670,Хорошо сидим! Но где?,305,3
52,Новосибирск 20-х - 30-х,2439,"Универмаг НовсибТПО (ул. Ленина, 86)",3427,60
52,Новосибирск 20-х - 30-х,12425,Переселенческий пункт - Дорожная клиническая.,590,9
52,Новосибирск 20-х - 30-х,14635,1924 г. Экскурсия физкультурников в деревню. Праздник физкультуры.,400,8
52,Новосибирск 20-х - 30-х,14624,"Куда прибыли женихи? В  сад ""Альгамбра""!",504,14
52,Новосибирск 20-х - 30-х,14625,В каком доме проходит собрание? В Доме Ежова!,396,8
52,Новосибирск 20-х - 30-х,12335,"Общедоступ. столовая (дом бывш. номера Захаровы, угол К.Пр. и М.Гор. )",399,3
52,Новосибирск 20-х - 30-х,14607,В каком именно месте мужчины лыжи навострили?,380,6
52,Новосибирск 20-х - 30-х,1306,"Дом на углу Красного пр-та и Ядринцевской (Красный проспект, 42а)",2278,32
52,Новосибирск 20-х - 30-х,1446,Ипподром.,5467,74
52,Новосибирск 20-х - 30-х,1677,Дамба Ельцовки (Сухарная),3836,84
52,Новосибирск 20-х - 30-х,14533,Новосибирск. Областные курсы радистов связи. 1938-1939 гг.,233,2
52,Новосибирск 20-х - 30-х,14410,Вопрос - здание,348,4
52,Новосибирск 20-х - 30-х,1926,"Здание Мехторга (Красный проспект, 39)",2869,73
52,Новосибирск 20-х - 30-х,9640,Что там за деревянным домом?,1395,34
52,Новосибирск 20-х - 30-х,14172,Крушение скорого поезда на участке Убинская - Каргат 1925 г.,698,19
52,Новосибирск 20-х - 30-х,14170,Крушение скорого поезда Чита-Москва 1925,336,2
52,Новосибирск 20-х - 30-х,11114,Краевой суд (Красный пр. 12 - Каинская 1),1048,19
52,Новосибирск 20-х - 30-х,1369,"Дом-общежитие ЖСК ""Медработник"" (ул. Ленина, 17)",5830,91
52,Новосибирск 20-х - 30-х,14171,Новый центръ ГПУ въ Сибири,187,0
52,Новосибирск 20-х - 30-х,14169,Возстаніе въ Сибири январь-февраль 1933,218,0
52,Новосибирск 20-х - 30-х,14148,Кровавыя волненія въ Новониколаевскѣ в январе 1934,356,7
52,Новосибирск 20-х - 30-х,14149,Совещание изобретателей и заврайбризов...,151,1
52,Новосибирск 20-х - 30-х,14144,Первая всесибирская выставка картинъ и скульптуры 1927,223,3
52,Новосибирск 20-х - 30-х,14106,Афиши у театра Красный факел,322,5
52,Новосибирск 20-х - 30-х,64,"Здание Сибмедторга (ул.Ленина, 9)",2745,49
52,Новосибирск 20-х - 30-х,10382,"Начало стройки завода горного оборудования, 1931",794,9
52,Новосибирск 20-х - 30-х,1767,"""Профессорский"" дом НИИЖТа (ул. Дуси Ковальчук, 185)",1464,21
52,Новосибирск 20-х - 30-х,13980,"Строительство Дома Советов (Крайисполком, Облисполком)",505,10
52,Новосибирск 20-х - 30-х,2693,Жилые дома по ул. Дуси Ковальчук 181 и 183,1594,25
52,Новосибирск 20-х - 30-х,2753,"Дом ЖСКТ Заготзерно (ул.Урицкого, 3)",2158,34
52,Новосибирск 20-х - 30-х,3555,"Строительство Дома Ленина (Красный проспект, 32)",1082,24
52,Новосибирск 20-х - 30-х,1073,"Жилой дом кооператива ""Красный кожевник"" (ул. Дуси Ковальчук, 2)",2361,46
52,Новосибирск 20-х - 30-х,686,"Жилой комплекс ""Сибкомбайна"" (Советская, 8 + Октябрьская, 40)",3600,64
52,Новосибирск 20-х - 30-х,10952,Улица Телеграфная (Кирова),1166,20
52,Новосибирск 20-х - 30-х,13724,"Строительство дом обувной фабрики,Дуси Ковальчук № 61",312,3
52,Новосибирск 20-х - 30-х,13717,Водокачка № 9 на улице Колыванская.,340,4
52,Новосибирск 20-х - 30-х,13627,История с переименованиями районов и сел НСО.,313,5
52,Новосибирск 20-х - 30-х,13599,Здание в стиле конструктивизм.,343,6
52,Новосибирск 20-х - 30-х,3410,Раскройно-посадочная фабрика им. Сталина,796,11
52,Новосибирск 20-х - 30-х,13561,Что и где строится? (рисунок Силича),328,4
52,Новосибирск 20-х - 30-х,13548,Неизвестное фото Моторина (возможно),710,26
52,Новосибирск 20-х - 30-х,1007,Первый пионерский парад.,1865,32
52,Новосибирск 20-х - 30-х,13399,На мотоциклетке-санях по ул. Павловской на фоне Закаменской каланчи,773,25
52,Новосибирск 20-х - 30-х,13420,"Клуб «Красный милиционер».Барнаульской (ныне – Щетинкина), 23.",270,3
52,Новосибирск 20-х - 30-х,13421,Май 1923 начал издаваться журнал«Просвещение Сибири»,114,1
52,Новосибирск 20-х - 30-х,5637,У дома Лихачёва С.С. (бывшего) на Кузнецкой улице в 1920-е годы.,1264,34
52,Новосибирск 20-х - 30-х,133,"Дома ЖАКТа «Печатник» (Трудовая, 1, 3, 7)",3966,56
52,Новосибирск 20-х - 30-х,13218,"Республиканская № 1,3,5,7,9, (1932 год)",409,8
52,Новосибирск 20-х - 30-х,13209,1-й съезд плановых органов и стат.бюро Сибири 26–30 марта 1923 г.,126,1
52,Новосибирск 20-х - 30-х,2641,"Общежитие начсостава войск ПП ОГПУ по ЗапСибКраю (ул. Ленина, 53)",1337,19
52,Новосибирск 20-х - 30-х,13185,Непостроенная гостиница артистов-будущий ЖК Солярис (Мичурина 11),688,16
52,Новосибирск 20-х - 30-х,13195,"новос. фил. «Ассоц.худож-ков револ-ной России», мастер.игруш. деткомис",289,1
52,Новосибирск 20-х - 30-х,4440,"Михайловский лог и Димитрова, 4",1370,18
52,Новосибирск 20-х - 30-х,4770,Угол Красного проспекта и ул. Рабочая (Чаплыгина),1199,26
52,Новосибирск 20-х - 30-х,12999,Мясной ларёк на улице Кирова. 1935,539,10
52,Новосибирск 20-х - 30-х,13011,7 февраля 1923 г. при Сибревкоме организован Сиб.совет физ.культуры,217,1
52,Новосибирск 20-х - 30-х,1090,"ул.Орджоникидзе, 5",1125,30
52,Новосибирск 20-х - 30-х,10211,Строительство 1-го корпуса ЖАКТа Печатник (Трудовая 7-Красный пр. 31),645,11
52,Новосибирск 20-х - 30-х,613,Закаменский рабочий клуб - Новосибирская кинокопировальная фабрика,2627,29
52,Новосибирск 20-х - 30-х,1793,Летний павильон-ресторан в Первомайском сквере,1113,25
52,Новосибирск 20-х - 30-х,136,"Здание на углу Советская, 29-Щетинкина, 54 и его медицинская история",1369,15
52,Новосибирск 20-х - 30-х,2849,"Дом транспортников (ул. Железнодорожная, 9)",1575,25
52,Новосибирск 20-х - 30-х,12699,Вопрос - дом?,715,16
52,Новосибирск 20-х - 30-х,12811,Новониколаевская протезная мастерская,359,5
52,Новосибирск 20-х - 30-х,12796,"Электро-кинотеатр ""Гигант"", Красный проспект",168,1
52,Новосибирск 20-х - 30-х,12774,Польская миссия в Ново-Николаевске,180,1
52,Новосибирск 20-х - 30-х,12766,"Гл.Предст-во Синдиката ""УРАЛМЕТ"" по Сибири и Д.В (Барнаульская, 48)",136,1
52,Новосибирск 20-х - 30-х,11994,"Цирк в 20-х, на углу ул-ц Урицкого и Ленина (Конная пл.,сквер воднико)",728,18
52,Новосибирск 20-х - 30-х,12654,Эстрадный театр в Саду Сталина.,523,12
52,Новосибирск 20-х - 30-х,12735,Празднование 5-тилетия ВЧК (ГПУ) в Новониколаевске 16.12.1922 г.,244,1
52,Новосибирск 20-х - 30-х,12734,"Военно-Кооперативное Управление Сибири и Урала, Советская, 30",138,1
52,Новосибирск 20-х - 30-х,12545,"Сибирскоое паево товарищество уличной торговли ""Ларёк""",314,2
52,Новосибирск 20-х - 30-х,12298,Школа милицейских курсов при губерн. Новониколаевском управлении милиц,252,4
52,Новосибирск 20-х - 30-х,12727,"М-н санитарии гигиены, „СИБМЕДСАНФАРМТОРГ"", Красный пр-т, 19",164,1
52,Новосибирск 20-х - 30-х,12521,Пожарное дело,321,4
52,Новосибирск 20-х - 30-х,12324,"Первая музыкальная школа-студия (ул Кузнецкая, 36)",246,4
52,Новосибирск 20-х - 30-х,12601,Дом Союзов (угол ул. Октябрьской и Урицкого),353,5
52,Новосибирск 20-х - 30-х,12302,«Театр городского корпуса»,570,14
52,Новосибирск 20-х - 30-х,12679,Общий вид на город с Закаменской стороны. 1926 год.,261,2
52,Новосибирск 20-х - 30-х,2809,"Жилой дом на ул. Сибирской, 33 (ЖАКТ Сельтрансстрой)",1410,22
52,Новосибирск 20-х - 30-х,12659,Бюро поручений и рекомендаций женского труда. Ул. Макс. Горького. № 63,155,1
52,Новосибирск 20-х - 30-х,3092,Перекрёсток Писарева и Красного проспекта,2103,31
52,Новосибирск 20-х - 30-х,343,"Штаб СибВО (Красный проспект, 53)",4346,30
52,Новосибирск 20-х - 30-х,6921,Начало постройки нового корпуса фабрики им. ЦК Швейников,446,9
52,Новосибирск 20-х - 30-х,12637,"Мастерская дамских шляп,Семипалатинская. 13",146,1
52,Новосибирск 20-х - 30-х,12636,"Петрогр.им.ШТИГЛИЦА артель ответ труда,Советская,22,уг.Семипалатинской",138,1
52,Новосибирск 20-х - 30-х,12632,Угол Красного проспекта и ул. Семипалатинская.,315,4
52,Новосибирск 20-х - 30-х,12610,Госмельница № 9 (бывш.Горохова)на берегу реки Берди (в 5 в.от с.Берск ),215,1
52,Новосибирск 20-х - 30-х,12602,"НО Банка Потребительской Кооперации,угол Советской и Октябрьской улиц",134,1
52,Новосибирск 20-х - 30-х,12547,"Кооператив „КОРСИ"" (Коморсибвнешторг) Болдыревская, 77",249,5
52,Новосибирск 20-х - 30-х,12546,"""Сибирское Табачное Товарищество"", Г.С. Толоконский, В.А.Дудихин",211,1
52,Новосибирск 20-х - 30-х,12530,"Магазин обуви „СЛАВА"", Красный проспект, 26.",164,1
52,Новосибирск 20-х - 30-х,12522,"Управление губернского прокурора, Барнаульская, № 48",151,1
52,Новосибирск 20-х - 30-х,12514,"Отделение ГУМ В.С.Н.Х., Обдорская, 7",165,1
52,Новосибирск 20-х - 30-х,12509,"Закамен.район. клуб имени ""Октябрьской революции"", Инская, 29",284,4
52,Новосибирск 20-х - 30-х,12269,"Помещение клуба Марксистов, (уг. Кр. Проспекта и Макс. Горького)",181,2
52,Новосибирск 20-х - 30-х,12504,"Дет. дом ""Имени рабочей кооперации"",Вознесенская  ул. № 17",206,1
52,Новосибирск 20-х - 30-х,12498,Новониколаевский исправительно-трудовой дом,200,1
52,Новосибирск 20-х - 30-х,6762,Новосибирская приемно-передающая радиостанция (ст. Новониколаевск II),658,7
52,Новосибирск 20-х - 30-х,12432,"Клуб ""Октябрьский"", милиции,угол Красного проспекта и Воронцовской ул.",234,2
52,Новосибирск 20-х - 30-х,12480,Керамическая станция,189,1
52,Новосибирск 20-х - 30-х,2584,Перекрёсток Красного проспекта и улицы Октябрьской,2298,64
52,Новосибирск 20-х - 30-х,12465,"Фабрика по экспортной рассортировке щетины и волоса, ул.Павловская, 13",224,5
52,Новосибирск 20-х - 30-х,12464,"кафе ""Заря"", ул. Семипалатинская, 33",231,2
52,Новосибирск 20-х - 30-х,12466,"Орготдел Военно-Кооперативного Управления Сибири и Урала, Советская,30",139,1
52,Новосибирск 20-х - 30-х,6439,"Здание на углу Коммунистическая, 49 - Серебренниковская, 25",840,20
52,Новосибирск 20-х - 30-х,12460,"Московско-Сибирское Товарищество М.Горького, № 69, (Тобизеновская).",135,2
52,Новосибирск 20-х - 30-х,12457,"Кожевенный завод № 1, за вокзалом, директор Кенисберг",264,1
52,Новосибирск 20-х - 30-х,1536,Магазин Сибторга на Октябрьской площади (1925г.),2376,47
52,Новосибирск 20-х - 30-х,12443,"Книжный магазин: Новониколаевск, Красный проспект. 19",190,1
52,Новосибирск 20-х - 30-х,12423,"Первая городская аптека (№ 1) Барнаульская, 29",0,0
52,Новосибирск 20-х - 30-х,12433,"Книжный Магазин Сибгосиздата (Красный проспект, № 19)",152,1
52,Новосибирск 20-х - 30-х,12419,Щетинный завод Сибторга,134,1
52,Новосибирск 20-х - 30-х,12398,Швейпром. Угол Октябрьской и Урицкого.,155,1
52,Новосибирск 20-х - 30-х,12396,Дом с флигелем. За Каменкой (Инская ул. № 28),322,1
52,Новосибирск 20-х - 30-х,12366,"Детский дом имени Красной армии (ул. Максима Горького, № 64)",287,3
52,Новосибирск 20-х - 30-х,12365,"Клуб „Максима Горького"" (по Фабричной ул.)",172,1
52,Новосибирск 20-х - 30-х,12360,Спорт-клуб губвсевобуча,136,1
52,Новосибирск 20-х - 30-х,12359,"Номера ""НЭПО"", на Михайловской улице",117,1
52,Новосибирск 20-х - 30-х,12242,Закаменский базар (рынок),252,2
52,Новосибирск 20-х - 30-х,12344,Винокуренный завод губсовнархоза,157,2
52,Новосибирск 20-х - 30-х,53,"Здание Аэрофлота (Красный проспект, 44)",1622,22
52,Новосибирск 20-х - 30-х,12318,КАФЕ-ГОСТИНИЦА „Аполло“ (угол Михайловской и Межениновской № 64),183,1
52,Новосибирск 20-х - 30-х,12317,Мельница СКС № 3—Фабричная ул.,160,1
52,Новосибирск 20-х - 30-х,12300,Ядринцевский извоз,224,2
52,Новосибирск 20-х - 30-х,12301,Толкучий рынок,165,1
52,Новосибирск 20-х - 30-х,12299,"Кафе «Эрмитаж», содержатели  Скопина, Дербилина и Кузьминых",120,1
52,Новосибирск 20-х - 30-х,12296,Сибирский промышленный банк (руководитель - Шпиндлер),147,1
52,Новосибирск 20-х - 30-х,2811,Дом крестьянина,804,7
52,Новосибирск 20-х - 30-х,12262,"Вокзальная ул., 49. Квартира Русина. Уполномоч. вятского спичеч терста",130,1
52,Новосибирск 20-х - 30-х,12256,"Губмилиция (Рабочая (Чаплыгина) улица, 51)",163,1
52,Новосибирск 20-х - 30-х,12250,"Биржа труда, (по Барнаульской ул.)",118,1
52,Новосибирск 20-х - 30-х,12243,"ул. Максима Горького, 36",175,1
52,Новосибирск 20-х - 30-х,12234,"Номера ""Россия"" Трудовая ул. № 60 (Стевенская) Маториной-Ефимовой",117,1
52,Новосибирск 20-х - 30-х,12206,Закаменская народная Советская аптека,164,1
52,Новосибирск 20-х - 30-х,2010,Дом отдыха «Ельцовка»,961,20
52,Новосибирск 20-х - 30-х,12122,"Строительство здания сберкассы на Красном проспекте, 52",347,11
52,Новосибирск 20-х - 30-х,12087,Выход ул. Спартака на Красный проспект,235,4
52,Новосибирск 20-х - 30-х,2783,"Жилой дом ИТР обувной фабрики (ул. Дуси Ковальчук, 61)",979,14
52,Новосибирск 20-х - 30-х,12047,Новониколаевский музей,179,2
52,Новосибирск 20-х - 30-х,2114,Закаменская баня.,1270,23
52,Новосибирск 20-х - 30-х,12007,"Общежитие одиночек обувной ф-ки им.Кирова, 1935 г.",513,16
52,Новосибирск 20-х - 30-х,12028,"Метеорологическая станция (Ядринцевская, 25 бывший адрес)",584,1
52,Новосибирск 20-х - 30-х,5427,Один за всех....(Пожарные города).,1128,29
52,Новосибирск 20-х - 30-х,11991,"Гор. краевед. музей (Коммунистическая, 19) угол Урицкого и Коммунистич",206,2
52,Новосибирск 20-х - 30-х,11990,Кузнечно-экипажная мастерская № 4. Где?,140,1
52,Новосибирск 20-х - 30-х,11949,Командующий ЧОН Н.-Николаевской губернии тов. Черносвитов,262,9
52,Новосибирск 20-х - 30-х,11905,Дом отдыха Новосибирского гарнизона (СибВО),354,9
52,Новосибирск 20-х - 30-х,11904,Регистратура поликлиники № 4.1938 г.,207,4
52,Новосибирск 20-х - 30-х,11800,Центральный склад Сибкрайсоюза (Кр.пр.-Семипалатинская),364,7
52,Новосибирск 20-х - 30-х,11785,"Третий каменный,4-х этажный дом на Межениновской (заметка)",245,4
52,Новосибирск 20-х - 30-х,11742,"Витрина ЦРК. Красный проспект, 25. 1934 год.",367,8
52,Новосибирск 20-х - 30-х,1316,Магазин № 2 ЦРК на Холодильнике.,1393,36
52,Новосибирск 20-х - 30-х,11417,Угол Советской и Рабочей,618,21
52,Новосибирск 20-х - 30-х,1076,"Жилой дом работников Госбанка (ул. Урицкого, 15)",1858,28
52,Новосибирск 20-х - 30-х,2497,"СИЗО-1 (ул. Караваева, 1)",6180,61
52,Новосибирск 20-х - 30-х,1041,"ул. Свердлова, 19.",639,3
52,Новосибирск 20-х - 30-х,5736,"3-й Сибирский краевой праздник физической культуры. Новосибирск, 1927",1245,34
52,Новосибирск 20-х - 30-х,2257,ОПКБ-14.,661,11
52,Новосибирск 20-х - 30-х,3790,Первый в Сибири мотоциклетный пробег Омск-Новосибирск-Омск (1928г.),605,14
52,Новосибирск 20-х - 30-х,11126,Привокзальное почтовое отделение на углу Михайловской и Межениновской,478,15
52,Новосибирск 20-х - 30-х,2901,"Жилой дом ЖАКТ ""Сибирь на рельсы"" (пр-т Димитрова, 6)",783,7
52,Новосибирск 20-х - 30-х,5428,"Жилой дом общества политкаторжан (ул. Фрунзе, 8)",1912,42
52,Новосибирск 20-х - 30-х,3317,"Здание на 2-м пер. Пархоменко, № 4",2080,27
52,Новосибирск 20-х - 30-х,2917,"Жилой дом ЖАКТ СибКрайИсполкома (Красный проспект, 24)",671,10
52,Новосибирск 20-х - 30-х,2698,Гараж на улице Пушкина (ПАТП-1),1694,37
52,Новосибирск 20-х - 30-х,3737,"Похороны П.Е. Щетинкина, октябрь 1927.",872,18
52,Новосибирск 20-х - 30-х,10829,"Делегаты XII партконференции, Кр.пр.,5, 1920-30-е годы",149,4
52,Новосибирск 20-х - 30-х,6407,Дамба через Ельцовку. Красный проспект.,1856,42
52,Новосибирск 20-х - 30-х,5177,Общежитие сельхозшколы на Октябрьской площади (ул. Кирова-Локтевская),1117,28
52,Новосибирск 20-х - 30-х,6410,Неуловимый домик,1629,29
52,Новосибирск 20-х - 30-х,2716,"Дом специалистов Крайисполкома (ул. Серебренниковская, 9)",2869,46
52,Новосибирск 20-х - 30-х,5706,"Пожар 21 июня 1926 года на Рабочей, 91 (Чаплыгина, 75)",1261,29
52,Новосибирск 20-х - 30-х,10719,было или нет?,428,5
52,Новосибирск 20-х - 30-х,2139,"Дуси Ковальчук, 181а",1475,43
52,Новосибирск 20-х - 30-х,9776,"Панорама центра, 1931 год.",484,5
52,Новосибирск 20-х - 30-х,1357,Первая теплотрасса,2437,63
52,Новосибирск 20-х - 30-х,685,"Дом ЖСКТ Заготзерно (ул.Урицкого, 1)",999,10
52,Новосибирск 20-х - 30-х,433,"Дом артистов (ул. Романова, 35)",2457,19
52,Новосибирск 20-х - 30-х,10648,Кто? Когда?,217,3
52,Новосибирск 20-х - 30-х,8050,Городской парад физкультурников. 18 июня 1938 г.,519,15
52,Новосибирск 20-х - 30-х,10597,Трудовая 13(59) Горвоенкомат.,1665,63
52,Новосибирск 20-х - 30-х,10605,Выпуск курсантов 4-х месячных курсов инструкторов физ. культуры.1935,211,7
52,Новосибирск 20-х - 30-х,2704,"Жилой дом ЖАКТ Госбанка (ул. Советская, 55)",940,11
52,Новосибирск 20-х - 30-х,10463,Строительство объектов Обувной фабрики им. Кирова и Д. Ковальчук 63,971,30
52,Новосибирск 20-х - 30-х,9185,"Не вопрос, но уж больно смачно.",894,23
52,Новосибирск 20-х - 30-х,2987,История дома № 41 по Красному проспекту,1558,12
52,Новосибирск 20-х - 30-х,10478,Государственный банк СССР Сибирская краевая контора,261,4
52,Новосибирск 20-х - 30-х,10457,Новониколаевские дома на пересечении Красный пр. - Спартака,937,23
52,Новосибирск 20-х - 30-х,829,Ул. Семипалатинская,2182,16
52,Новосибирск 20-х - 30-х,10402,"Геодезисты над планом строительства завода горного оборудования, 1931",190,3
52,Новосибирск 20-х - 30-х,10384,Номера одноэтажных домов до и после переименования улицы,399,3
52,Новосибирск 20-х - 30-х,2615,Здание Управления Сибстройпути->ДорПрофСоЖа (Вокзальная магистраль 12),1851,36
52,Новосибирск 20-х - 30-х,10360,"фотоматериалы Томского краеведческого музея ""Следственная тюрьма НКВД""",514,18
52,Новосибирск 20-х - 30-х,10362,"Организации, находившиеся в здании Дорпрофсожа с 1938г.",240,2
52,Новосибирск 20-х - 30-х,10354,"Литьё ""Ленин"" - подарок Сибтекмаша горкому ВКП(б) в 1933 году",218,4
52,Новосибирск 20-х - 30-х,5585,Картинка ул. Октябрьской летом 1931 года,884,27
52,Новосибирск 20-х - 30-х,395,Ул.Семипалатинская 1925г.,946,12
52,Новосибирск 20-х - 30-х,5126,Авиакассы 1939 года на ул. Семипалатинской,918,18
52,Новосибирск 20-х - 30-х,10272,Угол Красного проспекта и ул. Ядринцевской.,322,3
52,Новосибирск 20-х - 30-х,10250,"Мех. мастерская ""ЭКВАТОР"" на ул. Гоголя",529,9
52,Новосибирск 20-х - 30-х,10222,"Двор дома по ул. Ленина, 17",410,11
52,Новосибирск 20-х - 30-х,10215,"Вид на дом рядом с ЖАКТ ""Сибкрайсоюза"" (ул. Урицкого, 34)",410,6
52,Новосибирск 20-х - 30-х,10206,"Выручайте, друзья!",429,9
52,Новосибирск 20-х - 30-х,10199,Фрагмент фото со зданием Сибстройпути,304,6
52,Новосибирск 20-х - 30-х,10191,Где обманули деревья?,458,10
52,Новосибирск 20-х - 30-х,3238,Угол Спартака и Красного проспекта,737,11
52,Новосибирск 20-х - 30-х,10127,Сергеев К.М. 2-й секретарь Западно-Сибирского крайкома ВКП(б),256,3
52,Новосибирск 20-х - 30-х,10117,Автомобили на площади Жертв революции,446,22
52,Новосибирск 20-х - 30-х,10097,Снимок с Силикатного техникума в сторону Оби.,895,33
52,Новосибирск 20-х - 30-х,10075,"Адресовано в школу 12 по  ул. Серебренниковской, 10",299,5
52,Новосибирск 20-х - 30-х,10058,Двор дома по улице Большевистская.,766,22
52,Новосибирск 20-х - 30-х,10066,Вопрос - где?,195,1
52,Новосибирск 20-х - 30-х,9991,Начало улицы Каменская. Дом № 2.,814,13
52,Новосибирск 20-х - 30-х,10005,"Где идёт трамвай - ""единичка""?",255,3
52,Новосибирск 20-х - 30-х,9997,Магазин в Торговом корпусе. 1924 год,454,9
52,Новосибирск 20-х - 30-х,9968,На строительстве Сибкомбайна.,448,12
52,Новосибирск 20-х - 30-х,9897,Год снимка?,363,5
52,Новосибирск 20-х - 30-х,9893,Столицей Сибири - быть!,237,3
52,Новосибирск 20-х - 30-х,9882,Улица Кузнецкая в период НЭПа и после,455,9
52,Новосибирск 20-х - 30-х,9832,Что кому известно о Байдуковском спуске?,364,7
52,Новосибирск 20-х - 30-х,9727,Новониколаевские филателисты,268,5
52,Новосибирск 20-х - 30-х,9699,Башенка на здании как элемент украшения,447,10
52,Новосибирск 20-х - 30-х,9683,"На крыльце Дома Ленина (Милютин, Лашевич, Енукидзе)",673,20
52,Новосибирск 20-х - 30-х,9685,"Бачевский Сергей Антонович, художник",240,4
52,Новосибирск 20-х - 30-х,2734,Изоляционно-пропускной пункт,2462,41
52,Новосибирск 20-х - 30-х,9626,Деталь клуба ССТС-Им. Сталина-Октябрьской революции,242,5
52,Новосибирск 20-х - 30-х,9538,НЖК. Групповое фото 1939 год.,1018,26
52,Новосибирск 20-х - 30-х,1638,"Жилые дома по ул. Якушева, 27 и 29",1201,23
52,Новосибирск 20-х - 30-х,2178,"Дом по ул. Спартака, 8а",1175,27
52,Новосибирск 20-х - 30-х,3728,Велопробег Сопка Заозерная (Дальний Восток) – Западная граница. 1939 г,832,12
52,Новосибирск 20-х - 30-х,4060,Номерные знаки собак,638,17
52,Новосибирск 20-х - 30-х,9508,Первое отделение милиции,438,4
52,Новосибирск 20-х - 30-х,9250,Проект расширения Дворца Труда,419,10
52,Новосибирск 20-х - 30-х,2053,На крыльце Сибревкома.,581,9
52,Новосибирск 20-х - 30-х,1742,"Музей политкаторжан - медакадемия (Красный пр-т, 52)",1621,35
52,Новосибирск 20-х - 30-х,9136,Здание со столовой в комплексе учебных корпусов НИВИТа 1934-35,801,29
52,Новосибирск 20-х - 30-х,1799,Это было на месте Дома быта.,4859,67
52,Новосибирск 20-х - 30-х,2151,Проект второго доходного дома,1128,13
52,Новосибирск 20-х - 30-х,2730,"Жилой дом по ул. Ленина, 28 (РЖСКТ ""Строитель"")",1329,15
52,Новосибирск 20-х - 30-х,1713,"Дом на территории Горбольницы (1-я Клиническая улица, 9)",1337,28
52,Новосибирск 20-х - 30-х,2645,"Общежитие Управления милиции ЗапСибкрая (ул. Октябрьская, 84)",980,11
52,Новосибирск 20-х - 30-х,1628,"Жилой дом по улице Урицкого, 34 (ЖАКТ СибКрайСоюза)",1352,24
52,Новосибирск 20-х - 30-х,2046,"ул. Енисейская, 20",1104,23
52,Новосибирск 20-х - 30-х,3100,Пожарное депо Ипподромского района,1970,31
52,Новосибирск 20-х - 30-х,2462,"Дом Кузбасстреста (ул. Советская, 21 - ул. Барнаульская, 34)",1412,19
52,Новосибирск 20-х - 30-х,8807,"Вопрос: Колонна НоПИИТ у Дуси Ковальчук, 67 (1933)",786,17
52,Новосибирск 20-х - 30-х,8818,Где?,601,9
52,Новосибирск 20-х - 30-х,8814,Строительство аэрофильтра.,474,15
52,Новосибирск 20-х - 30-х,8809,Вопрос в развитие,225,3
52,Новосибирск 20-х - 30-х,8802,Исчезнувшее начало ул. Трудовой (Стевенской),466,8
52,Новосибирск 20-х - 30-х,8772,"Строительство здания Запсибкраймилиции (ул. Каменская, 12)",487,15
52,Новосибирск 20-х - 30-х,5255,Строительство барака на будущем месте школы № 10,747,5
52,Новосибирск 20-х - 30-х,4755,Вопрос - угол каких улиц?,1246,9
52,Новосибирск 20-х - 30-х,3796,Был ли построен гараж?,595,6
52,Новосибирск 20-х - 30-х,8542,Брусчатые дома постройки 1937-40 гг.,536,7
52,Новосибирск 20-х - 30-х,5330,"Вид из окна дома по Колыванской,3",624,16
52,Новосибирск 20-х - 30-х,8336,"Бывшее общежитие ФАШ на Мичурина, 23 (ныне № 17)",758,24
52,Новосибирск 20-х - 30-х,3623,"В 30-е чайная на Красном проспекте, 26",993,16
52,Новосибирск 20-х - 30-х,8276,1936 на ул. Аэропорт 2/3 к.1,0,0
52,Новосибирск 20-х - 30-х,8248,Любопытный документ.,348,1
52,Новосибирск 20-х - 30-х,2311,"Жилой дом на Чаплыгина, 35",755,9
52,Новосибирск 20-х - 30-х,5022,Урало-Кузбасская спартакиада.,898,21
52,Новосибирск 20-х - 30-х,8057,Автомастерские Сибавтопромторга (ул. Щетинкина),410,3
52,Новосибирск 20-х - 30-х,7915,"Загадочное здание по улице Максима Горького, 52",0,0
52,Новосибирск 20-х - 30-х,7983,"Пожарная часть, Сибирская, 52.",718,33
52,Новосибирск 20-х - 30-х,7912,"Дуси Ковальчук, 179б, ок. 1933г",641,12
52,Новосибирск 20-х - 30-х,7841,Вопрос - Где?,319,4
52,Новосибирск 20-х - 30-х,5320,Собаки в интерьере города,1333,44
52,Новосибирск 20-х - 30-х,2928,"Жилой дом ЖАКТа ""Рабочая пятилетка"" (ул. Каменская, 18)",1282,33
52,Новосибирск 20-х - 30-х,371,Храм в честь Успения Пресвятой Богородицы (Селезнёва 46),2195,42
52,Новосибирск 20-х - 30-х,5077,Дом промышленности в Новосибирске.,1439,44
52,Новосибирск 20-х - 30-х,2823,"Магазин ""Новосибторгин"" (рядом с аптекой на Красном пр. 15/1)",651,13
52,Новосибирск 20-х - 30-х,1243,"ул.Омская, 89.",773,12
52,Новосибирск 20-х - 30-х,2016,"Универмаг ""Детский мир"" в здании Сибкрайсоюза",712,6
52,Новосибирск 20-х - 30-х,2687,Флагштоки на пл. Сталина,531,7
52,Новосибирск 20-х - 30-х,2206,"Домик (ул. Фабричная, 23)",575,6
52,Новосибирск 20-х - 30-х,6402,"Открытие клуба ""Транспортник"" в 9-ю годовщину Октября.",461,13
52,Новосибирск 20-х - 30-х,6757,1932. Здесь будет улица Котовского,544,5
52,Новосибирск 20-х - 30-х,6423,"ул. Ядринцевская, 73, корп.1. (1927г.)",1548,53
52,Новосибирск 20-х - 30-х,6409,"Планировка города, 1934",682,20
52,Новосибирск 20-х - 30-х,6362,Оркестр СибКрайДетКомиссии,349,6
52,Новосибирск 20-х - 30-х,6359,"ул. Республиканская, 9",677,12
52,Новосибирск 20-х - 30-х,5794,Строительство Госбанка. 1930 г.,503,6
52,Новосибирск 20-х - 30-х,6311,"Памятник Ленину у Дворца труда (Водник) Щетинкина, 33",0,0
52,Новосибирск 20-х - 30-х,6308,"Сельхозтехникум, слушатели.",337,8
52,Новосибирск 20-х - 30-х,5790,Прооцесс индентификации,718,12
52,Новосибирск 20-х - 30-х,5947,4-й тираж II гос. крестьянского выигрышного займа в Новосибирске 1926г,438,16
52,Новосибирск 20-х - 30-х,5444,На крыше Дома соцземледелия,945,22
52,Новосибирск 20-х - 30-х,6130,Каркасные дома ЗГО,448,7
52,Новосибирск 20-х - 30-х,548,Красный  проспект,701,5
52,Новосибирск 20-х - 30-х,6109,Дом-коммуна Гордеева на Межениновской,436,9
52,Новосибирск 20-х - 30-х,468,"Дом  жилкооператива ""Химик""",851,6
52,Новосибирск 20-х - 30-х,6102,"Шорная артель ""Красный шорник"". Кузнецкая, 24",447,9
52,Новосибирск 20-х - 30-х,3239,Торговля в 1928 году,850,12
52,Новосибирск 20-х - 30-х,5923,Митинг на Сибмашстрое. 1937 год.,465,20
52,Новосибирск 20-х - 30-х,4651,Помогите привязать фото,1728,41
52,Новосибирск 20-х - 30-х,5740,Угол Кузнецкой и Советской. 1927 год.,860,27
52,Новосибирск 20-х - 30-х,4920,Встреча весны на углу Советской и Сталина.,407,11
52,Новосибирск 20-х - 30-х,5709,Фрагмент (Швейная фабрика),277,3
52,Новосибирск 20-х - 30-х,977,СИБУЛОН / Сиблаг,4280,41
52,Новосибирск 20-х - 30-х,5638,Шествие в честь Второй годовщины Сталинской конституции (05.12.1938),0,0
52,Новосибирск 20-х - 30-х,5614,"На перекрестке (проспект Сталина, 1935 г.)",329,5
52,Новосибирск 20-х - 30-х,5580,"Строительство дома Колыванская, 6.",514,14
52,Новосибирск 20-х - 30-х,5579,Строительство конторы Госэлектросиндиката. 1928-1929 гг.,537,13
52,Новосибирск 20-х - 30-х,5551,Отряд детоприемника № 2 перед выходом на Мюдовскую демонстрацию,490,8
52,Новосибирск 20-х - 30-х,3602,I краевая конференция по пионерской работе. 1931 год,330,4
52,Новосибирск 20-х - 30-х,4592,Сибкрайсоюз. Строительство.,782,29
52,Новосибирск 20-х - 30-х,2919,Каркасные дома на ст. Инской,721,8
52,Новосибирск 20-х - 30-х,5383,Дачи ЗапСибкрайисполкома.,617,14
52,Новосибирск 20-х - 30-х,2940,"Стоквартирный дом ПП ОГПУ (Серебренниковская, 16)",755,8
52,Новосибирск 20-х - 30-х,5256,Скульптуры на Доме госучреждений,373,10
52,Новосибирск 20-х - 30-х,3975,Институт сооружений,1265,42
52,Новосибирск 20-х - 30-х,5122,"Лыжная эстафета Хабаровск-Москва. Новосибирск, 18.02.1930 г.",408,7
52,Новосибирск 20-х - 30-х,4042,Молочный завод «Новосибирский». Вид из окна столовой.,490,4
52,Новосибирск 20-х - 30-х,2916,"Жилой дом ЖАКТ СибВО (ул. Советская, 44)",1552,9
52,Новосибирск 20-х - 30-х,2675,Вид на жилой дом-комбинат НКВД со стороны ул. Свердлова в 1936 году,971,8
52,Новосибирск 20-х - 30-х,2890,Пионеры играют в городки,757,17
52,Новосибирск 20-х - 30-х,3885,"Улица Свердлова (Воронцовская), 30-е годы.",714,13
52,Новосибирск 20-х - 30-х,3435,"Чаплыгина, 97",614,9
52,Новосибирск 20-х - 30-х,4286,"Жилой дом Аэрофлота (ул. Мичурина, 7)",1251,10
52,Новосибирск 20-х - 30-х,4449,"Дом на ул. Советской, 5",587,11
52,Новосибирск 20-х - 30-х,4691,Ломовская дача,1042,2
52,Новосибирск 20-х - 30-х,4626,Хутор Борисова,377,5
52,Новосибирск 20-х - 30-х,4598,Загадочное место на Первомайке,338,1
52,Новосибирск 20-х - 30-х,4505,Лыжная эстафета Рубцовск-Новосибирск в 1936 году,644,23
52,Новосибирск 20-х - 30-х,3883,Проспект Сталина напротив Дворца Труда в 1935-м году,869,12
52,Новосибирск 20-х - 30-х,4460,"Что было в доме до Облсберкассы? (Красный проспект, 46)",1003,8
52,Новосибирск 20-х - 30-х,4448,"Дом, где жил фотокор. Сов.Сибири И.А. Ничипорук (Коммунистическая, 43)",707,13
52,Новосибирск 20-х - 30-х,4298,Вид на перекрёсток Красного проспекта и ул. Коммунистической в 1932г.,1026,18
52,Новосибирск 20-х - 30-х,2528,Жилой дом строительного института (Ленинградская 111),1365,28
52,Новосибирск 20-х - 30-х,2812,"Жилой дом Института сооружений (ул. Чехова, 144)",999,16
52,Новосибирск 20-х - 30-х,3925,Мощение Телеграфной (Кирова),431,5
52,Новосибирск 20-х - 30-х,3911,"Детский сад № 51 (ул. Дениса Давыдова, 20а)",303,1
52,Новосибирск 20-х - 30-х,3844,Улица Каменская в районе Ипподромского рынка. Фото И. Моторина,1240,37
52,Новосибирск 20-х - 30-х,3802,Улица Большевистская в районе Закаменской бани в 1928 году,734,12
52,Новосибирск 20-х - 30-х,3774,Каменные дома соцгорода ЗГО,885,21
52,Новосибирск 20-х - 30-х,3757,"Контора Зап.-Сиб. отделения ""Совкино"" (ул. Колыванская, 10 - ныне 6)",490,4
52,Новосибирск 20-х - 30-х,3748,"Авиастроителей, 2а - Фото конца тридцатых",660,13
52,Новосибирск 20-х - 30-х,2258,Вокзальный райком РКСМ,579,12
52,Новосибирск 20-х - 30-х,3521,"Жилой дом ПП ОГПУ по ЗСК на 42 квартиры (ул. Октябрьская, 45а)",722,8
52,Новосибирск 20-х - 30-х,2525,"Детясли № 4 Сибметаллстроя (ул. Станционная, 36)",554,9
52,Новосибирск 20-х - 30-х,3441,"Жилые дома на ул. Титова (34, 36, 38, 40)",482,5
52,Новосибирск 20-х - 30-х,3222,"Статья из ""Красная нива""",1146,26
52,Новосибирск 20-х - 30-х,1764,"Общежитие (жилой дом) Промбанка (Красный проспект, 10)",827,22
52,Новосибирск 20-х - 30-х,2662,"Жилой дом (ул. Чаплыгина, 39)",570,5
52,Новосибирск 20-х - 30-х,3155,Делегаты I Краевого Сибирского съезда союза безбожников у Дворца Труда,504,4
52,Новосибирск 20-х - 30-х,1135,Борьба с верующими.,1855,36
52,Новосибирск 20-х - 30-х,2976,ВопроS - Строительство нового НИИ,833,22
52,Новосибирск 20-х - 30-х,1276,"Жилой дом РЖСКТ ""Красный Кожевник"" (ул. Ельцовская, 7)",609,19
52,Новосибирск 20-х - 30-х,2949,"Жилой дом ЖАКТ Связи (ул. Трудовая, 14)",546,8
52,Новосибирск 20-х - 30-х,2810,"вопрос, возможно, и простой, но фото интересное - не пропадать же",568,6
52,Новосибирск 20-х - 30-х,2922,"Жилой дом (Красный проспект, 8)",424,5
52,Новосибирск 20-х - 30-х,2887,Жилой дом Запсибкрайсовпрофа (ул. Ленина 20),560,8
52,Новосибирск 20-х - 30-х,1022,"Жилые дома (ул. Советская, 10 и ул. Октябрьская, 33)",1017,31
52,Новосибирск 20-х - 30-х,2824,"Жилой дом ЖАКТ Завода Труд (ул. Большевистская, 22)",482,2
52,Новосибирск 20-х - 30-х,2750,"Жилой дом по ул. Каменская, 86 (ЖАКТ Мылзавода)",426,5
52,Новосибирск 20-х - 30-х,2742,"Жилые дома по Демьяна Бедного, 58, и Ольги Жилиной, 108",623,7
52,Новосибирск 20-х - 30-х,2637,"Вид со СК ""Динамо"" на ул. Коммунистическую",787,15
52,Новосибирск 20-х - 30-х,2526,Сибкомбайн,0,0
52,Новосибирск 20-х - 30-х,2517,"Здание заводоуправления (ул. Ползунова, 15, корп.1)",0,0
52,Новосибирск 20-х - 30-х,2424,"Медицинский институт (Красный пр-т, 52)",0,0
52,Новосибирск 20-х - 30-х,2419,"Жилой дом (ул. Большевистская, 105)",461,8
52,Новосибирск 20-х - 30-х,2367,Дамба через 1-ю Ельцовку,598,6
52,Новосибирск 20-х - 30-х,2242,Кишечный завод,0,0
52,Новосибирск 20-х - 30-х,1327,Завод им. Чкалова В.П.,0,0
52,Новосибирск 20-х - 30-х,990,Фабрика им.ЦК Швейников-Синар,0,0
52,Новосибирск 20-х - 30-х,2201,"Молочная фабрика - Новосибирский молкомбинат (ул. Октябрьская, 13)",0,0
52,Новосибирск 20-х - 30-х,1175,ТЭЦ-1,0,0
52,Новосибирск 20-х - 30-х,2119,Водонасосная станция (НФС-1),1201,23
52,Новосибирск 20-х - 30-х,501,"Красный проспект,42",641,4
52,Новосибирск 20-х - 30-х,134,"ДК ""Транспортник"" - Клуб железнодорожников (ул. Дмитрия Шамшурина, 39)",0,0
52,Новосибирск 20-х - 30-х,1789,Перекрёсток Трудовой и Урицкого,1014,24
52,Новосибирск 20-х - 30-х,1258,Перестройка Дома Госучреждений.,1273,40
52,Новосибирск 20-х - 30-х,1873,башенки?,475,8
52,Новосибирск 20-х - 30-х,1821,Фонтан жилого комбината Кузбассуголь.,0,0
52,Новосибирск 20-х - 30-х,1219,"Детский сад. ул. Большевистская, 137",747,15
52,Новосибирск 20-х - 30-х,1170,1928 г,1478,34
52,Новосибирск 20-х - 30-х,126,"Спортивный клуб ""Динамо"" им. В. Р. Менжинского (Коммунистическая, 60)",0,0
52,Новосибирск 20-х - 30-х,1705,Котельная квартала Кузбассуголь.,556,8
52,Новосибирск 20-х - 30-х,1675,гостиница,350,6
52,Новосибирск 20-х - 30-х,953,Мостовая ( 1-й пер. Пархоменко),765,12
52,Новосибирск 20-х - 30-х,1434,Цирк шапито,0,0
52,Новосибирск 20-х - 30-х,1501,"Хлебозавод № 1 (ул.Фабричная,35)",0,0
52,Новосибирск 20-х - 30-х,1502,Трудовая 9,519,2
52,Новосибирск 20-х - 30-х,1463,Фонтан в сквере у Госбанка.,0,0
52,Новосибирск 20-х - 30-х,1400,Раскопки Чертова городища. 1930 год,1195,29
52,Новосибирск 20-х - 30-х,492,"Территория ""Приборостроительного завода им. Ленина""",0,0
52,Новосибирск 20-х - 30-х,1275,"завод ""Станкосиб""",0,0
52,Новосибирск 20-х - 30-х,409,Жиркомбинат,0,0
52,Новосибирск 20-х - 30-х,1281,Запсибдеткомиссия,0,0
52,Новосибирск 20-х - 30-х,1250,"Опытный завод "" Эталон""",0,0
52,Новосибирск 20-х - 30-х,1212,Комсомольский проспект 4.,415,2
52,Новосибирск 20-х - 30-х,874,"Дом мелькомбината на Большевистской, 141",568,3
52,Новосибирск 20-х - 30-х,547,"ул. Кабинетская (ул.Советская) - вид на ""Союзхлеб"" и ""Печатник""",629,5
53,Новосибирск 40-х - 50-х,17798,В Новосибирск были эвакуированы....,305,11
53,Новосибирск 40-х - 50-х,15679,ОбьГЭС. Рождение парапета 1958. (Набережная),724,12
53,Новосибирск 40-х - 50-х,3581,Строительство Новосибирской ГЭС,1977,45
53,Новосибирск 40-х - 50-х,676,"Жилой дом СибВО - ""Генеральский дом"" (Красный проспект 62)",2678,37
53,Новосибирск 40-х - 50-х,373,Академгородок,10908,265
53,Новосибирск 40-х - 50-х,17865,Академгородок. Снимок Ахмерова из газеты. м.б. ул.Крейсерская,159,12
53,Новосибирск 40-х - 50-х,17576,"Рубиновая 7А (снесён, магазин ""Эйдос""-""Фасоль"") и окрестности",2266,117
53,Новосибирск 40-х - 50-х,12373,"Водно-спортивная станция ""Водник.""",479,12
53,Новосибирск 40-х - 50-х,545,Ул.Орджоникидзе (Семипалатинская),4747,67
53,Новосибирск 40-х - 50-х,8795,"НИИТО им. Я.Л. Цивьяна (ул. Фрунзе, 17)",897,23
53,Новосибирск 40-х - 50-х,470,Улица Вокзальная (ул. Станиславского),5803,66
53,Новосибирск 40-х - 50-х,17791,24 июня 1941   в Новосибирске вышел первый выпуск «Окон ТАСС»,58,2
53,Новосибирск 40-х - 50-х,17726,"Новосибирск в объективе фотокорреспондента Якова Берлинера, 1954 г.",187,4
53,Новосибирск 40-х - 50-х,8434,Угол Серебренниковской и Коммунистической 50-55 год,642,13
53,Новосибирск 40-х - 50-х,17710,"Улица Порядковая, 9",177,6
53,Новосибирск 40-х - 50-х,14847,Перекрёсток 25 лет Октября и улицы Авиастроителей.,924,15
53,Новосибирск 40-х - 50-х,17697,"Где, нумерация домов?",81,2
53,Новосибирск 40-х - 50-х,9230,"Строительство микрорайона ""Щ"" (Академгородок)",1927,30
53,Новосибирск 40-х - 50-х,17674,Первая за Уралом аэродинамическая труба.,131,4
53,Новосибирск 40-х - 50-х,3375,"Дом на ул. Станиславского, 10",1206,27
53,Новосибирск 40-х - 50-х,10976,Строительство нового железнодорожного моста через реку Бердь.,2286,33
53,Новосибирск 40-х - 50-х,8982,"Детский сад № 8 (ныне 163) на ул. Омской, 92",588,9
53,Новосибирск 40-х - 50-х,5554,Строительство новосибирских шлюзов.,1420,29
53,Новосибирск 40-х - 50-х,17578,"Во дворе дома по ул.Пархоменко, 10.",248,5
53,Новосибирск 40-х - 50-х,13188,"Здание  ГКБ № 12 на ул. Донская, 6, 7",461,11
53,Новосибирск 40-х - 50-х,11889,Улица Нарымская,1199,38
53,Новосибирск 40-х - 50-х,12980,Столовая завода Тяжстанкогидропресс.,1037,22
53,Новосибирск 40-х - 50-х,9851,Первое здание НГУ в Академгородке,1361,25
53,Новосибирск 40-х - 50-х,14511,У школы 11. Энгельса 60,501,11
53,Новосибирск 40-х - 50-х,11480,Улица Сузунская (Восход),1685,28
53,Новосибирск 40-х - 50-х,17495,Перекрёсток улиц Богдана Хмельницкого и 25 лет Октября.,151,2
53,Новосибирск 40-х - 50-х,2444,"Каинская, 8Б",1630,53
53,Новосибирск 40-х - 50-х,4787,"Красный проспект, автотраффик",772,11
53,Новосибирск 40-х - 50-х,17455,Это где?,160,3
53,Новосибирск 40-х - 50-х,17448,Двухэтажные дома на месте  ул. Чемская № 16.,261,6
53,Новосибирск 40-х - 50-х,17382,"Жилой дом Сибтранспроекта. Советская 20, 22",332,4
53,Новосибирск 40-х - 50-х,11677,Сибиряков-Гвардейцев 32 и 30.,629,20
53,Новосибирск 40-х - 50-х,4931,Красный проспект 33,3539,74
53,Новосибирск 40-х - 50-х,11618,Жилой посёлок завода строительных машин,1612,34
53,Новосибирск 40-х - 50-х,4475,Школа (курсы) киномехаников в Новосибирске,2780,41
53,Новосибирск 40-х - 50-х,10879,"Семьи Шамшиных 40, корпус 5. ГИКБ № 1, бывшая № 4.",1313,24
53,Новосибирск 40-х - 50-х,1043,улица Костычева (Мусоргского) 4 и 8,1202,34
53,Новосибирск 40-х - 50-х,10248,"На перроне вокзала. Журнал LIFE, 1946-й год.",576,6
53,Новосибирск 40-х - 50-х,17255,"2-я Ольховская № 1,3,9,11.",491,14
53,Новосибирск 40-х - 50-х,17254,Сборно-щитовые дома завода Чкалова на ул. Олеко Дундича,271,8
53,Новосибирск 40-х - 50-х,17246,На строительстве Бурденко № 19.,174,3
53,Новосибирск 40-х - 50-х,17226,Станиславского № 12.,643,19
53,Новосибирск 40-х - 50-х,17235,Станиславского № 10 и 12.,263,6
53,Новосибирск 40-х - 50-х,17232,Жилые дома обувной ф-ки по ул. Дуси Ковальчук. До 1951г.,494,13
53,Новосибирск 40-х - 50-х,16353,"Бани-прачечная и котельная, завода п/я № 87 (Оловокомбинат)",570,11
53,Новосибирск 40-х - 50-х,11104,"Красный проспект,159, 161",363,9
53,Новосибирск 40-х - 50-х,17229,Бурденко № 25.,209,5
53,Новосибирск 40-х - 50-х,13018,Вид с телебашни,689,15
53,Новосибирск 40-х - 50-х,17176,Улица Народная,426,11
53,Новосибирск 40-х - 50-х,1589,"ул. Дуси Ковальчук, 179а",1041,13
53,Новосибирск 40-х - 50-х,17129,вопрос для затравки,258,4
53,Новосибирск 40-х - 50-х,16558,Детский санаторий. Город Бердск.,1061,16
53,Новосибирск 40-х - 50-х,17121,"Панорама строительства Академгородка. Проспект Лаврентьева, Терешковой",146,3
53,Новосибирск 40-х - 50-х,12281,Аксёнова 25.,373,8
53,Новосибирск 40-х - 50-х,17028,"Завод где, какой?",447,8
53,Новосибирск 40-х - 50-х,17063,Выгрузочная контора лесозавода № 1-2.,198,3
53,Новосибирск 40-х - 50-х,2582,"Дом по ул. Котовского, 17 (ул. Дружбы, 2)",1942,61
53,Новосибирск 40-х - 50-х,16846,"Первый палаточный пионерлагерь Академгородка на БШ, 1959г.",270,7
53,Новосибирск 40-х - 50-х,17024,Где то на Журинской.,180,2
53,Новосибирск 40-х - 50-х,403,Книжный магазин № 13 на площади Калинина.,1293,16
53,Новосибирск 40-х - 50-х,9294,"Авиастроителей 3 Авиастроителей, 2 (Жданова)",529,5
53,Новосибирск 40-х - 50-х,16988,Первомайская демонстрация СО АН. 1959г. Угол Мичурина и Орджоникидзе?,391,11
53,Новосибирск 40-х - 50-х,16979,"Во дворе дома, Красный проспект № 33",503,11
53,Новосибирск 40-х - 50-х,16984,Фабричная № 19а,242,5
53,Новосибирск 40-х - 50-х,1801,Детские учреждения соцгорода завода Чкалова (25 лет Октября 6а и 6Б),2199,52
53,Новосибирск 40-х - 50-х,9295,Авиастроителей (Жданова) № 8,430,6
53,Новосибирск 40-х - 50-х,16946,Фото у окон спортзала Авиационного техникума.,638,11
53,Новосибирск 40-х - 50-х,1132,"Жилой дом (Красный проспект, 175)",1983,30
53,Новосибирск 40-х - 50-х,16978,"Сибиряков - Гвардейцев № 13,17,19,21",242,6
53,Новосибирск 40-х - 50-х,16887,Где то на Красном проспекте!,310,4
53,Новосибирск 40-х - 50-х,16965,Двухэтажная застройка на улице Олеко Дундича.,252,5
53,Новосибирск 40-х - 50-х,5684,"Станиславского, 2",1220,35
53,Новосибирск 40-х - 50-х,8894,"Закусочная Автомат на Красном проспекте, 31",2089,44
53,Новосибирск 40-х - 50-х,16937,Установка столбов на площади Сталина для троллейбусной линии.,253,3
53,Новосибирск 40-х - 50-х,16928,Уборка снега на на площади Сталина.,377,9
53,Новосибирск 40-х - 50-х,16868,Мира 28. (булочная) Перекрёсток Мира - Горбаня).,317,7
53,Новосибирск 40-х - 50-х,16869,"Где эта улица, где этот дом?",322,5
53,Новосибирск 40-х - 50-х,15802,"Красивое здание общежития радиозавода (Декабристов, 99)",348,6
53,Новосибирск 40-х - 50-х,16830,Сибиряков-Гвардейцев 34.,232,3
53,Новосибирск 40-х - 50-х,8053,Строительство здания по ул. Депутатская 38 1957 год,1480,29
53,Новосибирск 40-х - 50-х,16811,3 сентября 1945 митинг в честь победы над милитаристской Японией,214,4
53,Новосибирск 40-х - 50-х,16722,"У геологоразведочного техникума (Совнархоза), ~ 1955 г.",731,13
53,Новосибирск 40-х - 50-х,10164,"Красный проспект. Дом ""Аэрофлота"", Облсберкасса.",983,11
53,Новосибирск 40-х - 50-х,16712,"ул.Терешковой, 24 и 28",213,5
53,Новосибирск 40-х - 50-х,16640,Шествие у станции Кривощёково,369,4
53,Новосибирск 40-х - 50-х,15956,Фото Ахмерова и Пермякова на Детском проезде,487,13
53,Новосибирск 40-х - 50-х,16578,Торжественное открытие НГУ в Новосибирском театре оперы и балета,316,4
53,Новосибирск 40-х - 50-х,14880,Первые дома на ул. Иванова,901,24
53,Новосибирск 40-х - 50-х,12447,Котовского 15 и 13.,457,7
53,Новосибирск 40-х - 50-х,16555,Улица Воинская. 1950-е.,639,20
53,Новосибирск 40-х - 50-х,16546,"Строится дом пр-кт Строителей, 9",253,5
53,Новосибирск 40-х - 50-х,16516,Погрузка камня для перекрытия Оби,415,10
53,Новосибирск 40-х - 50-х,16493,Книжный магазин № 3 (Сталина 4-Ленина 17),1007,34
53,Новосибирск 40-х - 50-х,16488,"Проспект К.Маркса, 24.",491,5
53,Новосибирск 40-х - 50-х,16479,Дом Державина 7-Мичурина 19.,309,4
53,Новосибирск 40-х - 50-х,13966,Правые чемы. Бетонный завод. 1954 г.,550,7
53,Новосибирск 40-х - 50-х,16460,Угол Красного проспекта и улицы Ядринцевской.,272,4
53,Новосибирск 40-х - 50-х,572,Ул. Ленина 18,2465,33
53,Новосибирск 40-х - 50-х,16435,Пробежка спортсменов-студентов у сквера НИИВТа. 1958 г,452,14
53,Новосибирск 40-х - 50-х,15291,"Улица Державина, д.№ 5.",591,7
53,Новосибирск 40-х - 50-х,230,"Здание Совнархоза (Красный проспект, 82)",7533,73
53,Новосибирск 40-х - 50-х,356,"Дом под строкой (""Пентагон"") - Красный проспект, 30",15778,122
53,Новосибирск 40-х - 50-х,16407,"Улица 40 лет Комсомола, 3.",201,7
53,Новосибирск 40-х - 50-х,1320,"Тургенева, 155 - НИИГАиК - НПО Восток",3953,62
53,Новосибирск 40-х - 50-х,16311,Большая Нахаловка.,628,15
53,Новосибирск 40-х - 50-х,16103,7 ноября 1947-го на месте будущего Монумента славы,395,7
53,Новосибирск 40-х - 50-х,16268,"ул. Левый Берег Каменки, д. 1478",304,3
53,Новосибирск 40-х - 50-х,929,"ул.Крылова, 3",1016,33
53,Новосибирск 40-х - 50-х,16231,"Автокран, самосвал и грейдер на перекрестке Лаврентьева и Коптюга",256,3
53,Новосибирск 40-х - 50-х,12539,Строительство Октябрьского (Коммунального) моста.,1429,17
53,Новосибирск 40-х - 50-х,9078,Улица Портовая. (Затон),3870,99
53,Новосибирск 40-х - 50-х,3583,"Жилой дом по ул. Станиславского, 7",1520,19
53,Новосибирск 40-х - 50-х,15808,"Ул. Ленинградская, дом № 347.",576,10
53,Новосибирск 40-х - 50-х,15944,О чем идет речь?,578,20
53,Новосибирск 40-х - 50-х,2836,Нахаловка малая (Порт-Артур),3778,46
53,Новосибирск 40-х - 50-х,15928,Где сделан снимок?,460,5
53,Новосибирск 40-х - 50-х,15915,"Бурденко № 4,6,8.",428,8
53,Новосибирск 40-х - 50-х,15853,Народная № 65. (Общежитие № 2 НЗХК),543,7
53,Новосибирск 40-х - 50-х,15471,Студенты НЭТИ на стройке НЭТИ. Лето 1956,599,13
53,Новосибирск 40-х - 50-х,15865,Фабричная № 8 (общежитие пединститута),369,5
53,Новосибирск 40-х - 50-х,15863,"Богдана Хмельницкого № 39,41,43.",463,5
53,Новосибирск 40-х - 50-х,15846,Вопрос - место  квартал?,760,19
53,Новосибирск 40-х - 50-х,15764,Красный проспект 33 (во дворе) Потанинская 6,774,13
53,Новосибирск 40-х - 50-х,15837,"Автобус, Авиастроителей № 11.",527,11
53,Новосибирск 40-х - 50-х,15838,"Трамвай, улица Большевистская № 26",381,4
53,Новосибирск 40-х - 50-х,15800,Строительство Орджоникидзе 37,376,4
53,Новосибирск 40-х - 50-х,15793,Бурденко № 6.,639,8
53,Новосибирск 40-х - 50-х,15778,"Эпизод городского воскресника на Коммунистической, 41",209,2
53,Новосибирск 40-х - 50-х,15752,"Восточный посёлок, 18а, Станционная, 8 (Еврейский магазин)",392,3
53,Новосибирск 40-х - 50-х,9229,Во дворе дома по ул. Урицкого 37,1492,41
53,Новосибирск 40-х - 50-х,15591,"Станиславского № 4,2",1153,32
53,Новосибирск 40-х - 50-х,13288,Сквер радиозавода (Электросигнал),856,18
53,Новосибирск 40-х - 50-х,8523,Красный проспект  64,977,18
53,Новосибирск 40-х - 50-х,1229,"ул. Станиславского, 4.",6374,102
53,Новосибирск 40-х - 50-х,15702,"Дргомыжского № 1, Залесского № 12,14.",514,7
53,Новосибирск 40-х - 50-х,8846,Магазин на Аникина 23,777,7
53,Новосибирск 40-х - 50-х,15630,"Урицкого № 39,37,35.",629,13
53,Новосибирск 40-х - 50-х,15633,Красная трансформаторная подстанция больничного городка ОбьГЭС,344,4
53,Новосибирск 40-х - 50-х,13811,"На улице Крылова, у дома № 12.",932,23
53,Новосибирск 40-х - 50-х,15607,Вид на двухэтажку на ул. Орджоникидзе в 1951 г,348,7
53,Новосибирск 40-х - 50-х,15598,Аэропорт № 6.,264,4
53,Новосибирск 40-х - 50-х,15572,"Римского Корсакова, 22,20 (1951 год)",265,5
53,Новосибирск 40-х - 50-х,4867,"Жилой дом Вокзальная магистраль, 2 (бывш. № 1)",6734,89
53,Новосибирск 40-х - 50-х,15553,"Потанинская, 5.",418,7
53,Новосибирск 40-х - 50-х,1885,Котельная (каланча) на Менделеева 13а.,1149,23
53,Новосибирск 40-х - 50-х,15545,Асфальтирование  у новой девятиэтажки на Красном проспекте,370,8
53,Новосибирск 40-х - 50-х,15539,кто и когда?,321,6
53,Новосибирск 40-х - 50-х,15503,Жилые дома карбидно-газового завода на ул. Воинская,953,20
53,Новосибирск 40-х - 50-х,15507,"Жилой дом Томской ж.д. в Кагановическом районе - Железнодорожная, 3а",397,7
53,Новосибирск 40-х - 50-х,2676,"Жилой дом (ул. Октябрьская, 16а)",1140,20
53,Новосибирск 40-х - 50-х,1580,Пленные немцы (лагерь военнопленных МВД СССР № 199 г.Новосибирска),9039,65
53,Новосибирск 40-х - 50-х,11303,Панорама. Будущая развязка у Димитровского моста.,677,11
53,Новосибирск 40-х - 50-х,15441,Транспарант на ДК имени Калинина,585,14
53,Новосибирск 40-х - 50-х,15408,На улице большого города.,397,7
53,Новосибирск 40-х - 50-х,15415,Ленинский субботник.,193,2
53,Новосибирск 40-х - 50-х,15410,"Дворик Красного проспекта, 64.",304,6
53,Новосибирск 40-х - 50-х,15381,Первое сентября у школы № 49.,583,11
53,Новосибирск 40-х - 50-х,15367,Красный проспект. Лавочка на аллее напротив ВПШ.,210,3
53,Новосибирск 40-х - 50-х,14466,"Во дворе Ленина,15.",761,16
53,Новосибирск 40-х - 50-х,12367,"Строительство дома Ленина, 13",548,10
53,Новосибирск 40-х - 50-х,15333,"На площади, что при вокзале.",815,15
53,Новосибирск 40-х - 50-х,8671,Во дворе Серебренниковской 20(16) 1949 год,688,9
53,Новосибирск 40-х - 50-х,15332,7 ноября 1957-го в Центре,319,6
53,Новосибирск 40-х - 50-х,5407,"Необычный дом - Комсомольский проспект, 7",1296,32
53,Новосибирск 40-х - 50-х,15326,Как проехать без билета на троллебусе?,394,6
53,Новосибирск 40-х - 50-х,14612,"Деревянное здание на ул. Героев Труда, д. 19",686,5
53,Новосибирск 40-х - 50-х,8178,Деревянный дом угол Фрунзе и Красного проспекта.,1080,21
53,Новосибирск 40-х - 50-х,15289,"Ворота  на въезде во двор ""Генеральского дома"".",304,3
53,Новосибирск 40-х - 50-х,2269,Жилые дома на ул. Воскова,896,25
53,Новосибирск 40-х - 50-х,15239,Шествие 1-е мая 1959-го,361,9
53,Новосибирск 40-х - 50-х,15219,Нужна информация.,292,4
53,Новосибирск 40-х - 50-х,15207,"На переходном мосту через Ельцовку, год 1957-й",614,13
53,Новосибирск 40-х - 50-х,15209,"Красный проспект 161 и 163, год 1957-й.",394,6
53,Новосибирск 40-х - 50-х,10536,Строительство Морской проспект 38.,559,15
53,Новосибирск 40-х - 50-х,13451,"В большом зале ресторана ""Центральный"".",756,9
53,Новосибирск 40-х - 50-х,6044,Здание картографической фабрики до реконструкции,2053,46
53,Новосибирск 40-х - 50-х,6430,"Вид на кинотеатр ""Пионер"" из Первомайского сквера 1950-е",793,12
53,Новосибирск 40-х - 50-х,3764,Улица Римского-Корсакова,1957,49
53,Новосибирск 40-х - 50-х,15006,"Морской проспект 10, 18, 20 на фото 1959г",248,3
53,Новосибирск 40-х - 50-х,13360,"Бани № 3. Беловежская, 10/1.",406,4
53,Новосибирск 40-х - 50-х,14959,Лагеря на Западном ж/м,539,6
53,Новосибирск 40-х - 50-х,14937,Свердлова № 21.,392,5
53,Новосибирск 40-х - 50-х,14948,Здание ЦС БС СО АН на Жуковского,215,3
53,Новосибирск 40-х - 50-х,1720,"Дом Свердлова, 21",1404,32
53,Новосибирск 40-х - 50-х,14236,Авиастроителей (Жданова) № 8 и 6 (1948 год),622,6
53,Новосибирск 40-х - 50-х,14902,Богдана Хмельницкого 54.,415,7
53,Новосибирск 40-х - 50-х,12532,Жилые дома в 4-м переулке Римского-Корсакова,863,14
53,Новосибирск 40-х - 50-х,14845,В каком парке?,559,10
53,Новосибирск 40-х - 50-х,3856,"Магазин № 1 (Круглый-Теремок) на Марии Ульяновой, 7",1257,13
53,Новосибирск 40-х - 50-х,3906,"Саввы Кожевникова, 39",733,11
53,Новосибирск 40-х - 50-х,14805,Поселок РМЗ. ул. 1-я Механическая приятно удивила работой управляшки.,607,10
53,Новосибирск 40-х - 50-х,11270,Вид из окна дома Обская № 121 на улицу Обская и начало Грибоедова,540,13
53,Новосибирск 40-х - 50-х,13615,Вопрос. Где?,344,2
53,Новосибирск 40-х - 50-х,596,"Детдом ""Сиблага"" на Каменском шоссе (пр. Дзержинского 34)",2537,42
53,Новосибирск 40-х - 50-х,14789,"Возле дома № 18,напртив дом № 19.",208,1
53,Новосибирск 40-х - 50-х,13837,Строительство Большевистская 16(фото из окна Обская 121),719,10
53,Новосибирск 40-х - 50-х,14753,Ученики возле школы № 29 (Октябрьская 89а),287,5
53,Новосибирск 40-х - 50-х,1999,"Красный проспект, 157",3160,85
53,Новосибирск 40-х - 50-х,14716,Проспект Дзержинского 3а.,361,3
53,Новосибирск 40-х - 50-х,12000,"Дом на улице Крылова,5/Красный проспект, 59",1007,23
53,Новосибирск 40-х - 50-х,14704,Авиастроителей № 3.,279,3
53,Новосибирск 40-х - 50-х,14694,Узнаем где?,269,1
53,Новосибирск 40-х - 50-х,14688,На улице Мира.,332,3
53,Новосибирск 40-х - 50-х,14524,Кварталы Октябрьского района в 1950-х,1217,23
53,Новосибирск 40-х - 50-х,14611,Вопрос - улица,643,8
53,Новосибирск 40-х - 50-х,14661,Во дворе некоего учреждения!,468,9
53,Новосибирск 40-х - 50-х,14643,Начальная школа пос. РМЗ,306,2
53,Новосибирск 40-х - 50-х,14567,Улица?,550,8
53,Новосибирск 40-х - 50-х,14579,Забалуева 50,445,11
53,Новосибирск 40-х - 50-х,1732,"Жилой дом Крылова, 7 | Красный проспект, 66",1293,14
53,Новосибирск 40-х - 50-х,14561,"Улица Журинская и Красный проспект, 43",715,10
53,Новосибирск 40-х - 50-х,1020,Посёлок строителей ГЭС,1581,32
53,Новосибирск 40-х - 50-х,11467,"Улица Трамвайная, с 23 октября 1963-го - улица Титова",698,12
53,Новосибирск 40-х - 50-х,14534,Вид на ул. Богдана Хмельницкого в 1954 году,533,9
53,Новосибирск 40-х - 50-х,14514,"Вид от лодочной станции ""Чайка""",756,14
53,Новосибирск 40-х - 50-х,14505,Детсад на Лесозаводе № 1-2,489,14
53,Новосибирск 40-х - 50-х,14506,На Красном проспекте у школы № 42.,299,7
53,Новосибирск 40-х - 50-х,14495,Где,611,10
53,Новосибирск 40-х - 50-х,6352,Вид на перекрёсток Красного пр. и ул. Северная,1380,29
53,Новосибирск 40-х - 50-х,14476,Гидростроителей 6,308,3
53,Новосибирск 40-х - 50-х,14412,Мост через Бердь неизвестно где.,972,22
53,Новосибирск 40-х - 50-х,1722,"Красный проспект, 74-76",805,5
53,Новосибирск 40-х - 50-х,5591,Комсомольский пр. 1,1146,30
53,Новосибирск 40-х - 50-х,14399,"Жилые дома завода им. Ленина, 1940/1950-е... Где???",400,4
53,Новосибирск 40-х - 50-х,14366,Строительство дома № 26а по ул. Лазарева.,502,11
53,Новосибирск 40-х - 50-х,14361,"Начало ул. Журинской. Стр-во пр. Димитрова 18 , Фрунзе 3 (1958)",828,12
53,Новосибирск 40-х - 50-х,14340,"Школа № 76.  Улица Большевистская, 32.",365,3
53,Новосибирск 40-х - 50-х,14326,"Панорамка из окна дома по ул. Чаплыгина, 48.",477,4
53,Новосибирск 40-х - 50-х,14090,Улица Российская.,626,6
53,Новосибирск 40-х - 50-х,14314,Ювелирторг,370,11
53,Новосибирск 40-х - 50-х,14075,Улица 40 лет Комсомола (Победы).,736,11
53,Новосибирск 40-х - 50-х,14292,Что и где?,279,3
53,Новосибирск 40-х - 50-х,14165,"Вопрос- кто, когда, где?",440,3
53,Новосибирск 40-х - 50-х,14188,Новосибирская дезинфекционная станция.,798,18
53,Новосибирск 40-х - 50-х,3289,Триумфальная арка в честь XXX-летия Великого Октября на ул.Станционная,3012,53
53,Новосибирск 40-х - 50-х,11109,Улица Жданова (Авиастроителей) в 1960 году,798,8
53,Новосибирск 40-х - 50-х,12413,Здание на Урицкого 12,770,32
53,Новосибирск 40-х - 50-х,14081,Дом в жилом поселке завода им. Ефремова. 1953 год,324,7
53,Новосибирск 40-х - 50-х,14067,Аэропорт. Конечная остановка.,356,7
53,Новосибирск 40-х - 50-х,9836,"1952 год Автобус ""ЗИС-155""",899,21
53,Новосибирск 40-х - 50-х,14057,Новые дома на улице Мира. 1953 год,263,4
53,Новосибирск 40-х - 50-х,14056,"Строительство дома на Вокзальной магистрали, 2",184,3
53,Новосибирск 40-х - 50-х,14022,Митинг в депо в честь награждения машиниста Н.А.Лунина,350,7
53,Новосибирск 40-х - 50-х,14019,Прошу помощи - определить по фото,543,13
53,Новосибирск 40-х - 50-х,13889,Прошу определить место..,404,4
53,Новосибирск 40-х - 50-х,13901,"Дом на Советской, 26. 1958 год",278,5
53,Новосибирск 40-х - 50-х,13886,21 августа 1943г. Новосибирск стал городом республик. подчинения,186,1
53,Новосибирск 40-х - 50-х,10443,Проспект имени Сталина,2282,44
53,Новосибирск 40-х - 50-х,12505,Ресторан железнодорожного вокзала Новосибирск - Главный.,478,5
53,Новосибирск 40-х - 50-х,13866,Улица 20 партсъезда 9.,431,7
53,Новосибирск 40-х - 50-х,13819,Ул. Серебренниковская от перекрестка с М.Горького. 1 мая 1955 года,329,6
53,Новосибирск 40-х - 50-х,11579,"Детсад № 26 на ул. Декабристов, 24",659,18
53,Новосибирск 40-х - 50-х,11771,Богдана Хмельницкого № 7.,879,21
53,Новосибирск 40-х - 50-х,13790,На берегу Оби у Заельцовского парка,641,14
53,Новосибирск 40-х - 50-х,13787,"Мира № 17,19,23.",276,3
53,Новосибирск 40-х - 50-х,1697,"Жилой дом ""Еврейский магазин"" (ул. Станционная, 8)",3152,65
53,Новосибирск 40-х - 50-х,13740,Семьи Шамшиных 16(со стороны Максима Горького),566,10
53,Новосибирск 40-х - 50-х,12870,Круговая панорама. Вид на восточную часть города.  1956 год.,558,6
53,Новосибирск 40-х - 50-х,13653,"Предположения, где могли купаться люди?",987,20
53,Новосибирск 40-х - 50-х,13733,"Место в 1957 году, где построят ТЦ Зеленые купола",614,13
53,Новосибирск 40-х - 50-х,11587,"Дом слева - Чаплыгина, 48. На заднем плане - Советская, 10",987,20
53,Новосибирск 40-х - 50-х,13723,Краевая доска почёта на площади Сталина.,400,11
53,Новосибирск 40-х - 50-х,13661,Что за дом стоит на семи ветрах?,335,5
53,Новосибирск 40-х - 50-х,3645,Перекрёсток улиц Лобова и Ленинградской,815,13
53,Новосибирск 40-х - 50-х,13580,"Ребятня во дворе дома на ул. Добролюбова, 14а",536,12
53,Новосибирск 40-х - 50-х,13587,Сквер Героев революции. 29 октября 1968 года,423,12
53,Новосибирск 40-х - 50-х,3175,"Двор дома по ул. Дениса Давыдова, 8А. 1957 г.",748,20
53,Новосибирск 40-х - 50-х,12108,"""Фестиваль песни"". июнь 1956",414,9
53,Новосибирск 40-х - 50-х,5016,Перекресток Серебренниковской и Сибревкома,1894,67
53,Новосибирск 40-х - 50-х,13517,Вопрос. Где?,567,16
53,Новосибирск 40-х - 50-х,4198,"Дом Управления теплосетей ""Новосибирскэнерго"" (Серебренниковская, 4)",1624,26
53,Новосибирск 40-х - 50-х,13375,Вид улицы Пермитина в 1957 году со стороны улицы Выставочной.,380,6
53,Новосибирск 40-х - 50-х,1695,"Новая Заря, 1 и 3",1098,21
53,Новосибирск 40-х - 50-х,13379,"Беседка двора дома по улице Крылова, 14",397,11
53,Новосибирск 40-х - 50-х,13357,Не Новосибирск.,490,13
53,Новосибирск 40-х - 50-х,3639,Кварталы Кировского района в 50-х,9133,191
53,Новосибирск 40-х - 50-х,13333,Плановая № 48.,329,5
53,Новосибирск 40-х - 50-х,13308,История 75 кавалерийской дивизии,841,30
53,Новосибирск 40-х - 50-х,13296,Жилые дома на улице Бурденко.,240,3
53,Новосибирск 40-х - 50-х,13265,Где? Когда?,447,13
53,Новосибирск 40-х - 50-х,11801,Улица Саввы Кожевникова,515,11
53,Новосибирск 40-х - 50-х,2443,"Проспект Дзержинского, 1а",1805,33
53,Новосибирск 40-х - 50-х,13200,Коммунистическая 33а (52-53 год),404,4
53,Новосибирск 40-х - 50-х,13149,Что строится?,416,5
53,Новосибирск 40-х - 50-х,13193,Клумба на одной из аллей Первомайского сквера. 1954 год,182,4
53,Новосибирск 40-х - 50-х,13117,1-й областной съезд женщин-стахановцев 1 марта 1943,170,0
53,Новосибирск 40-х - 50-х,13088,"Строительство по проспекту Карла Маркса, 13",456,12
53,Новосибирск 40-х - 50-х,13085,"Улица 20-го партсъезда № 3,5,7,9",395,4
53,Новосибирск 40-х - 50-х,13078,Асфальтирование улицы Трамвайной (Титова) в 1958 году,205,4
53,Новосибирск 40-х - 50-х,13073,На улице Мира. 1958 год,242,4
53,Новосибирск 40-х - 50-х,13069,Бурденко 12. Мира 2-й переулок 6(1949 год.),338,7
53,Новосибирск 40-х - 50-х,12951,Беседка и фонтанчик...где?,411,9
53,Новосибирск 40-х - 50-х,13071,Красный проспект в 1958 году,276,5
53,Новосибирск 40-х - 50-х,12292,Шествие к памятнику Сталина в день 30-летия пионерии в 1952 году,469,10
53,Новосибирск 40-х - 50-х,12979,"Не головоломка, но...где?",461,13
53,Новосибирск 40-х - 50-х,12969,Верхний речной вокзал (Большевистская 2),665,15
53,Новосибирск 40-х - 50-х,12956,Красный проспект 11 (1952),266,3
53,Новосибирск 40-х - 50-х,12949,Пархоменко № 6 и 4 (1949год),362,3
53,Новосибирск 40-х - 50-х,1529,Свердлова № 3 (жилой дом завода пластмасс),710,21
53,Новосибирск 40-х - 50-х,10595,Ключ-Камышенское плато. Вид с берега Ини.,3458,54
53,Новосибирск 40-х - 50-х,12557,Плановая № 58 (снесён),540,10
53,Новосибирск 40-х - 50-х,12180,"Лыжная база ""Строитель"", 1957 год",532,6
53,Новосибирск 40-х - 50-х,12860,Застройка кварталов 130 и 133-Гоголя-Каменская- Лермонтова-С.Шамшиных,375,3
53,Новосибирск 40-х - 50-х,8625,Октябрьский рынок,943,20
53,Новосибирск 40-х - 50-х,12784,Вид на центральную часть города от сада им. Кирова.,350,3
53,Новосибирск 40-х - 50-х,12762,Авиастроителей (Жданова) № 6 и 8.,347,3
53,Новосибирск 40-х - 50-х,12747,"Первомайская № 160,158,156. (И.С.Моторин)",406,6
53,Новосибирск 40-х - 50-х,364,Будущая Октябрьская магистраль,1278,8
53,Новосибирск 40-х - 50-х,12714,Пляж в Заельцовском парке (1958 год),580,14
53,Новосибирск 40-х - 50-х,8452,Улица Мира 12.,535,9
53,Новосибирск 40-х - 50-х,12701,На перекрестке улиц Серебренниковской и Щетинкина,310,4
53,Новосибирск 40-х - 50-х,12680,Улица Ереванская. (1951),450,16
53,Новосибирск 40-х - 50-х,12674,В Первомайском сквере,335,5
53,Новосибирск 40-х - 50-х,12677,Карла Маркса 37 (1мая 1957 год),417,4
53,Новосибирск 40-х - 50-х,12670,Крячковская школа (Старый дом) Большевистская 45. 1952 год.,382,7
53,Новосибирск 40-х - 50-х,12676,Что там за оврагом?,342,3
53,Новосибирск 40-х - 50-х,12564,"Строящийся дом Красный проспект, 175 (со двора) 1948 год",402,3
53,Новосибирск 40-х - 50-х,12553,"Общежитие паровозных бригад Томской ж.д. (ул. Шамшурина, 47б) 1948 год",385,8
53,Новосибирск 40-х - 50-х,12517,Мира № 10 и 6(снесён),311,4
53,Новосибирск 40-х - 50-х,12511,Авиастроителей(Жданова)№ 14,416,6
53,Новосибирск 40-х - 50-х,12506,Идёт строительство...?,328,6
53,Новосибирск 40-х - 50-х,12474,Фрунзе № 7,419,6
53,Новосибирск 40-х - 50-х,12484,Серебренниковская № 13,360,4
53,Новосибирск 40-х - 50-х,12063,Льдохранилище на улице Железнодорожная (на заднем плане),639,7
53,Новосибирск 40-х - 50-х,12473,Где и что?,268,4
53,Новосибирск 40-х - 50-х,11897,На фоне дома Трудовая № 3.,932,24
53,Новосибирск 40-х - 50-х,12439,"Аксёнова № 29,27,25.",361,5
53,Новосибирск 40-х - 50-х,3896,"Двухэтажный жилой дом (ул. Крылова, 10) с туалетом во дворе",984,17
53,Новосибирск 40-х - 50-х,12422,Овраг на улице Орджоникидзе.,494,6
53,Новосибирск 40-х - 50-х,8522,"Ул. Республиканская, 39",476,6
53,Новосибирск 40-х - 50-х,10234,"Стройка ""Клуба Комсомола"". Где?",806,12
53,Новосибирск 40-х - 50-х,12382,"Ремонт ограждения на фоне здания по Красному проспекту, 53",249,3
53,Новосибирск 40-х - 50-х,12361,Горького 81,675,23
53,Новосибирск 40-х - 50-х,12375,Вид на ул. Богдана Хмельницкого в 1959 году,286,6
53,Новосибирск 40-х - 50-х,12368,"Оркестр у здания по ул. Фабричной, 8",257,5
53,Новосибирск 40-х - 50-х,12311,Селезнёва 36.(Сеннная),663,10
53,Новосибирск 40-х - 50-х,1221,"ул. Советская,12",972,27
53,Новосибирск 40-х - 50-х,12308,Улица Большевистская в районе строящегося Октябрьского моста моста.,692,23
53,Новосибирск 40-х - 50-х,12303,Проспект Дзержинского № 73-75.,456,6
53,Новосибирск 40-х - 50-х,1404,"Жилой дом по ул. Советская, 35 (ул. Ленина, 8)",4012,44
53,Новосибирск 40-х - 50-х,12280,Бурденко 27-29.,420,5
53,Новосибирск 40-х - 50-х,2822,Такая была ул. Серебренниковская,2502,34
53,Новосибирск 40-х - 50-х,12288,А что это за больничка?,356,6
53,Новосибирск 40-х - 50-х,10860,"Жилой дом по ул. Свердлова, 11",678,14
53,Новосибирск 40-х - 50-х,12271,Большевистская 34 (1951 год.),250,5
53,Новосибирск 40-х - 50-х,1733,"Свердлова, 7",424,8
53,Новосибирск 40-х - 50-х,12236,Новогодний  ларёк на углу Красного проспекта и ул. Орджоникидзе,391,5
53,Новосибирск 40-х - 50-х,12239,Демонстрация на Красном проспекте в начале 1960-х,224,2
53,Новосибирск 40-х - 50-х,12202,На улице Станиславского. 1958 год,397,8
53,Новосибирск 40-х - 50-х,2405,Учения пожарной команды на Чаплыгина 35,575,10
53,Новосибирск 40-х - 50-х,9967,Лунин Н.А на фоне ДК.Сталина,581,9
53,Новосибирск 40-х - 50-х,2466,Красный проспект в районе НДМ,1080,22
53,Новосибирск 40-х - 50-х,12045,1 мая 1957 по ул. Маяковского слева М. Ульяновой № 5,245,6
53,Новосибирск 40-х - 50-х,12026,Коллектив Новосибирской АТС на фоне Главпочтампта.,330,6
53,Новосибирск 40-х - 50-х,12020,Прибытие моряков-североморцев в Новосибирск на празднование Дня ВМФ,257,6
53,Новосибирск 40-х - 50-х,11917,Улица Кирова,428,6
53,Новосибирск 40-х - 50-х,11978,"Строительство дома по Красному проспекту, 33 в 1953 году",236,3
53,Новосибирск 40-х - 50-х,11963,"Карла Маркса № 3,5,13,15,23,25. (1959 год)",285,3
53,Новосибирск 40-х - 50-х,11961,"Корпус завода радиодеталей (Кирова, 82 ​Восход, 32)",573,8
53,Новосибирск 40-х - 50-х,11797,"Дворик дома на улице Колыванской, 1 в 1958 году",381,6
53,Новосибирск 40-х - 50-х,11937,"Асфальтирование тротуара на Красном проспекте, 59",264,3
53,Новосибирск 40-х - 50-х,11924,"""Ювелирные изделия"" Вокзальная магистраль, 2 (1)",292,3
53,Новосибирск 40-х - 50-х,11891,Воскресник на ул. Добролюбова 21 апреля 1953 года,682,20
53,Новосибирск 40-х - 50-х,11918,Остановки транспорта ТЮЗ,242,3
53,Новосибирск 40-х - 50-х,11286,"Двор дома по ул. Большевистская,34. 50-е годы.",1300,26
53,Новосибирск 40-х - 50-х,11892,"Дзержинского, 79",386,4
53,Новосибирск 40-х - 50-х,11886,Улица Планетная (до 1957 года - Будённого),426,7
53,Новосибирск 40-х - 50-х,367,Жилой дом Облплана (Красный проспект 56),2225,25
53,Новосибирск 40-х - 50-х,9981,Улица Омская.,1080,35
53,Новосибирск 40-х - 50-х,11830,Спуск к туннелю от Вокзальной улицы (ныне Шамшурина),433,4
53,Новосибирск 40-х - 50-х,11803,Волейбольный матч в парке Сталина,328,7
53,Новосибирск 40-х - 50-х,761,"ул. Богдана Хмельницкого, 1950-е годы",5597,97
53,Новосибирск 40-х - 50-х,11806,"Улица Урицкого, 17",219,4
53,Новосибирск 40-х - 50-х,11784,Установка чугунных оградок на проспекте Сталина в 1952 году,368,11
53,Новосибирск 40-х - 50-х,11783,Перекресток Фрунзе-Красный проспект. 1952 год,234,3
53,Новосибирск 40-х - 50-х,2706,"Детсад № 86 (ул. Мира, 25а)",543,14
53,Новосибирск 40-х - 50-х,11725,"Опалубка, применявшаяся при строительстве моста.",741,19
53,Новосибирск 40-х - 50-х,11643,Пересечение ул. Линейной с Красным проспектом в 1953 году,2531,51
53,Новосибирск 40-х - 50-х,11676,Скалывание льда и его уборка на тротуаре у центрального универмага,268,3
53,Новосибирск 40-х - 50-х,11459,"Новый спортивный зал общества ""Химик"". 1960 год",296,9
53,Новосибирск 40-х - 50-х,11306,Улица 1-я Оловозаводская  (Аникина) в 1958 году.,712,11
53,Новосибирск 40-х - 50-х,11489,Улица Бурлинская (1957 год.),1272,30
53,Новосибирск 40-х - 50-х,11628,Вид на жилой дом Дениса Давыдова 4,680,14
53,Новосибирск 40-х - 50-х,11632,В каких отношениях состояли парк Сталина и новосибирская филармония?,181,5
53,Новосибирск 40-х - 50-х,11615,"Номера маршрутов автобусов, ходивших по ул. Кирова в 40-50-е годы",565,18
53,Новосибирск 40-х - 50-х,11619,"На улице Станиславского, 4",335,8
53,Новосибирск 40-х - 50-х,11610,Строительство общежития института водного транспорта в 1959 году,333,7
53,Новосибирск 40-х - 50-х,11611,Посадка деревьев у НГУ в 1959 году,307,8
53,Новосибирск 40-х - 50-х,11608,На улице Дуси Ковальчук в 1959 году,201,2
53,Новосибирск 40-х - 50-х,11603,"Строительство дома по проспекту Димитрова, 12 в 1959 году",380,10
53,Новосибирск 40-х - 50-х,11573,"Угол дома Б.Хмельницкого,39 и 1-го Краснодонского переулка",405,10
53,Новосибирск 40-х - 50-х,11598,Сквер у клуба имени Жданова,265,2
53,Новосибирск 40-х - 50-х,11580,Улица Пархоменко летом 1959 года,281,4
53,Новосибирск 40-х - 50-х,11495,Улица Енисейская с балкона Железнодорожная 9 (1957 год),441,10
53,Новосибирск 40-х - 50-х,11560,"Пермитина, 3/2, Котовского, 3/1(четырёхэтажный). далее Котовского 5/2",460,8
53,Новосибирск 40-х - 50-х,11562,Мотокаток на улице Дуси Ковальчук,279,3
53,Новосибирск 40-х - 50-х,11539,Вазон на углу Красный проспект-Орджоникидзе,200,3
53,Новосибирск 40-х - 50-х,11526,Перекресток Красный проспект-Октябрьская. 1959,204,3
53,Новосибирск 40-х - 50-х,11524,По какой улице едет троллейбус?,184,2
53,Новосибирск 40-х - 50-х,11502,"Римского-Корсакова 5, 6, 4(вид со стороны Ватутина через пустырь)",450,8
53,Новосибирск 40-х - 50-х,11497,Студенты НИИЖТа на стройке дороги в 1958 году,371,12
53,Новосибирск 40-х - 50-х,11455,"Аллея на ул. Сузунская в 1958 г. (вид на книжный магазин Кирова, 80)",504,6
53,Новосибирск 40-х - 50-х,11496,Прощальный магазин на Хилокской 5,473,9
53,Новосибирск 40-х - 50-х,11494,Железнодорожная 9 (1957 год),299,4
53,Новосибирск 40-х - 50-х,11485,Угол Красного проспекта и ул. Ядринцевской,460,9
53,Новосибирск 40-х - 50-х,11484,На улице Богдана Хмельницкого,262,3
53,Новосибирск 40-х - 50-х,11475,Вид на ул. Советскую от Первомайского сквера. 1958 год,385,14
53,Новосибирск 40-х - 50-х,11472,"Советская 10 слева, Чаплыгина (Рабочая) 49 справа.",420,7
53,Новосибирск 40-х - 50-х,11469,"Строительство дома на ул. Советской, 49",264,6
53,Новосибирск 40-х - 50-х,11465,"Станиславского, 13А",351,6
53,Новосибирск 40-х - 50-х,11463,Асфальтирование площади у завода им. Ефремова,230,3
53,Новосибирск 40-х - 50-х,11452,"Демонстранты. Серебренниковская 16, 23 (задний план)",286,4
53,Новосибирск 40-х - 50-х,11379,Школа № 27. Строительство хозблока,365,8
53,Новосибирск 40-х - 50-х,11371,И ещё вопрос,345,4
53,Новосибирск 40-х - 50-х,11370,"Станиславского, 12. 0к. 1960",482,7
53,Новосибирск 40-х - 50-х,11367,"Панорама Пермитина 1, Котовского 3/1, Котовского 5/2,Котовского 3.",313,5
53,Новосибирск 40-х - 50-х,11361,У Дома студентов. 1957 г.,227,3
53,Новосибирск 40-х - 50-х,11336,"Во дворе Трудовая,7/ Кр. проспект,31.",317,12
53,Новосибирск 40-х - 50-х,11296,Площадь Маркса(будущая)Римского-Корсакова 8 и 5(задний план),490,10
53,Новосибирск 40-х - 50-х,11277,Речка Ельцовка под Ройял Парком.,528,9
53,Новосибирск 40-х - 50-х,11285,Перекрёсток Красного проспекта и ул. Писарева.,524,9
53,Новосибирск 40-х - 50-х,11279,Двор из окна Красный прспект 33.,615,17
53,Новосибирск 40-х - 50-х,11262,Облпотребсоюз со стороны ул. Трудовая.,387,7
53,Новосибирск 40-х - 50-х,11259,На балконе Саввы Кожевникова 4.,388,9
53,Новосибирск 40-х - 50-х,11264,"Свердлова, 19. 1950-е. Арх. Н. Грицюка",435,4
53,Новосибирск 40-х - 50-х,11186,"Ул.Геодезическая, 2. Стройка общежития НИИГАиК. Середина XX века.",687,15
53,Новосибирск 40-х - 50-х,11180,"Здание слева по Красному пр. 13 (Коммунистическая, 37)",236,3
53,Новосибирск 40-х - 50-х,11091,"Начало улицы Железнодорожная,льдопункт.",606,8
53,Новосибирск 40-х - 50-х,876,"Жилой дом Новосибирского автомобильного завода (ул. Горького, 26а)",2514,42
53,Новосибирск 40-х - 50-х,11072,По ул. М.Горького от Урицкого к Советской.,295,5
53,Новосибирск 40-х - 50-х,5782,"Здание управ. Обского речного пароходства (Щетинкина, 51(51а)) снесено",1186,28
53,Новосибирск 40-х - 50-х,4508,Дом на Красном проспекте (около Мединститута),642,10
53,Новосибирск 40-х - 50-х,10947,"Остановка""Башня""(Карла Маркса № 1)1965 год.",363,3
53,Новосибирск 40-х - 50-х,10941,Перекрёсток Свердлова Серебренниковская.,408,9
53,Новосибирск 40-х - 50-х,10935,Дуси Ковальчук 2 и Ельцовская 7 со стороны ул Д.Ковальчук.,517,12
53,Новосибирск 40-х - 50-х,10862,"Оказывается, дом на заднем плане был перестроен дважды!",518,6
53,Новосибирск 40-х - 50-х,10882,Крайнее правое здание - гостиница для артистов Оперного театра,272,4
53,Новосибирск 40-х - 50-х,516,"Советская, 65",765,7
53,Новосибирск 40-х - 50-х,4602,вопрос - двор,451,5
53,Новосибирск 40-х - 50-х,10841,"Проспект Маркса 25,строится Маркса 29. Фото 1959 год.",329,5
53,Новосибирск 40-х - 50-х,10842,"Библиотека им. Н. К. Крупской (Красный проспект, 48)",443,15
53,Новосибирск 40-х - 50-х,8543,"Реклама на здании Облсберкассы. (Красный проспект, 46)",1116,24
53,Новосибирск 40-х - 50-х,10791,Красный проспект 173.  Д/К Жданова(слева),278,5
53,Новосибирск 40-х - 50-х,10771,"Учительская, 40 и 38 (задний план,труба хлебозавода)",338,4
53,Новосибирск 40-х - 50-х,10763,Униформа сотрудников финансовой/банковской службы 1948-1954 гг.,396,8
53,Новосибирск 40-х - 50-х,10126,Строящиеся дома № 29 и 31 по ул. Аэропорт. 1952 - 1953 годы.,551,13
53,Новосибирск 40-х - 50-х,10752,"Богдана Хмельницкого № 31,29,29/2,29/1. А.Невского 2,Невского 4.",280,4
53,Новосибирск 40-х - 50-х,10735,Карла Маркса 29 (строится) достраивается школа № 127 (1959 год),269,6
53,Новосибирск 40-х - 50-х,10710,"Во дворе Карла Маркса, 3а,5,9,5.",463,10
53,Новосибирск 40-х - 50-х,10601,"Сибиряков Гвардейцев № 30,28,26",418,8
53,Новосибирск 40-х - 50-х,10587,"Мичурина,4",656,9
53,Новосибирск 40-х - 50-х,10573,Работники завода Электросигнал на ноябрьской демонстрации 1952 года,348,3
53,Новосибирск 40-х - 50-х,6518,Улица Добролюбова,688,13
53,Новосибирск 40-х - 50-х,10449,"Дуси Ковальчук ,183 -передний план. Слева- Дуси Ковальчук 185 и 276к2.",593,11
53,Новосибирск 40-х - 50-х,10440,Пересечение пр.Димитрова и Вокзальной магистрали,602,8
53,Новосибирск 40-х - 50-х,10433,Перекрёсток ул. Ленина и ул.Советской,370,4
53,Новосибирск 40-х - 50-х,10434,"ДК Октябрьской революции, театр ""Красный факел"",Кинотеатр Маяковского",622,8
53,Новосибирск 40-х - 50-х,10417,Вазон у аллеи перед площадью Ленина,704,19
53,Новосибирск 40-х - 50-х,8282,Ул. Орджоникидзе между Красным пр. и ул. Мичурина в конце 1950-х.,1023,26
53,Новосибирск 40-х - 50-х,9557,"Фармацевтическая фабрика ""Стандарт"" на Красном проспекте в 1954 году",835,11
53,Новосибирск 40-х - 50-х,10363,В здании по улице Урицкого № 39 с 1946 года находились:,234,1
53,Новосибирск 40-х - 50-х,10341,На семинаре в Обкоме ВКП(б) 1949 год,332,4
53,Новосибирск 40-х - 50-х,10290,"Демонстранты на улице Советской , у домов 8 и 10.",270,3
53,Новосибирск 40-х - 50-х,9181,Богдана Хмельницкого 52 и 48,618,24
53,Новосибирск 40-х - 50-х,10192,Двор дома №...?,530,6
53,Новосибирск 40-х - 50-х,10195,Вопрос,383,3
53,Новосибирск 40-х - 50-х,5847,"Бани № 25 по ул. 25 лет Октября, 19",814,9
53,Новосибирск 40-х - 50-х,10188,Вид с балкона Авиастроителей (Жданова) 14 на ул. Учительскую,756,8
53,Новосибирск 40-х - 50-х,10189,Какая связь зафиксирована в биографии артиста?,410,3
53,Новосибирск 40-х - 50-х,9580,Вопрос. Где?,409,4
53,Новосибирск 40-х - 50-х,10166,"Что, где и когда?",353,5
53,Новосибирск 40-х - 50-х,10128,Проезд китайской делегации через Новосибирск летом 1957 года,517,15
53,Новосибирск 40-х - 50-х,10114,На загадку не тянет?,339,6
53,Новосибирск 40-х - 50-х,10112,А это где?,264,3
53,Новосибирск 40-х - 50-х,10095,"Жилой дом ул. Кирзавод 2 (2-й), 10",590,10
53,Новосибирск 40-х - 50-х,828,"ул. Калинина, 63",927,11
53,Новосибирск 40-х - 50-х,10038,Где стоят физкультурницы?,957,17
53,Новосибирск 40-х - 50-х,10033,"У путепровода на Красном проспекте, на месте нынешнего дома № 77/1.",450,9
53,Новосибирск 40-х - 50-х,9995,"У дома Станционная, 16",1193,19
53,Новосибирск 40-х - 50-х,10021,ГАЗ М-20 «Победа» около дома Чаплыгина 13,596,14
53,Новосибирск 40-х - 50-х,10003,"Бывшее здание детсада № 10 (ул. Республиканская, 7Б)",408,6
53,Новосибирск 40-х - 50-х,9963,"Строится Падунская 2, за ним 4-й хлебозавод.",467,7
53,Новосибирск 40-х - 50-х,9947,"Продуктовый магазин,на месте которого жилой дом Владимировская 1",1087,21
53,Новосибирск 40-х - 50-х,8521,Красный проспект 175а,749,12
53,Новосибирск 40-х - 50-х,9941,Что стало преемником того ремесленного училища?,731,12
53,Новосибирск 40-х - 50-х,9930,"Что,где?",346,4
53,Новосибирск 40-х - 50-х,3987,Заводоуправление п/я 92 (Кр. Проспект 220),1772,15
53,Новосибирск 40-х - 50-х,9874,"Детский сад № 8 ""Земляничка"" (А.Невского, 25)",299,6
53,Новосибирск 40-х - 50-х,9873,"Ул. Декабристов, 105, ул. 9 Ноября, 70",260,4
53,Новосибирск 40-х - 50-х,9861,"Дом по ул. 9-го ноября, 66",469,6
53,Новосибирск 40-х - 50-х,9614,У крыльца больницы скорой медицинской помощи № 2 (Якушева 41),637,14
53,Новосибирск 40-х - 50-х,9840,Где в Октябрьском районе?,242,1
53,Новосибирск 40-х - 50-х,9786,На какую улицу адресовано письмо?,645,19
53,Новосибирск 40-х - 50-х,9782,Где демонстранты НЭВЗ п/я-92?,279,3
53,Новосибирск 40-х - 50-х,3721,Курсы радисток в Новосибирске в 1941 году,2066,27
53,Новосибирск 40-х - 50-х,9750,Улица Степная вблизи с перекрёстком с ул. Серафимовича. 1965 год.,525,7
53,Новосибирск 40-х - 50-х,9719,"Богдана Хмельницкого (справа  31,29)",578,10
53,Новосибирск 40-х - 50-х,9707,Романова 23 и 21(снесены),1072,32
53,Новосибирск 40-х - 50-х,9708,Ныряльщица. Заельцовский парк.,599,10
53,Новосибирск 40-х - 50-х,9698,Где сделан снимок?,625,13
53,Новосибирск 40-х - 50-х,9664,"Всесибирское совещание писателей, 1957, Кр.пр.28",465,11
53,Новосибирск 40-х - 50-х,9709,Строительство домов Ватутина 23 и 27,296,5
53,Новосибирск 40-х - 50-х,9675,Столовая 92 завода.,798,28
53,Новосибирск 40-х - 50-х,9703,"Вопрос Сузунская, 47",344,4
53,Новосибирск 40-х - 50-х,9642,"В холле госбанка,Красный проспект 27.",611,13
53,Новосибирск 40-х - 50-х,9627,Аэроклуб крылова 24(со двора) 1956 год,398,6
53,Новосибирск 40-х - 50-х,6743,Проект реконструкция дома Маштакова,664,12
53,Новосибирск 40-х - 50-х,9597,Школа фигурного катания на коньках в парке Сталина. Конец 50-х,339,6
53,Новосибирск 40-х - 50-х,9590,"Детский сад № 15 (в доме ""Кузбассугля"") на прогулке (1958... 1959 гг)",496,8
53,Новосибирск 40-х - 50-х,9582,Что? Где?,472,7
53,Новосибирск 40-х - 50-х,552,"Дом акционерного общества ""Союзхлеб""",640,5
53,Новосибирск 40-х - 50-х,9558,Аптека на пр. Дзержинского 1а,501,12
53,Новосибирск 40-х - 50-х,1126,"Дом на ул. Максима Горького, 92",988,16
53,Новосибирск 40-х - 50-х,9499,Ул.Логовская (Семьи Шамшиных) № 71А,1223,33
53,Новосибирск 40-х - 50-х,9524,"ул. Левитана, 38. Пансионат ""Новая жизнь"".",358,6
53,Новосибирск 40-х - 50-х,9507,"Жилые дома на ул. Тельмана, 18 и 20.",297,3
53,Новосибирск 40-х - 50-х,9443,"Ул. Кузнецкая, 31а сразу за Оперным",520,12
53,Новосибирск 40-х - 50-х,5488,Дома № 34 и № 34а на ул. Октябрьской в 1955 г.,746,16
53,Новосибирск 40-х - 50-х,9450,"Овощной склад,примыкающий к торцу дома актеров Серебренниковского 35",788,23
53,Новосибирск 40-х - 50-х,9440,"Улица Автогенная 115,117,119. 1955 год",645,11
53,Новосибирск 40-х - 50-х,9430,Улица Пушкина 1952 год,798,23
53,Новосибирск 40-х - 50-х,9432,"Где, когда?",485,10
53,Новосибирск 40-х - 50-х,9418,Вопрос - Где,817,14
53,Новосибирск 40-х - 50-х,8079,Водно-лыжная станция и ледоход на Оби (1955 прим.),707,21
53,Новосибирск 40-х - 50-х,8884,Туннельный лог 1956 год,961,12
53,Новосибирск 40-х - 50-х,9309,Красный проспект 9 и 11(стык),373,3
53,Новосибирск 40-х - 50-х,2594,Вид на Красный проспект от ул. М.Горького в сторону ул. Чаплыгина,578,13
53,Новосибирск 40-х - 50-х,4014,Новосибирский парень из 40-х,2698,51
53,Новосибирск 40-х - 50-х,1739,"Дом на Ленина, 50",621,11
53,Новосибирск 40-х - 50-х,9187,"Титова 34,32,30 Станиславского 12",278,3
53,Новосибирск 40-х - 50-х,9180,"Строительство дома по ул. Ватутина, 27-пр-т Карла Маркса, 1",321,5
53,Новосибирск 40-х - 50-х,9172,"Урицкого 35, детский сад",0,0
53,Новосибирск 40-х - 50-х,9157,Во дворе дома Максима Горького 76,1037,37
53,Новосибирск 40-х - 50-х,6281,"Красный проспект, 30",614,7
53,Новосибирск 40-х - 50-х,9168,"Кр.проспект, 57 и 59.",362,5
53,Новосибирск 40-х - 50-х,9153,"Дом по ул. Первомайская, 166 (1950-е годы)",979,46
53,Новосибирск 40-х - 50-х,9143,Похороны на ул Дуси Ковальчук 55-57 год,642,16
53,Новосибирск 40-х - 50-х,9132,Вид с аллеи на дома Красный проспект 26 и 24,356,5
53,Новосибирск 40-х - 50-х,8436,Вид на Мелькомбинат № 1 с о. Отдых (Коровий) в 1956 г.,1398,20
53,Новосибирск 40-х - 50-х,9097,Панорама ул Дуси Ковальчук с Красный проспект 186 55-56 год,757,20
53,Новосибирск 40-х - 50-х,9046,"Ул. Мостовая, дом 1",851,17
53,Новосибирск 40-х - 50-х,9003,"Красный проспект, 72.",852,20
53,Новосибирск 40-х - 50-х,4544,"Сибгипрошахт по ул. Д. Бедного, 71",1133,17
53,Новосибирск 40-х - 50-х,8403,Каменка 1952 год.,1874,54
53,Новосибирск 40-х - 50-х,8867,Двор дома на Мира 28  1958 год.,401,8
53,Новосибирск 40-х - 50-х,8798,Бакалейно-гастрономический магазин № 51 (Бурденко 29),736,28
53,Новосибирск 40-х - 50-х,8774,"Мичурина 13, 1951 год",526,7
53,Новосибирск 40-х - 50-х,8775,"Дуси Ковальчук, 179а в 1941 году.",458,3
53,Новосибирск 40-х - 50-х,8771,ГУВД НСО Каменская 12,370,6
53,Новосибирск 40-х - 50-х,8721,Сцена на ул. Светлой.,1064,29
53,Новосибирск 40-х - 50-х,927,"Жилой дом (Красный проспект, 218)",769,13
53,Новосибирск 40-х - 50-х,8663,Строительство Красный проспект 159,576,15
53,Новосибирск 40-х - 50-х,8615,Витрина Универмага (Красный проспект 25),562,7
53,Новосибирск 40-х - 50-х,8612,Красный проспект 56. 1951 год.,678,13
53,Новосибирск 40-х - 50-х,8590,Дома на Тихом посёлке 1957-58 год,1174,22
53,Новосибирск 40-х - 50-х,8604,"Коммунистическая, 49. 1947 год.",570,7
53,Новосибирск 40-х - 50-х,8602,Дуси Ковальчук 185 и 187  1952 год,529,6
53,Новосибирск 40-х - 50-х,8519,"Строительство дома на пр. Дзержинского,4",820,22
53,Новосибирск 40-х - 50-х,8489,"Двор жилого дома по ул.ХХ партсъезда,8.",371,10
53,Новосибирск 40-х - 50-х,8477,Красный проспект 10 53-54 год,350,5
53,Новосибирск 40-х - 50-х,8444,"Улица Сибиряков-Гвардейцев, 13",1182,33
53,Новосибирск 40-х - 50-х,8461,Ул. Свердлова 1957-1959 гг.,321,4
53,Новосибирск 40-х - 50-х,8439,Угол ул.Тургенева и ул.Гурьевская.,595,13
53,Новосибирск 40-х - 50-х,8418,Красный проспект Центр 1959-61 год.,631,13
53,Новосибирск 40-х - 50-х,8430,Деревянная застройка в районе Гоголя 188,630,9
53,Новосибирск 40-х - 50-х,8400,"Жилой дом НИСИ (СибСтрИн) по ул. Змеиногорская, 21 (Якушева, 39)",485,18
53,Новосибирск 40-х - 50-х,8367,Во дворе дома Советская 20  1956 год,284,5
53,Новосибирск 40-х - 50-х,8352,"Лесоперевалка на реке Обь, 1950-е гг",504,8
53,Новосибирск 40-х - 50-х,8350,"Объединения 82,маг""Юбилейный""далее Объединения 76 и 70",551,11
53,Новосибирск 40-х - 50-х,8343,На загадку не тянет,389,4
53,Новосибирск 40-х - 50-х,8309,"Вид с ул. Адриена Лежена в 1968-69 году на дома № 30, 28, 26",929,26
53,Новосибирск 40-х - 50-х,8290,"Двор дома по Красному проспекту, 173 в 1955",410,7
53,Новосибирск 40-х - 50-х,8258,"Ул. Авиастроителей (Жданова), 7",254,3
53,Новосибирск 40-х - 50-х,8243,"Проспект Дзержинского, 6.",473,7
53,Новосибирск 40-х - 50-х,8221,Тут был К.Ощепков.,515,8
53,Новосибирск 40-х - 50-х,1734,Умирающий классицизм на улице Глинки.,861,11
53,Новосибирск 40-х - 50-х,8124,Улица Семьи Шамшиных.,862,17
53,Новосибирск 40-х - 50-х,3563,ВопроS- Магазин,1322,46
53,Новосибирск 40-х - 50-х,8071,"Что, где, когда?",773,21
53,Новосибирск 40-х - 50-х,1676,Перекресток Коммунистическая-Красный пр.,770,13
53,Новосибирск 40-х - 50-х,8013,Перекрёсток ул. Кривощёковской и ул. Мостовой,1269,44
53,Новосибирск 40-х - 50-х,8026,Домик по улице Лермонтова 1955 год,949,23
53,Новосибирск 40-х - 50-х,8044,"Фабричная ,8. Общежитие пединститута.",272,4
53,Новосибирск 40-х - 50-х,864,"Жилмассив завода ""Тяжстанкогидропресс"" (""Расточка"")",3238,47
53,Новосибирск 40-х - 50-х,8006,Строительство дома № 14 по ул. Фрунзе,548,10
53,Новосибирск 40-х - 50-х,7881,Не выявленные памятники города,427,8
53,Новосибирск 40-х - 50-х,7879,Полудетективная история на ул. Аэропорт,430,6
53,Новосибирск 40-х - 50-х,7827,"Что, где?",299,8
53,Новосибирск 40-х - 50-х,7573,"Улица Пермитина (Вторая Котовского), 5.",489,8
53,Новосибирск 40-х - 50-х,7298,Пожарная команда,486,16
53,Новосибирск 40-х - 50-х,7284,"Детсад № 220 (Молодости, 13), с 2003 года музшкола № 9",1092,27
53,Новосибирск 40-х - 50-х,7285,Поселок середины 50-х,344,2
53,Новосибирск 40-х - 50-х,4910,Строительство жилого квартала на пр. Карла Маркса (1959 г.).,819,17
53,Новосибирск 40-х - 50-х,6763,Сторожевая башня на улице Падунской.,465,6
53,Новосибирск 40-х - 50-х,6751,"Строительство домов Станиславского, 4 и 6.",341,4
53,Новосибирск 40-х - 50-х,6749,"Проект дома (Красный проспект, 179)",475,6
53,Новосибирск 40-х - 50-х,4647,"Новосибирск, Северный флот, ПЛ ""Новосибирский комсомолец""",1096,24
53,Новосибирск 40-х - 50-х,6576,"Вид на дома пр. Дзержинского, 3, 3а, 3б со стороны ул. Шекспира",414,8
53,Новосибирск 40-х - 50-х,4336,вопрос - место?,661,9
53,Новосибирск 40-х - 50-х,6345,Улица Романова. 1957-1958гг.,1134,42
53,Новосибирск 40-х - 50-х,6549,Начало аллеи на Красном проспекте.,382,10
53,Новосибирск 40-х - 50-х,6415,"Учащиеся ШРМ № 1 Томской ж.д. около школы (Шамшурина(Вокзальная), 68)",738,22
53,Новосибирск 40-х - 50-х,1985,Почти дворец на Степной 5,1300,17
53,Новосибирск 40-х - 50-х,4843,"Деревянный 2-х эт. дом по Красному проспекту, 47 - снесён",754,11
53,Новосибирск 40-х - 50-х,6350,Что за Кривощёковский к-р?,527,11
53,Новосибирск 40-х - 50-х,5681,Вопрос,937,16
53,Новосибирск 40-х - 50-х,5635,"Дома по Планировочной, 14 и16",839,19
53,Новосибирск 40-х - 50-х,6159,"Дом ул. Восход, 11 со двора. 1955 год",607,20
53,Новосибирск 40-х - 50-х,6097,"Ипподром, 1940 год.",1762,49
53,Новосибирск 40-х - 50-х,6134,"Строительство дома по улице Станиславского (Вокзальной), 16",959,17
53,Новосибирск 40-х - 50-х,2616,"Жилой двухэтажный дом (ул. Московская, 53)",1547,25
53,Новосибирск 40-х - 50-х,5836,Бараки на улице Красина,1156,31
53,Новосибирск 40-х - 50-х,6047,"Жилой дом по Мичурина, 27",550,14
53,Новосибирск 40-х - 50-х,5649,Магазин № 16 на Никитинской улице (1951 г.),435,8
53,Новосибирск 40-х - 50-х,6020,Здание на углу Кирова и Б. Богаткова,557,12
53,Новосибирск 40-х - 50-х,721,Учительская в 56-ом году.,2001,32
53,Новосибирск 40-х - 50-х,1475,"Мистика Тихого посёлка (ул. Кузьмы Минина, Магаданская, Бардина, Новая",2670,24
53,Новосибирск 40-х - 50-х,5968,Вид на ул. Жданова и будущий Сквер им. Калинина в 1954 году,575,5
53,Новосибирск 40-х - 50-х,5815,Улица? Чем знаменит?,349,2
53,Новосибирск 40-х - 50-х,5781,Виды Малой Нахаловки.,784,8
53,Новосибирск 40-х - 50-х,5778,"Праздник песни в Новосибирске, июнь 1951 года",0,0
53,Новосибирск 40-х - 50-х,5702,"Старое здание техникума ЖД (Поленова, д. 2Б)",572,7
53,Новосибирск 40-х - 50-х,5634,"3-х этажные дома, построенные по типовому проекту № 1-204-5",3919,26
53,Новосибирск 40-х - 50-х,1187,"ул. Титова, 44 / ул. Петропавловская, 11",1892,43
53,Новосибирск 40-х - 50-х,5679,Перекресток Советская и Коммунистическая,522,8
53,Новосибирск 40-х - 50-х,2713,"Жилой дом (ул. Марии Ульяновой, 9)",792,16
53,Новосибирск 40-х - 50-х,5667,"Техникум Совторговли на Каменской, 66",1034,11
53,Новосибирск 40-х - 50-х,5628,Дом энергетиков на Колыванской-Каинской,1369,55
53,Новосибирск 40-х - 50-х,997,"ул. Трудовая, 13.",564,12
53,Новосибирск 40-х - 50-х,2679,"Почти дворец на Вавилова, 7 (снесён)",1014,11
53,Новосибирск 40-х - 50-х,5481,Дом по адресу улица Народная 61/1 и другие дома в этом квартале,731,17
53,Новосибирск 40-х - 50-х,3174,Вид на перекрёсток ул. Омской и ул. Сибирской,1169,27
53,Новосибирск 40-х - 50-х,5391,Где был сделан этот кадр?,618,11
53,Новосибирск 40-х - 50-х,2885,"Жилой дом (ул. Восход, 11)",604,7
53,Новосибирск 40-х - 50-х,5189,Благоустройство пр. Сталина в 1953 году.,1133,19
53,Новосибирск 40-х - 50-х,1240,"ул. Мира, 20",869,10
53,Новосибирск 40-х - 50-х,2469,ул. Богдана Хмельницкого в районе дома № 62,648,18
53,Новосибирск 40-х - 50-х,5144,Проект жилого дома на углу Кирова и Сакко и Ванцетти. 1949.,502,12
53,Новосибирск 40-х - 50-х,5143,Проект крытого рынка 1949 г.,413,8
53,Новосибирск 40-х - 50-х,1227,Кривощёково,2581,29
53,Новосибирск 40-х - 50-х,5117,80 лет регулируют! № 1?,430,9
53,Новосибирск 40-х - 50-х,2870,Жилой дом № 48 по ул. Чаплыгина,766,9
53,Новосибирск 40-х - 50-х,3689,Улица Пархоменко без деревьев в 1946 году,1080,8
53,Новосибирск 40-х - 50-х,4901,"Улица Кирова (карикатура, 1946 г.)",865,11
53,Новосибирск 40-х - 50-х,4956,Пожарная каланча до Барракуды,667,10
53,Новосибирск 40-х - 50-х,1598,Новосибирск и Томск. Фото из музея Баландина,1029,21
53,Новосибирск 40-х - 50-х,2912,Домики в Пашино,638,13
53,Новосибирск 40-х - 50-х,4903,Улица Декабристов. 1950 г.,720,20
53,Новосибирск 40-х - 50-х,4879,"Горького, 26а",371,6
53,Новосибирск 40-х - 50-х,4780,Преподаватели Пединститута (Комсомольский проспект).,861,13
53,Новосибирск 40-х - 50-х,4667,Вопрос - строительство?,318,1
53,Новосибирск 40-х - 50-х,4645,Дома серии 1-415 в 36-м квартале (ул. Богдана Хмельницкого),714,16
53,Новосибирск 40-х - 50-х,4632,Участок складов авиалеса завода им. В.П.Чкалова,703,16
53,Новосибирск 40-х - 50-х,4581,"Первомайская, 156 - строительство",457,10
53,Новосибирск 40-х - 50-х,4586,"Первомайская, 166-170",378,8
53,Новосибирск 40-х - 50-х,3286,"Жилой домик (ул. Водозабор, 1)",850,9
53,Новосибирск 40-х - 50-х,4345,"Велосипедисты у булочной (ул. Ленина, 6)",402,2
53,Новосибирск 40-х - 50-х,4239,"Сегодня, в 4 часа утра, без предъявления каких-либо претензий...",695,4
53,Новосибирск 40-х - 50-х,4109,Коровы на проспекте К. Маркса,1285,30
53,Новосибирск 40-х - 50-х,4016,Ул.Народная в 1950-ых.Фото из 69-го дома.,660,9
53,Новосибирск 40-х - 50-х,3875,Ул.Б.Хмельницкого 1959г.,506,5
53,Новосибирск 40-х - 50-х,3863,"ул. Орджоникидзе, 1961 год. Прощай, ""Главвино""",554,10
53,Новосибирск 40-х - 50-х,744,ул. Авиастроителей (Жданова) в 1956 году,1520,8
53,Новосибирск 40-х - 50-х,3847,"Красногорская, 54. Строительство школы",328,1
53,Новосибирск 40-х - 50-х,3801,"НПЗ, вручение переходящего Красного Знамени, август 1942",651,16
53,Новосибирск 40-х - 50-х,3704,"Милый двор. 68-й квартал, ул. Костычева 11. 1956 год",1391,30
53,Новосибирск 40-х - 50-х,3615,"Детясли № 12 ""Яблоня"" по ул. Жданова (Авиастроителей), 11а",589,8
53,Новосибирск 40-х - 50-х,1050,Что за здание на фото с солдатами?,794,9
53,Новосибирск 40-х - 50-х,3587,Жилые дома Приборостроительного завода (НПЗ) на улице Ереванская,527,7
53,Новосибирск 40-х - 50-х,3403,"Гостиница аэропорта (ул. Аэропорт, 88)",882,13
53,Новосибирск 40-х - 50-х,3421,Вид с ул. Яснополянской на школу № 38,665,19
53,Новосибирск 40-х - 50-х,2881,Вопрос - дом на Жданова,471,5
53,Новосибирск 40-х - 50-х,3481,Вид сверху,624,8
53,Новосибирск 40-х - 50-х,3468,Аллея на Красном проспекте (у кинотеатра им. Маяковского),490,5
53,Новосибирск 40-х - 50-х,3377,Внутренний двор  на ул. Сибирская,1409,38
53,Новосибирск 40-х - 50-х,2743,Девочки на крыльце дома № 34 по ул. 25 лет Октября,753,14
53,Новосибирск 40-х - 50-х,3206,"Общежитие вагонного депо (ул. Первомайская, 158)",621,8
53,Новосибирск 40-х - 50-х,3184,вопрос - здание на ул. Большевистской,573,8
53,Новосибирск 40-х - 50-х,2997,У дома по ул. Урицкого 12,1229,26
53,Новосибирск 40-х - 50-х,3170,"Богдана Хмельницкого, 80",465,10
53,Новосибирск 40-х - 50-х,3140,"Год 41-й, начало июня, все ещё живы...",794,3
53,Новосибирск 40-х - 50-х,2747,Министерство сельскохозяйственного машиностроения.,959,10
53,Новосибирск 40-х - 50-х,2907,У стоквартирного дома в 1958 году,600,8
53,Новосибирск 40-х - 50-х,2791,"Овраги Новосибирска (Фотоальбом, 1940-е)",0,0
53,Новосибирск 40-х - 50-х,2661,Дом № 2 на улице Эйхе,693,8
53,Новосибирск 40-х - 50-х,2865,Типовой 8-ми квартирный жилой дом,742,11
53,Новосибирск 40-х - 50-х,2803,"Общежитие (ул. Северная, 10)",503,4
53,Новосибирск 40-х - 50-х,2223,"Вертковская, 14",775,17
53,Новосибирск 40-х - 50-х,1143,Душевные 50-е...,1848,30
53,Новосибирск 40-х - 50-х,2668,Точный прицел (НПЗ им. Ленина),0,0
53,Новосибирск 40-х - 50-х,2660,Перекресток улиц Бардина и А.Невского.,523,7
53,Новосибирск 40-х - 50-х,2613,Вопрос: Улица XX партсъезда - для кого строились дома?,641,7
53,Новосибирск 40-х - 50-х,2518,Территория завода им. Коминтерна,0,0
53,Новосибирск 40-х - 50-х,2486,"Вопрос - учреждение на Богдана Хмельницкого, 31",525,12
53,Новосибирск 40-х - 50-х,2456,"Детский дом культуры им. Д.Н.Пичугина (ул. Б.Хмельницкого, 70/1)",0,0
53,Новосибирск 40-х - 50-х,2264,Новые заводские дома на ул. Кирова (349 и 353),661,11
53,Новосибирск 40-х - 50-х,1075,ул. Бурденко. Арка между домами 16 и 18,552,1
53,Новосибирск 40-х - 50-х,2436,Фасад завода Коминтерна и клуб им. Ломоносова со стороны ул. Планетная,0,0
53,Новосибирск 40-х - 50-х,2432,"Двор Мичурина, 17 - М.В. Келдыш с учёными",402,3
53,Новосибирск 40-х - 50-х,2430,"У входа в здание Академии наук (ул. Фрунзе, 11)",305,4
53,Новосибирск 40-х - 50-х,2406,Весенний день на ул. Рабочей,605,18
53,Новосибирск 40-х - 50-х,2394,"Домик на Гоголя, 34а",446,9
53,Новосибирск 40-х - 50-х,2312,"Стадион и каток ""Динамо"" (ул. Коммунистическая, 52)",0,0
53,Новосибирск 40-х - 50-х,1586,"Добролюбова, 14",651,18
53,Новосибирск 40-х - 50-х,2379,Новосибирский мелькомбинат № 1 на ул. Большевистской,0,0
53,Новосибирск 40-х - 50-х,2037,Школа № 52 (Перекрёсток Воинской и Б. Богаткова),0,0
53,Новосибирск 40-х - 50-х,524,Ул.Каменская 38,652,8
53,Новосибирск 40-х - 50-х,2250,Смайлики на кранах.,420,7
53,Новосибирск 40-х - 50-х,2146,"Жилой дом (ул. Кирова, 357)",429,4
53,Новосибирск 40-х - 50-х,1839,Камфорный завод на Комсомольском проспекте.,0,0
53,Новосибирск 40-х - 50-х,2074,"В ожидании свидания, 1954г. (Красный проспект, 35)",660,8
53,Новосибирск 40-х - 50-х,1991,"Стадион ""Спартак""",0,0
53,Новосибирск 40-х - 50-х,1777,Наглядное пособие у профлицея № 10,438,5
53,Новосибирск 40-х - 50-х,1738,"Дзержинского, 3",455,8
53,Новосибирск 40-х - 50-х,1655,вопрос-вопрос. Эвакуированные,912,22
53,Новосибирск 40-х - 50-х,1478,??Коттедж??,729,10
53,Новосибирск 40-х - 50-х,1577,"ул.Орджоникидзе, 41 (Детский сад ""Улыбка"")",656,11
53,Новосибирск 40-х - 50-х,1571,НФС НЗХК - Цех химводоподготовки ТЭЦ-4,0,0
53,Новосибирск 40-х - 50-х,1554,НАТТ,0,0
53,Новосибирск 40-х - 50-х,3406,"Кирова, 78",381,1
53,Новосибирск 40-х - 50-х,667,"Кольцова, 44",577,4
53,Новосибирск 40-х - 50-х,1349,"Дуси Ковальчук, 4",513,11
53,Новосибирск 40-х - 50-х,853,Митинг 9 мая 1945 года.,0,0
53,Новосибирск 40-х - 50-х,1268,Селезнёва 38,410,1
53,Новосибирск 40-х - 50-х,1260,Ивачёва 9.,376,2
53,Новосибирск 40-х - 50-х,1149,Ателье мод в здании ВПШ.,474,4
53,Новосибирск 40-х - 50-х,1085,Пересечение ул. Станиславского-Плахотного (Дом Советов),1309,16
53,Новосибирск 40-х - 50-х,1108,"ул.Чаплыгина, 117а.",355,2
53,Новосибирск 40-х - 50-х,849,и это тоже наша история...,865,9
53,Новосибирск 40-х - 50-х,638,Пристройка к зданию Крайкома ( Художественный музей),517,6
54,Новосибирск 60-х - 70-х,1077,"Ресторан Ермак (Поганка) в Академгородке (Ильича, 6)",5109,49
54,Новосибирск 60-х - 70-х,17940,Где и что за здание?,84,4
54,Новосибирск 60-х - 70-х,17929,"Ул.Золотодолинская 9, 7, 17, 19",72,3
54,Новосибирск 60-х - 70-х,15115,"НИИ систем, ул. Русская, 39",360,5
54,Новосибирск 60-х - 70-х,17923,"Лыжники на фоне коттеджа ул.Воеводского, 12",76,3
54,Новосибирск 60-х - 70-х,5611,Строящаяся гостиница «Новосибирск». Фото А. Лашкова.,7811,105
54,Новосибирск 60-х - 70-х,17868,А верно ли подписаны фотографии?,126,6
54,Новосибирск 60-х - 70-х,14527,Вид на частную застройку оврага реки Ельцовка.,748,21
54,Новосибирск 60-х - 70-х,16405,Строительство неопознанного панельного дома,1025,34
54,Новосибирск 60-х - 70-х,11678,Движение электрички между о.п. Сеятель-Речкуновка,2766,80
54,Новосибирск 60-х - 70-х,17206,Станция Новосибирск - Западный.,1488,37
54,Новосибирск 60-х - 70-х,17805,"Улица Серебренниковская, у дома № 11.",364,8
54,Новосибирск 60-х - 70-х,11780,улица Владимировская,466,5
54,Новосибирск 60-х - 70-х,17758,"Часовая,7.",369,13
54,Новосибирск 60-х - 70-х,17792,Котовского № 15,134,3
54,Новосибирск 60-х - 70-х,8257,Перекресток улиц Жданова (Авиастроителей)-Учительская,829,26
54,Новосибирск 60-х - 70-х,10000,"Район конечной остановки автобуса № 17 ""Заельцовский санаторий""",1182,22
54,Новосибирск 60-х - 70-х,17740,16 июня 1966 Новосибирск открыли для иностранного туризма,188,3
54,Новосибирск 60-х - 70-х,9657,Морской проспект в Академгородке,2862,52
54,Новосибирск 60-х - 70-х,17730,СПЕЦМЕДСЛУЖБА. И ОПАСНА И ТРУДНА.,100,1
54,Новосибирск 60-х - 70-х,9656,Улица Орджоникидзе и пл. Ленина,426,9
54,Новосибирск 60-х - 70-х,17705,Фабричная со стороны путепровода.,277,8
54,Новосибирск 60-х - 70-х,17700,Ещё одно фото для определения места.,261,5
54,Новосибирск 60-х - 70-х,2720,"Городской Дворец пионеров и школьников (ул. Кирова, 44)",6458,43
54,Новосибирск 60-х - 70-х,2672,"Бывшее здание Управления СибАкадемСтроя (Бульвар молодёжи, 15)",3468,70
54,Новосибирск 60-х - 70-х,12645,"Академгородок. Гостиница ""Золотая долина"", ул. Ильича 10",1535,43
54,Новосибирск 60-х - 70-х,3470,ТЦ в Академгородке,5533,127
54,Новосибирск 60-х - 70-х,13383,Улица Золотодолинская,395,4
54,Новосибирск 60-х - 70-х,12191,Подъем на Коммунальный мост с улицы Большевистская.,381,20
54,Новосибирск 60-х - 70-х,17109,"Строится коттедж Лаврентьева, Золотодолинская, 77",267,5
54,Новосибирск 60-х - 70-х,17633,"Зорге, 47а. На месте будущего ""Затулинского парка"".",521,13
54,Новосибирск 60-х - 70-х,17651,"бульвар Молодёжи, д. 36",352,18
54,Новосибирск 60-х - 70-х,17638,Чернышевский спуск № 29,450,12
54,Новосибирск 60-х - 70-х,14921,Академгородок студенты идут есть арбуз мимо Золотодолинской 15,803,28
54,Новосибирск 60-х - 70-х,6600,"Бурденко, 9",569,16
54,Новосибирск 60-х - 70-х,12176,Дом командующего СИБВО - Детсад - Дворец Бракосочетаний,1080,14
54,Новосибирск 60-х - 70-х,2993,ЦУМ «Новосибирск»,24476,370
54,Новосибирск 60-х - 70-х,10909,"Школа № 146 на  ул. Аксенова,54. Вид от улицы Новоселов.",382,6
54,Новосибирск 60-х - 70-х,15473,ул. Иванова,399,7
54,Новосибирск 60-х - 70-х,17579,"Ул.Зорге,153. У первого подъезда.",287,4
54,Новосибирск 60-х - 70-х,17561,Стадион НЭТИ.,392,9
54,Новосибирск 60-х - 70-х,8117,Строительство ГПНТБ.,3044,51
54,Новосибирск 60-х - 70-х,15721,Визит Хрущева в Новосибирск в ноябре 1961 г.,518,10
54,Новосибирск 60-х - 70-х,17537,На пляже ОбьГЭСа,167,4
54,Новосибирск 60-х - 70-х,17533,Раскидывают кучу снега. Где?,221,3
54,Новосибирск 60-х - 70-х,12336,"Вид на строящуюся гостиницу ""Обь"" в июле 1971 года",1065,16
54,Новосибирск 60-х - 70-х,5768,"Ресторан ""Россия"" на ул. Дружбы, 5",3447,38
54,Новосибирск 60-х - 70-х,9617,"Празднование 9-мая у кинотеатра ""Волна"". 1980 г.",1012,13
54,Новосибирск 60-х - 70-х,15026,"Школьники с телескопами на астроплощадке КЮТ. Крыша здания Ржанова, 1",339,6
54,Новосибирск 60-х - 70-х,17510,"Золоторожская улица, дом.5.",223,9
54,Новосибирск 60-х - 70-х,16932,"Богдана Хмельницкого № 32,36,38,42",446,7
54,Новосибирск 60-х - 70-х,17501,8–9 апреля 1976 состоялся визит пр.-министра Швеции Улофа Пальме,203,8
54,Новосибирск 60-х - 70-х,17488,Группа людей на стройке в Академгородке. Где?,170,4
54,Новосибирск 60-х - 70-х,17468,Улица Часовая.,294,4
54,Новосибирск 60-х - 70-х,17472,Субботник возле лицея 130,265,10
54,Новосибирск 60-х - 70-х,17381,"Ул.Русская,5. Во дворе.",914,20
54,Новосибирск 60-х - 70-х,17456,Где то в Академгородке.,218,5
54,Новосибирск 60-х - 70-х,17434,Новосибирский дрожжевой завод,445,8
54,Новосибирск 60-х - 70-х,11130,Морской проспект 2,643,10
54,Новосибирск 60-х - 70-х,17449,Производственные корпуса!,146,1
54,Новосибирск 60-х - 70-х,17425,Вид с Оби на ул. Саввы Кожевникова.,213,5
54,Новосибирск 60-х - 70-х,17413,Ул. Жуковского с территории Ботсада.,477,9
54,Новосибирск 60-х - 70-х,17403,"Институт Автоматики и Электрометрии. Проспект Академика Коптюга, 1",160,5
54,Новосибирск 60-х - 70-х,17329,"Мира, 61а",376,11
54,Новосибирск 60-х - 70-х,17389,"Вид от дома Пархоменко, 14а.",233,4
54,Новосибирск 60-х - 70-х,278,Ул. Гоголя в районе магазина Синтетика,6723,78
54,Новосибирск 60-х - 70-х,4266,Старая баржа или Истина всегда где-то рядом.,6695,111
54,Новосибирск 60-х - 70-х,17391,"Ударная, 27/2.",190,3
54,Новосибирск 60-х - 70-х,4945,"Заельцовский бор. ""Радуга"",  палаточный городок и ДО",1307,37
54,Новосибирск 60-х - 70-х,17370,"Морской проспект № 1,3,7,11.",167,3
54,Новосибирск 60-х - 70-х,17369,"Ул. Жуковского, 113/4.",464,9
54,Новосибирск 60-х - 70-х,15528,Улица Цветной проезд.,647,12
54,Новосибирск 60-х - 70-х,17361,"Улица Плахотного, 15а.",178,3
54,Новосибирск 60-х - 70-х,17346,Аэрологическая станция,275,6
54,Новосибирск 60-х - 70-х,12572,Панорама от площади Калинина в сторону путепровода.,457,4
54,Новосибирск 60-х - 70-х,17345,Субботник на улице Космической.,570,12
54,Новосибирск 60-х - 70-х,9864,"Институт нефтегазовой геологии и геофизики (Коптюга, 3)",267,9
54,Новосибирск 60-х - 70-х,17334,"Ул. Н.Данченко, 159 и 161. Землекопы.",217,5
54,Новосибирск 60-х - 70-х,5120,"Во дворе ""старого"" здания ГАИ. Трудовая 11.",1906,33
54,Новосибирск 60-х - 70-х,9917,"Жемчужная № 22,26,32",847,17
54,Новосибирск 60-х - 70-х,17328,"Пляж, ""У моря Обского.""",249,5
54,Новосибирск 60-х - 70-х,17330,Тружеников 7 строится,180,5
54,Новосибирск 60-х - 70-х,17322,На улице Академической.,237,8
54,Новосибирск 60-х - 70-х,17308,"Ильича 21, общежитие аспирантов НГУ)",339,7
54,Новосибирск 60-х - 70-х,17314,"Вид из окна дома по ул. Панфиловцев, 1.",709,17
54,Новосибирск 60-х - 70-х,17309,Установка аэрозольная для борьбы с гнусом(Академгородок),353,12
54,Новосибирск 60-х - 70-х,17307,Проспект Науки.,330,9
54,Новосибирск 60-х - 70-х,17315,У трамвайного кольца у Сада мичуринцев.,308,4
54,Новосибирск 60-х - 70-х,9712,"Что за спецтехника, отмеченная стрелкой?",720,19
54,Новосибирск 60-х - 70-х,17297,"Танковая 35,37,39. Снимок с ул. Свободы",220,6
54,Новосибирск 60-х - 70-х,12043,Владимировская улица.,724,10
54,Новосибирск 60-х - 70-х,17290,Строится больничный корпус на  ул. Волколакова.,314,9
54,Новосибирск 60-х - 70-х,17281,Рельсовая № 5,352,7
54,Новосибирск 60-х - 70-х,1078,"Ленинский РВК (Тихвинская, 7)",1453,30
54,Новосибирск 60-х - 70-х,1285,Красный проспект с видом на пл. Калинина,3826,68
54,Новосибирск 60-х - 70-х,17260,"Субботник, проспект Дзержинского 45",254,5
54,Новосибирск 60-х - 70-х,17247,"Когда деревья были большими. Точнее, когда их ещё не было.",612,19
54,Новосибирск 60-х - 70-х,11586,"Советская, 20. Орджоникидзе 21.",940,29
54,Новосибирск 60-х - 70-х,17249,"Проспект Академика Лаврентьева,5. Институт катализа.",201,3
54,Новосибирск 60-х - 70-х,2066,Газик Лаврентьева М.А.,1100,12
54,Новосибирск 60-х - 70-х,17240,Дом Ученых в период строительства.,312,6
54,Новосибирск 60-х - 70-х,6756,Площадка возле клуба им. Кирова,579,13
54,Новосибирск 60-х - 70-х,17238,Начало строительства Западно-Сибирской студии кинохроники.,403,10
54,Новосибирск 60-х - 70-х,7626,Улица  Трамвайная - Титова.,1893,38
54,Новосибирск 60-х - 70-х,5079,Телевизионная станция «Орбита» в Бугринской роще,3769,24
54,Новосибирск 60-х - 70-х,15569,Кольцо на Бердском шоссе у просп. Строителей. 1963 г.,854,27
54,Новосибирск 60-х - 70-х,17210,Улица Шлюзовая.,158,3
54,Новосибирск 60-х - 70-х,17205,"Вид на строящийся дом Линейная, 35.",260,4
54,Новосибирск 60-х - 70-х,11115,"Карамзина, 92 (снято с Ипподромская 31) Фото 70-71 год.",689,8
54,Новосибирск 60-х - 70-х,16922,"Русская № 5,3. Добровольческая № 2.",480,16
54,Новосибирск 60-х - 70-х,17200,На улице Зыряновской.,193,3
54,Новосибирск 60-х - 70-х,16876,"Частные дома близ дома Котовского, 48. 1976 год.",422,6
54,Новосибирск 60-х - 70-х,14724,Заельцовское троллейбусное депо.,572,9
54,Новосибирск 60-х - 70-х,13311,ищу фото дома Октябрьская 18,903,23
54,Новосибирск 60-х - 70-х,11663,"В кафе ""Минутка""",1240,30
54,Новосибирск 60-х - 70-х,14231,"Кафе ""Снежинка"", ул. Ленина, 8.",1165,30
54,Новосибирск 60-х - 70-х,3561,"Еще одна стройка: ГУМ ""Россия""",2517,22
54,Новосибирск 60-х - 70-х,17152,У входа в ЗАГС Заельцовского района.,352,4
54,Новосибирск 60-х - 70-х,17097,1-е Мая. 1963 год.,392,6
54,Новосибирск 60-х - 70-х,12319,Перекрёсток. Советская-Орджоникидзе-Вокзальная магистраль.,781,11
54,Новосибирск 60-х - 70-х,15025,"Академгородок в фильме ""Длинная дорога в короткий день"" 1972",475,7
54,Новосибирск 60-х - 70-х,17124,Субботник. Где?,361,9
54,Новосибирск 60-х - 70-х,13780,Улица Академическая. 1961,500,11
54,Новосибирск 60-х - 70-х,17112,Новосибирское опытное охотничье хозяйство.,153,3
54,Новосибирск 60-х - 70-х,8396,"Кафе Росинка->ресторан Океан (Красный пр., 92)",1026,7
54,Новосибирск 60-х - 70-х,17102,"Дом работников театра оперы и балета. Орджоникидзе, 35",399,7
54,Новосибирск 60-х - 70-х,17110,Метеорологическая космическая система «Метеор»,287,4
54,Новосибирск 60-х - 70-х,17092,Карусель в Первомайском парке,362,7
54,Новосибирск 60-х - 70-х,2717,"У ресторана ""Восток"" (Богдана Хмельницкого, 42)",1602,15
54,Новосибирск 60-х - 70-х,5751,"Школьники школы № 168 около здания Максима Горького, 26а",1050,22
54,Новосибирск 60-х - 70-х,3538,"Выставка ""Фотография в США"" 1977 год",3950,59
54,Новосибирск 60-х - 70-х,17084,Двор Красный проспект № 59. Крылова 5.,282,6
54,Новосибирск 60-х - 70-х,17082,Ленина № 29.,247,8
54,Новосибирск 60-х - 70-х,17068,"Венгерская выставка станков и приборов 1962, Карла Маркса, 20А",247,5
54,Новосибирск 60-х - 70-х,4548,Барахолка на ГБШ,2139,51
54,Новосибирск 60-х - 70-х,16947,Вид на ул. Большевистскую с Коммунального моста.,1664,47
54,Новосибирск 60-х - 70-х,17058,Эмблема серп и молот на здании НГАТОиБ к 100-летию Ленина,258,9
54,Новосибирск 60-х - 70-х,17040,"Пункт приёма стеклотары напротив магазина ""Буратино"", ул. Учёных, 4",347,16
54,Новосибирск 60-х - 70-х,3497,Перекрёсток улиц Большевистской и Выборной,645,13
54,Новосибирск 60-х - 70-х,15425,"Золотодолинская, 77 - Коттедж Лаврентьева, музей СО РАН",518,8
54,Новосибирск 60-х - 70-х,12596,"Интерьер кафе ""Скоморохи""",656,9
54,Новосибирск 60-х - 70-х,17017,Пляж у Бугринской рощи,615,12
54,Новосибирск 60-х - 70-х,3782,Ул. Семьи Шамшиных. 1978 г.,901,15
54,Новосибирск 60-х - 70-х,17018,Академгородок. Ильича № 1 и 3,332,6
54,Новосибирск 60-х - 70-х,17007,"Лаврентьев и дети возле Дома Физкультуры СО АН. пр-кт Строителей, 23",422,19
54,Новосибирск 60-х - 70-х,16998,Демонстранты. Восход № 32,217,3
54,Новосибирск 60-х - 70-х,16987,Чаплыгина № 54.,310,8
54,Новосибирск 60-х - 70-х,16983,Школа № 129,463,16
54,Новосибирск 60-х - 70-х,16970,"Кошурникова № 14,16,18. вид с проспекта Дзержинского.",351,6
54,Новосибирск 60-х - 70-х,16963,Клуб оловокомбината.  Мира 62а/1.,370,8
54,Новосибирск 60-х - 70-х,2740,"Магазин ""Детский мир"" (пр-т Дзержинского, 67)",1073,21
54,Новосибирск 60-х - 70-х,16962,"Во дворе Советсая № 44, Советская 46/2.",402,14
54,Новосибирск 60-х - 70-х,16954,Завод бытовой химии.,359,8
54,Новосибирск 60-х - 70-х,16955,Первомайская № 186. (панелька),301,13
54,Новосибирск 60-х - 70-х,16956,Перекрёсток Красного проспекта и ул. Крылова.,281,6
54,Новосибирск 60-х - 70-х,13254,Магазин на проспекте Строителей,740,9
54,Новосибирск 60-х - 70-х,16950,Новые светильники на ул.Орджоникидзе,201,3
54,Новосибирск 60-х - 70-х,16948,"Стройка. Что, где?",187,2
54,Новосибирск 60-х - 70-х,8416,Лестница с набережной на Большевистскую,1475,28
54,Новосибирск 60-х - 70-х,2575,Перекрёсток пр-та К.Маркса и ул. Геодезической,2088,41
54,Новосибирск 60-х - 70-х,9909,Тельмана № 3,390,11
54,Новосибирск 60-х - 70-х,4906,"Администрация ж/д р-на и жил. дом рядом с ""ЖУМ"" (ул. Ленина, 57, 59)",1644,30
54,Новосибирск 60-х - 70-х,16925,"Академгородок. Кадр из трейлера нового х/ф. Строится Лаврентьева, 5/1",218,6
54,Новосибирск 60-х - 70-х,16917,На левом снимке створ ул. Революции,319,8
54,Новосибирск 60-х - 70-х,16888,"Дачная № 23,23/1.",374,8
54,Новосибирск 60-х - 70-х,16903,"Академгородок. Счастливые молодожёны у ДК ""Юность"". ЗАГС(?)",364,22
54,Новосибирск 60-х - 70-х,16889,"Колхозный рынок. ОбьГЭС Печатников, 9а.",265,7
54,Новосибирск 60-х - 70-х,3866,Перекрёсток Красного проспекта и ул. Крылова,1840,39
54,Новосибирск 60-х - 70-х,16880,Бани № 18. Эйхе 19 (Марата 2),211,3
54,Новосибирск 60-х - 70-х,8210,"Жилой дом по ул. Вокзальная магистраль, 11.",630,11
54,Новосибирск 60-х - 70-х,14674,Улица Кошурникова 73-74 год.,835,16
54,Новосибирск 60-х - 70-х,16845,"Панорама завода ""Сибэлектротяжмаш""",203,4
54,Новосибирск 60-х - 70-х,16837,"Гоголя, 27, 29, 31, 33, 35, 37.",225,4
54,Новосибирск 60-х - 70-х,16836,Что за здание будет воздвигнуто?,388,11
54,Новосибирск 60-х - 70-х,16832,Строительство комплекса Торгового центра в Академгородке,250,6
54,Новосибирск 60-х - 70-х,16829,Стадион оловозавода. (Аникина 2),274,6
54,Новосибирск 60-х - 70-х,16821,Солярий в городке отдыха от завода радиодеталей (п/я 66),231,6
54,Новосибирск 60-х - 70-х,16815,Вид с озера...на завод...?,186,3
54,Новосибирск 60-х - 70-х,15698,Западно-Сибирская студия кинохроники (Собор Александра Невского),410,6
54,Новосибирск 60-х - 70-х,16739,Вопрос-к какому учереждению строится подсобное здание?,313,3
54,Новосибирск 60-х - 70-х,1613,Обсерватория на Нарымской,1286,22
54,Новосибирск 60-х - 70-х,428,"Первый панельный дом в Новосибирске (ул. Космическая, 12/1)",2096,26
54,Новосибирск 60-х - 70-х,16783,"Коттедж ул.Золотодолинская, 30 и менгиры на снимке 1974 года",269,8
54,Новосибирск 60-х - 70-х,16751,Петухова № 132. Школа № 65.,262,4
54,Новосибирск 60-х - 70-х,14922,Школьники запускают воздушный шар у КЮТа на Золотодолинской 25,618,18
54,Новосибирск 60-х - 70-х,16742,"Героев Труда, д. 20",342,10
54,Новосибирск 60-х - 70-х,15590,Строительство главного корпуса ИЯФ,567,20
54,Новосибирск 60-х - 70-х,16618,Космонавты на парапете террасы коттеджа Лаврентьева Золотодолинская 77,477,14
54,Новосибирск 60-х - 70-х,3520,"Ресторан ""Садко"" (Красный проспект, 96)",5066,49
54,Новосибирск 60-х - 70-х,16714,"Больничный комплекс Академгородка (ЦКБ), ул.Пирогова, 25/3",354,11
54,Новосибирск 60-х - 70-х,11235,"Фехтовальный клуб ""Виктория"", Академгородок",527,7
54,Новосибирск 60-х - 70-х,13327,Ул. Энгельса (бывш. Сталина) в посёлке гидростроителей,676,20
54,Новосибирск 60-х - 70-х,16707,Гаражи у ст. Новосибирск-Восточный. 1970-е,239,2
54,Новосибирск 60-х - 70-х,11142,Гоголя 47.,840,15
54,Новосибирск 60-х - 70-х,8958,"Жемчужная, 26, 22",566,7
54,Новосибирск 60-х - 70-х,8478,"Магазин ""1000 мелочей"" Мичурина 23",1955,54
54,Новосибирск 60-х - 70-х,5840,"Аллея почета ""Сибэлектротяжмаша""",668,9
54,Новосибирск 60-х - 70-х,405,"Проспект  Дзержинского, 7",2840,47
54,Новосибирск 60-х - 70-х,16354,Панорама ул. Русская 30.05.1972,664,18
54,Новосибирск 60-х - 70-х,16626,"""* из Вьетнама - 1966 год"" на площадке возле крыльца ДУ СО АН СССР",255,5
54,Новосибирск 60-х - 70-х,16615,Где фотографируются демонстранты?,476,11
54,Новосибирск 60-х - 70-х,14079,Как появился котлован Левая Обь,1676,11
54,Новосибирск 60-х - 70-х,16595,"Любителям Академгородка - фотоальбом ""Лесопарки СССР""",589,17
54,Новосибирск 60-х - 70-х,16568,"Улица Восход, д.№3и № 5.",316,3
54,Новосибирск 60-х - 70-х,15142,"ВААП Трудовая, 5",817,17
54,Новосибирск 60-х - 70-х,16470,"Остановка ""Дом, 45"" на Морском пр. в Академгородке",314,8
54,Новосибирск 60-х - 70-х,16564,Улица Порт-Артурская в 1964г,600,12
54,Новосибирск 60-х - 70-х,16569,Мост через 1-ю Ельцовку. (Кавалерийская),460,5
54,Новосибирск 60-х - 70-х,14593,Вопрос про будку,980,16
54,Новосибирск 60-х - 70-х,16560,"Строительство дома ул. 1905 года, 30/1.",456,7
54,Новосибирск 60-х - 70-х,11228,Забор на подъеме на Коммунальный мост. Начало 70-х.,602,6
54,Новосибирск 60-х - 70-х,795,Перекресток Ватутина-Маркса,2696,70
54,Новосибирск 60-х - 70-х,12435,"Во дворе домов Щетинкина 23, Революции 28, Депутатская 26.",651,15
54,Новосибирск 60-х - 70-х,15434,Фото здания. Время м адрес неизвестен.,374,1
54,Новосибирск 60-х - 70-х,15683,Бакалейно-гастрономический магазин Героев Труда 18/1,601,17
54,Новосибирск 60-х - 70-х,16521,"Будущий пляж ""Звезда"" в 1961 г.",380,6
54,Новосибирск 60-х - 70-х,16522,"Что не так на снимке ""ВН"" от 1.08.1969?",191,3
54,Новосибирск 60-х - 70-х,16511,Книжный магазин № 16. К. Маркса № 39.,306,4
54,Новосибирск 60-х - 70-х,15369,"На балконе дома по ул. Детский проезд, 9.",567,15
54,Новосибирск 60-х - 70-х,16507,"Конечная остановка ""Цветной проезд"", Жемчужная,32 и Весенний проезд,4",236,5
54,Новосибирск 60-х - 70-х,16500,"У здания на Садовой, 26.",321,4
54,Новосибирск 60-х - 70-х,16489,Фонтан на ж/д вокзале.,421,4
54,Новосибирск 60-х - 70-х,16474,ГПТУ № 10. Шамшурина 57.,492,4
54,Новосибирск 60-х - 70-х,15235,Перекрёсток Красного проспекта и улицы Фрунзе.,481,8
54,Новосибирск 60-х - 70-х,16452,Маршал Гречко А.А. и Ф.С.Горячев в окружном Доме офицеров. 1968 г.,396,9
54,Новосибирск 60-х - 70-х,16462,"Строится школа № 190 микрорайон ""Щ""",235,5
54,Новосибирск 60-х - 70-х,16459,"Дом ул.Революции, 28",206,4
54,Новосибирск 60-х - 70-х,16444,"Народная 7/1, 9/1.",665,13
54,Новосибирск 60-х - 70-х,16439,"Морской проспект, 4",313,9
54,Новосибирск 60-х - 70-х,15244,У входа в школу № 56 на улице Инской.,838,6
54,Новосибирск 60-х - 70-х,16449,"Улица 1-я Механическая, д.10.",206,4
54,Новосибирск 60-х - 70-х,16441,"Один из первых крупнопанельных домов в Новосибирске. Морской, 9",176,3
54,Новосибирск 60-х - 70-х,16440,"Жемчужная, 28",161,3
54,Новосибирск 60-х - 70-х,16432,"Улица Блюхера, дома № 57, 59 и 61.",249,3
54,Новосибирск 60-х - 70-х,13962,"""Красные"" на Морском проспекте.",1556,42
54,Новосибирск 60-х - 70-х,16428,"На улице Геодезической, у дома № 1..",309,4
54,Новосибирск 60-х - 70-х,16403,"Дети и автобусы возле ДК ""Юность""",660,22
54,Новосибирск 60-х - 70-х,16418,"Девятиэтажка с магазином Терешковой, 12",292,7
54,Новосибирск 60-х - 70-х,16411,Победитель лыжной военизированной игры на фоне Дома Физкультуры СО АН,211,4
54,Новосибирск 60-х - 70-х,16412,Общежитие № 8 НГУ. Девятиэтажки ул. Пирогова 20/1 и 20/2.,251,4
54,Новосибирск 60-х - 70-х,16413,Корпус Института геологии и минералогии. Коптюга 3/1,144,3
54,Новосибирск 60-х - 70-х,11373,"Пирогова,12/1. Спорткомплекс НГУ.  1983 г.",515,15
54,Новосибирск 60-х - 70-х,16402,"Осень в Академгородке. Возле Дома Связи на Ильича, 8",372,6
54,Новосибирск 60-х - 70-х,10898,"1975 г., улица Воеводского, д.1",269,4
54,Новосибирск 60-х - 70-х,11301,Строительство транспортной развязки на ул. Владимировской.,1085,27
54,Новосибирск 60-х - 70-х,14772,Пешеходный переход у Дома учёных.,314,5
54,Новосибирск 60-х - 70-х,9668,"Строительство дома по Вокзальной магистрали,11. 1972 г.",1280,30
54,Новосибирск 60-х - 70-х,15635,"Две ""свечки"" возле ""Сеятеля"" - Героев труда, 29 и 31",566,16
54,Новосибирск 60-х - 70-х,14676,"На крыше здания Пр. Лаврентьева, 6/1.",588,12
54,Новосибирск 60-х - 70-х,4346,"У гастронома на проспекте Карла Маркса, 5",1037,22
54,Новосибирск 60-х - 70-х,16384,"Онкологический диспансер, Плахотного № 2.",254,3
54,Новосибирск 60-х - 70-х,16383,Чаплыгина № 25,318,4
54,Новосибирск 60-х - 70-х,16381,Неотзеркаленное фото с демонстрантами на Морском проспекте,257,4
54,Новосибирск 60-х - 70-х,16279,"Ул. Перевозчикова, 3/1.",370,10
54,Новосибирск 60-х - 70-х,14788,На платформе ж/д вокзала.,504,9
54,Новосибирск 60-х - 70-х,16252,"Улица Весенний проезд, д. № 4 и 6А.",452,16
54,Новосибирск 60-х - 70-х,16270,Вокзальная магистраль.,741,13
54,Новосибирск 60-х - 70-х,16258,"ПТУ-55. Российская, 3 к1",323,5
54,Новосибирск 60-х - 70-х,11445,"Бугринская роща у Оби, 1960",501,8
54,Новосибирск 60-х - 70-х,16232,"Лаврентьев, Марчук и ветераны ВОВ возле дома Золотодолинская, 1",520,14
54,Новосибирск 60-х - 70-х,16250,"Дети катятся с горки возле дома Цветной проезд, 9",298,9
54,Новосибирск 60-х - 70-х,8206,Перекрёсток улиц Блюхера и Ватутина,1847,37
54,Новосибирск 60-х - 70-х,16245,Строится ВЦ. 1962,166,3
54,Новосибирск 60-х - 70-х,16244,Строится Институт математики. Рисунок Титкова,152,3
54,Новосибирск 60-х - 70-х,16228,Перекрёсток Красного проспекта и улицы Октябрьской.,555,13
54,Новосибирск 60-х - 70-х,16096,Логотип ГПВЦ СО АН СССР на перфокарте,929,28
54,Новосибирск 60-х - 70-х,14956,"Проспект Строителей от ДК ""Юность"" на старом фото",455,4
54,Новосибирск 60-х - 70-х,16224,"Корпус Института катализа им. Г.К. Борескова, пр-т Лаврентьева, 7",361,12
54,Новосибирск 60-х - 70-х,16221,"Грузовик и автокран на парковке возле Морской проспект, 4",289,4
54,Новосибирск 60-х - 70-х,16101,Проспект Маркса. 1960-е,330,6
54,Новосибирск 60-х - 70-х,9647,Перекрёсток ул.Максима Горького и Красного пр-кта.,1400,33
54,Новосибирск 60-х - 70-х,16095,"Комсомольский проспект, 37.",215,2
54,Новосибирск 60-х - 70-х,16092,"Административное здание Терешковой, 30",261,5
54,Новосибирск 60-х - 70-х,6709,Здание ДОСААФ (Планировочная 5),761,5
54,Новосибирск 60-х - 70-х,15957,Институт математики СО РАН,237,3
54,Новосибирск 60-х - 70-х,15368,Перекресток Гоголя и Мичурина,465,4
54,Новосибирск 60-х - 70-х,15938,"Где,когда?!",729,14
54,Новосибирск 60-х - 70-х,15357,"Первая панельная девятиэтажка на ул. Терешковой, 6 в Академгородке",929,12
54,Новосибирск 60-х - 70-х,15651,Улица Владимировская.,437,6
54,Новосибирск 60-х - 70-х,15668,"Столовая ВЦ. Проспект Академика Лаврентьева, 4",208,4
54,Новосибирск 60-х - 70-х,14212,Отдел иностранной литературы Дома книги,558,16
54,Новосибирск 60-х - 70-х,15939,Зима на улице.,261,2
54,Новосибирск 60-х - 70-х,5061,Проспект Димитрова перед ж/д путепроводом,2107,29
54,Новосибирск 60-х - 70-х,6575,"Реинкарнация ""Ветерка""??? (Вокзальная магистраль)",696,7
54,Новосибирск 60-х - 70-х,15933,Улица Узорная,327,5
54,Новосибирск 60-х - 70-х,15710,Ремонт главного корпуса НГУ,542,10
54,Новосибирск 60-х - 70-х,15929,Троллейбус на Красном проспекте. (Красный проспект 24),447,8
54,Новосибирск 60-х - 70-х,15930,Вид на... где?,238,2
54,Новосибирск 60-х - 70-х,2008,Снос бараков на проспекте Дзержинского в 1967 году,1395,22
54,Новосибирск 60-х - 70-х,15907,"Строительство дома ул.Котовского, 44.",341,6
54,Новосибирск 60-х - 70-х,15911,"Бердское шоссе в районе о.п. ""Обское море""",267,3
54,Новосибирск 60-х - 70-х,14290,Перекресток Гоголя-Красный проспект,846,15
54,Новосибирск 60-х - 70-х,15894,Участники первомайской демонстарции на проспекте Строителей,234,4
54,Новосибирск 60-х - 70-х,14757,Строительство НИИГАиК (Плахотного 10),491,12
54,Новосибирск 60-х - 70-х,12651,У дома № 24 по ул.Восход. 1982 год.,922,23
54,Новосибирск 60-х - 70-х,15883,"Улица Выставочная, д.32 и 34.",307,3
54,Новосибирск 60-х - 70-х,15879,Улица Геодезическая.,362,3
54,Новосибирск 60-х - 70-х,4119,"Кафе ""Минутка"" (пр-т Карла Маркса, 51)",1357,22
54,Новосибирск 60-х - 70-х,15873,"Улица Советская, д.79а.",339,5
54,Новосибирск 60-х - 70-х,15864,"Снимок с дома, Линейная 33/3. Вид в сторону Красного проспекта.",477,3
54,Новосибирск 60-х - 70-х,15475,"Улица Гоголя в районе дома № 3, 1970 год",892,22
54,Новосибирск 60-х - 70-х,15854,Вид на судоходный шлюз.,372,4
54,Новосибирск 60-х - 70-х,9530,Испытания амфибии (аэросаней) НЭТИ на городском пляже,698,25
54,Новосибирск 60-х - 70-х,15835,"Весна на Советской улице, 99.",774,11
54,Новосибирск 60-х - 70-х,15849,"Больница № 29 по ул.Змеиногорская, 23 (Якушева, 41)",323,5
54,Новосибирск 60-х - 70-х,15840,Витрины Дома моделей.,276,3
54,Новосибирск 60-х - 70-х,15839,Новосибирское метро. Первая свая 12.05.1979 год.,286,2
54,Новосибирск 60-х - 70-х,15820,Весело на лавочке зимой.,396,5
54,Новосибирск 60-х - 70-х,13334,Асфальтирование ул. Нарымская.,732,16
54,Новосибирск 60-х - 70-х,15799,НИИ гигиены (Пархоменко 7),364,4
54,Новосибирск 60-х - 70-х,15771,"Сибтекстильмаш. Инженерный корпус, Станционная 60/10.",644,14
54,Новосибирск 60-х - 70-х,15769,"Тепличный совхоз ""Кировец""",577,12
54,Новосибирск 60-х - 70-х,15776,"Афиши у кинотеатра ""Победа"".",442,6
54,Новосибирск 60-х - 70-х,15759,"Никитина,70. Вид со стадиона СибСтрИна.",392,3
54,Новосибирск 60-х - 70-х,15761,"Завод Ленина. Дуси Ковальчук 179/6, корпус НПЗ Дуси Ковальчук № 179б.",401,3
54,Новосибирск 60-х - 70-х,5096,Дом радио (Вертковская 10),1125,20
54,Новосибирск 60-х - 70-х,15750,Чаплыгина 51. Советская 12.,278,4
54,Новосибирск 60-х - 70-х,15744,"Корпус завода ""Тяжстанкогидропресс""им. А.И.Ефремова.",451,11
54,Новосибирск 60-х - 70-х,15708,Сибэлектротерм (Петухова 51),362,4
54,Новосибирск 60-х - 70-х,14493,Здания Управления железной дороги и Сибгипротранса (1962),609,8
54,Новосибирск 60-х - 70-х,5780,Ул. Ленина на пересечении с Михайловским логом.,1304,23
54,Новосибирск 60-х - 70-х,6377,"Угол Крылова и Мичурина (где будет магазин ""1000 мелочей"")",1956,35
54,Новосибирск 60-х - 70-х,8370,"Новосиб. комбинат полуфабрикатов-Фабрика заготовочная (Блюхера, 71)",1108,37
54,Новосибирск 60-х - 70-х,15680,"Трамвай, перекрёсток Фрунзе - Мичурина.",386,5
54,Новосибирск 60-х - 70-х,14027,Панорама из окна дома № 9 по ул.Восход.,860,22
54,Новосибирск 60-х - 70-х,15660,НПАТО - 2.,557,7
54,Новосибирск 60-х - 70-х,15681,Добролюбова 31 корпус 4.,222,4
54,Новосибирск 60-х - 70-х,15662,Знаменитый ослик Яшка на ул. Воеводского,751,11
54,Новосибирск 60-х - 70-х,15624,"Улица Смены, позже улица Лыкова. Весенний этюд.",447,12
54,Новосибирск 60-х - 70-х,10656,Панорама ул. Ватутина от перекрёстка с ул. Н. Данченко. 1979 год.,563,8
54,Новосибирск 60-х - 70-х,15659,"Петухова № 60,58,56,34.",495,5
54,Новосибирск 60-х - 70-х,15654,"Станиславского 3, Станиславского 7",407,7
54,Новосибирск 60-х - 70-х,1091,"Магазин ""Юный техник"" (ул. Ватутина, 15)",3489,35
54,Новосибирск 60-х - 70-х,15636,Борьба со снегом на ул. Геодезической.,393,8
54,Новосибирск 60-х - 70-х,15646,Отец и сын на фоне зимнего сада Дома Учёных,255,5
54,Новосибирск 60-х - 70-х,15645,"Переходной мост, Народная - Советская Сибирь.",359,4
54,Новосибирск 60-х - 70-х,14992,Перекрёсток Немировича-Данченко Ватутина.,1034,27
54,Новосибирск 60-х - 70-х,15639,Панорама оловокомбината. Июль 1966 год.,227,1
54,Новосибирск 60-х - 70-х,11421,"Магазин ""Цветы"" Ватутина, 19.",1201,39
54,Новосибирск 60-х - 70-х,15625,"Жемчужная, 32. Зимой 1970",200,3
54,Новосибирск 60-х - 70-х,15611,"Во дворе Новогодняя 9,Ватутина 35, Ватутина 33,2.",511,16
54,Новосибирск 60-х - 70-х,15589,Улица Блюхера.,666,17
54,Новосибирск 60-х - 70-х,15622,Субботник.,186,1
54,Новосибирск 60-х - 70-х,15621,"Эх, сынки, знали бы вы сколько повидал я на веку...",239,1
54,Новосибирск 60-х - 70-х,15620,Участники концертной бригады между Строителей 13 и 15,202,4
54,Новосибирск 60-х - 70-х,10268,"Вид со стороны улицы Мостовой, 12 Окт. 1967",471,5
54,Новосибирск 60-х - 70-х,15587,"Коляски возле молочной кухни Правды, 1",286,8
54,Новосибирск 60-х - 70-х,15585,Фрагмент фото.,333,6
54,Новосибирск 60-х - 70-х,15606,"Жилые дома в ""Б"", а в центре снимка ...?",278,7
54,Новосибирск 60-х - 70-х,15011,"Здание первого клуба, кинозала, библиотеки Академгородка",506,9
54,Новосибирск 60-х - 70-х,15603,Улица Академическая,231,3
54,Новосибирск 60-х - 70-х,15554,У стен Оперного театра.,667,17
54,Новосибирск 60-х - 70-х,15583,"Жуковского № 113/3, 113/4, 115/3, 115/4. (1963 год)",273,3
54,Новосибирск 60-х - 70-х,15577,Улица Советская на углу с Потанинской.,393,13
54,Новосибирск 60-х - 70-х,14562,"Гоголя № 41,43,45,47 (1963 год)",1251,23
54,Новосибирск 60-х - 70-х,14662,"Танковая № 31,33,35,37,39 (вид с ул. Кавалерийская)",526,6
54,Новосибирск 60-х - 70-х,11842,"Вид на дома по ул. Д.Ковальчук № 266/5,4,3 около пл. Калинина",903,20
54,Новосибирск 60-х - 70-х,15556,У кинотеатра им. В.В.Маяковского.,296,4
54,Новосибирск 60-х - 70-х,15566,Вокзальная магистраль из окна д. 5 глазами художника.,285,3
54,Новосибирск 60-х - 70-х,15558,"Где в 60-х на Богданке находилась столовая ""Чайка""?",557,11
54,Новосибирск 60-х - 70-х,15531,"Жемчужная улица, д. № 10.",265,3
54,Новосибирск 60-х - 70-х,15526,"Проспект Дзержинского, 67 и др. 1960 год",374,5
54,Новосибирск 60-х - 70-х,15532,На улице Октябрьской.,259,4
54,Новосибирск 60-х - 70-х,9564,"Продовольственный магазин на ул. Кошурникова,33.",986,19
54,Новосибирск 60-х - 70-х,8979,Кошурникова 31 и Кошурникова 27.,890,12
54,Новосибирск 60-х - 70-х,15494,"Динамовцев,7 и 9.",296,5
54,Новосибирск 60-х - 70-х,14094,"Проспект Маркса, 23.",442,14
54,Новосибирск 60-х - 70-х,15495,"Урманова,13 за школьным садом 49-й школы.",574,11
54,Новосибирск 60-х - 70-х,7885,"Еще котлован. Титова, 2",779,14
54,Новосибирск 60-х - 70-х,14682,Проспект Маркса. 1972 год.,853,18
54,Новосибирск 60-х - 70-х,5090,Дом Советов (администрация Ленинского района),1189,20
54,Новосибирск 60-х - 70-х,15492,На площади К. Маркса.,239,3
54,Новосибирск 60-х - 70-х,15476,"Пархоменко, 9. На задах.",468,4
54,Новосибирск 60-х - 70-х,15472,"Руки в брюки на фоне гостиницы ""Золотая долина""",355,3
54,Новосибирск 60-х - 70-х,15435,"""К победе коммунизма!"" лозунг на поликлинике Морской проспект, 25",305,5
54,Новосибирск 60-х - 70-х,15450,"Кропоткина,119. Школа № 74.",349,5
54,Новосибирск 60-х - 70-х,15428,"Никитина, 1/ Зыряновская,125.",508,6
54,Новосибирск 60-х - 70-х,8950,Дом писателей (Челюскинцев 39),1198,11
54,Новосибирск 60-х - 70-х,12029,"Красный проспект, 74. Фото во дворе.",954,23
54,Новосибирск 60-х - 70-х,15382,На улице Пархоменко.,668,11
54,Новосибирск 60-х - 70-х,14028,"Улица Русская, 35 и 35а.",462,11
54,Новосибирск 60-х - 70-х,9677,Поликлиника СО АН,514,8
54,Новосибирск 60-х - 70-х,15423,"Богдана Хмельницкого 6, 7, 9  1979",385,6
54,Новосибирск 60-х - 70-х,12750,Фабричная 8.,530,6
54,Новосибирск 60-х - 70-х,15413,"Стадион СО АН возле ДК ""Юность""",215,4
54,Новосибирск 60-х - 70-х,15412,"Парковка колясок возле поликлиники на Морском, 25",340,4
54,Новосибирск 60-х - 70-х,15394,Фигурное катание на катке возле администрации Советского района,454,16
54,Новосибирск 60-х - 70-х,15372,"Улица 1-я Механическая, д.№ 13, 5, 1.",628,11
54,Новосибирск 60-х - 70-х,15375,Улица Физкультурников,414,4
54,Новосибирск 60-х - 70-х,15370,Павильон старого Октябрьского рынка.,380,4
54,Новосибирск 60-х - 70-х,10421,Площадь Свердлова.,787,21
54,Новосибирск 60-х - 70-х,15352,"У кинотеатра ""Победа"".",457,9
54,Новосибирск 60-х - 70-х,12224,Специализированная ФМШ (Интернат)-Военное училище.  Иванова 35.,627,14
54,Новосибирск 60-х - 70-х,15347,Коммунистический субботник на углу Щетинкина и Урицкого.,364,8
54,Новосибирск 60-х - 70-х,10932,"НИИ Систем (Шлюз, Русская 39) 1975 год",1091,11
54,Новосибирск 60-х - 70-х,15355,В Заельцовском парке в день авиации. 1965,370,3
54,Новосибирск 60-х - 70-х,14767,На улице Гоголя.,834,22
54,Новосибирск 60-х - 70-х,15353,На проспекте Дзержинского в 1962 году,300,3
54,Новосибирск 60-х - 70-х,15349,"На улице Фрунзе, у мединститута.",311,4
54,Новосибирск 60-х - 70-х,11402,"Станиславского, 8",467,5
54,Новосибирск 60-х - 70-х,5270,"Вид на Оперный театр со строящегося дома Орджоникидзе, 27 в 1961 году",1119,28
54,Новосибирск 60-х - 70-х,15339,"УНИВЕРСАЛЬНЫЙ ЗАЛ - спорткомплекс Сибгипротранс. Вокзальная м-ль, 15",493,13
54,Новосибирск 60-х - 70-х,15278,Одно из зданий Математической школы,614,15
54,Новосибирск 60-х - 70-х,14591,У перекрестка Красного пр. и ул. Державина,770,18
54,Новосибирск 60-х - 70-х,15323,"Красный проспект, 26.",382,6
54,Новосибирск 60-х - 70-х,15309,Где-то в Академе...,281,3
54,Новосибирск 60-х - 70-х,15299,Место и год?,361,4
54,Новосибирск 60-х - 70-х,15290,Novosibirsk Street Style Men.,294,3
54,Новосибирск 60-х - 70-х,15245,"Ул. Дуси Ковальчук, 270.",347,5
54,Новосибирск 60-х - 70-х,15253,Улица Фрунзе. Здание СО АН СССР.,233,3
54,Новосибирск 60-х - 70-х,15236,На улице Горького.,300,5
54,Новосибирск 60-х - 70-х,15215,Гусинобродский жилмассив. 1974 год,540,11
54,Новосибирск 60-х - 70-х,15121,"Красный проспект, 74 со стороны двора.",403,4
54,Новосибирск 60-х - 70-х,15183,Эмалированная посуда - продукция завода им. Кузьмина,659,19
54,Новосибирск 60-х - 70-х,15122,Автомобильное многоборье и стендовая стрельба,676,26
54,Новосибирск 60-х - 70-х,6379,Прогулки по Красному проспекту в 60-е годы 20-го века,1575,45
54,Новосибирск 60-х - 70-х,15164,Укладка шпал на ул. Сибиряков-Гвардейцев в 1974 г.,347,5
54,Новосибирск 60-х - 70-х,15163,ДК Профсоюзов>ДК Строитель>Евразия>Сибирь-концерт>...,273,2
54,Новосибирск 60-х - 70-х,3610,"Универсам (ул. Ленина, 10)",4582,64
54,Новосибирск 60-х - 70-х,15150,"Строится дом Иванова, 27",283,7
54,Новосибирск 60-х - 70-х,15152,"Выступление велофигуристов на стадионе ""Сибирь""",343,6
54,Новосибирск 60-х - 70-х,15117,"Дома Русская 21, 25 и 31 на эскизе",243,4
54,Новосибирск 60-х - 70-х,12369,Русская 9,960,19
54,Новосибирск 60-х - 70-х,15131,"Автодром в ПКиО ""У моря Обского""",237,6
54,Новосибирск 60-х - 70-х,15120,За забором - строительство Машиностроительного техникума.,348,5
54,Новосибирск 60-х - 70-х,15119,Строится взрывная камера института Гидродинамики,205,4
54,Новосибирск 60-х - 70-х,14859,"Столовая ""Лада"".",1466,22
54,Новосибирск 60-х - 70-х,15104,"За спиной фотографа Цветной проезд, 1",195,5
54,Новосибирск 60-х - 70-х,11715,Академгородок Угол Морского проспекта и Терешковой.1969,662,15
54,Новосибирск 60-х - 70-х,15034,"Мальчик стоит на ходулях возле коттеджа Трофимука, 2",559,22
54,Новосибирск 60-х - 70-х,15066,Академгородок строится здание ЦС БС СО РАН 1969,239,4
54,Новосибирск 60-х - 70-х,14853,"У дома на улице Телевизионная,7.",547,11
54,Новосибирск 60-х - 70-х,15060,"Академгородок двор Морской проспект 19, 15 и Золотодолинская, 3",246,13
54,Новосибирск 60-х - 70-х,14981,Бориса Богаткова 185 и 193.,490,9
54,Новосибирск 60-х - 70-х,14771,Строительство домов на ул. Летней. ОбьГЭС.,383,7
54,Новосибирск 60-х - 70-х,4811,Улица Мостовая,1246,13
54,Новосибирск 60-х - 70-х,15035,"Лаврентьев едет мимо коттеджей Академическая, 32, 30, 24",274,5
54,Новосибирск 60-х - 70-х,15016,Книжная выставка на втором этаже Большого зала Дома Учёных,740,20
54,Новосибирск 60-х - 70-х,15030,"Вид с балкона дома Гоголя, 47, 1969 год.",357,7
54,Новосибирск 60-х - 70-х,15021,Пневмопробойники работают для ТЭЦ-3 за три года до изобретения,218,5
54,Новосибирск 60-х - 70-х,15015,Где висит большой портрет Ленина?,221,3
54,Новосибирск 60-х - 70-х,15010,Академгородок Необычный кадр коттеджей на Золотодолинской,190,2
54,Новосибирск 60-х - 70-х,14908,Куда смотрит ГАИ? Карнавал на Терешковой. Лошади на улицах Академа,278,8
54,Новосибирск 60-х - 70-х,11773,Спуск с гор в Золотой долине Академгородка,699,12
54,Новосибирск 60-х - 70-х,14997,ЗЖБИ на Шлюзе,427,3
54,Новосибирск 60-х - 70-х,14988,На улице Большевистской,291,3
54,Новосибирск 60-х - 70-х,14969,Где шагают мореманы?,286,5
54,Новосибирск 60-х - 70-х,12327,"ОбьГЭС. Ул.Энгельса, дома № 13 ,15.  60-е годы.",392,5
54,Новосибирск 60-х - 70-х,14504,"Улица Нарымская, 1972 г.",591,10
54,Новосибирск 60-х - 70-х,14946,Новосибирских окон негасимый свет.,329,10
54,Новосибирск 60-х - 70-х,14935,СибСтрин  Ленинградская 113.,312,3
54,Новосибирск 60-х - 70-х,7829,"Первый карнавал НГУ, май 1967",1170,23
54,Новосибирск 60-х - 70-х,14906,"Пр.Маркса, 22. Во дворе.",336,12
54,Новосибирск 60-х - 70-х,14945,"Снимок со здания на ул. Ильича, 17",247,6
54,Новосибирск 60-х - 70-х,4797,Стройка Президиума СО РАН.,448,7
54,Новосибирск 60-х - 70-х,14931,Улица Сибревкома. (1968 год.),446,7
54,Новосибирск 60-х - 70-х,12220,"В ресторане гостиницы ""Золотая долина"". (Ильича 10)",707,19
54,Новосибирск 60-х - 70-х,14932,Восход № 13.,245,4
54,Новосибирск 60-х - 70-х,8952,Проспект Дзержинского 42,795,14
54,Новосибирск 60-х - 70-х,14926,Дома на улице Зорге,221,3
54,Новосибирск 60-х - 70-х,14915,"Сердюкова № 2,4. (ОбьГЭС)",294,4
54,Новосибирск 60-х - 70-х,14912,Строится Ильича 1,225,6
54,Новосибирск 60-х - 70-х,14773,"Демонстранты на Пр. Маркса, у дома № 33.",550,5
54,Новосибирск 60-х - 70-х,14881,Лыщинский Георгий Павлович.,795,20
54,Новосибирск 60-х - 70-х,14897,"Мира № 26,22,20.",279,3
54,Новосибирск 60-х - 70-х,14877,"Во дворе Шамшурина № 47,45.",273,3
54,Новосибирск 60-х - 70-х,14654,Крылова № 41.,676,13
54,Новосибирск 60-х - 70-х,8412,"Гостиница аэропорта ""Толмачево"".",723,14
54,Новосибирск 60-х - 70-х,14854,"Во дворе дома на ул. Золотодолинская,1.",265,6
54,Новосибирск 60-х - 70-х,13588,"Перекрёсток Гоголя и Красного проспекта. Магазин ""Синтетика""",552,9
54,Новосибирск 60-х - 70-х,14834,Академгородок строительство здания ИЯФ,185,5
54,Новосибирск 60-х - 70-х,14494,"Петухи кричат - проснулись, чуваки идут - согнулись.",353,3
54,Новосибирск 60-х - 70-х,14830,Петухова № 122/1,227,3
54,Новосибирск 60-х - 70-х,14799,"Плахотного № 47,49(слева) Справа Плахотного 8/1 общежитие НИИГАИК.",327,4
54,Новосибирск 60-х - 70-х,14815,"Богдана Хмельницкого в районе домов № 28,29,32.",374,10
54,Новосибирск 60-х - 70-х,14769,Вид на заводоупраление НПВК.,360,7
54,Новосибирск 60-х - 70-х,14808,Где шествуют демонстранты?,185,1
54,Новосибирск 60-х - 70-х,14798,"Торец дома,Депутатская № 38.",317,7
54,Новосибирск 60-х - 70-х,14785,Челюскинцев № 3. со стороны Шамшурина.,436,8
54,Новосибирск 60-х - 70-х,14784,На балконе Станиславского 13А.,288,5
54,Новосибирск 60-х - 70-х,14764,Новосибирский хлопчатобумажный комбинат. Приграничная 1.,887,29
54,Новосибирск 60-х - 70-х,12791,У перекрестка улиц Кошурникова и Бориса Богаткова. 1974 год,528,6
54,Новосибирск 60-х - 70-х,14768,Во дворе домов № 54 и 56 по ул. 40 лет Комсомола.,234,6
54,Новосибирск 60-х - 70-х,14776,Красный проспект 98 (Орлёнок) из окна дома Красный проспект 87.,328,1
54,Новосибирск 60-х - 70-х,9542,"Лодочная станция ""Локомотив"", улица Перекатная.",582,10
54,Новосибирск 60-х - 70-х,14740,Школа интернат № 128 ( Первомайская 96),315,11
54,Новосибирск 60-х - 70-х,10113,"За ограждением троллейбусный парк ул. Алейская, 4",421,5
54,Новосибирск 60-х - 70-х,9672,"Ядринцевская,14. Институт Клинической Иммунологии",564,8
54,Новосибирск 60-х - 70-х,14698,"Красный проспект 102/2,102/3.Кропоткина 127.",514,12
54,Новосибирск 60-х - 70-х,14689,Магазин на Низменной.,173,1
54,Новосибирск 60-х - 70-х,14640,"Пожарная часть № 2 > № 1 (1980-е гг. - 1992) на ул. Чаплыгина, 38",743,15
54,Новосибирск 60-х - 70-х,10359,"Пионерский лагерь ""Зеленая республика""",1011,16
54,Новосибирск 60-х - 70-х,14623,На улице Б.Богаткова у перекрёстка с улицей Федосеева.,491,7
54,Новосибирск 60-х - 70-х,14646,"Сибиряков Гвардейцев 34,21,19,17.",431,7
54,Новосибирск 60-х - 70-х,11105,"Улица Большевистская, 35. 1975 год",444,7
54,Новосибирск 60-х - 70-х,14617,"На перекрёстке Нарымской и Челюскинцев, 1970-й год.",487,7
54,Новосибирск 60-х - 70-х,14609,"Субботник на Пр.Дзержинского, у дома № 20.",431,9
54,Новосибирск 60-х - 70-х,14590,Где сделано фото?,604,14
54,Новосибирск 60-х - 70-х,14605,Баба Даша на страже Золотой долины,800,22
54,Новосибирск 60-х - 70-х,14604,Где расположился джаз бэнд?,347,10
54,Новосибирск 60-х - 70-х,14599,Вопрос по Богданке,715,21
54,Новосибирск 60-х - 70-х,14571,Земляные работы у Сибирской 58,470,10
54,Новосибирск 60-х - 70-х,14595,"Гоголя,3 - Красный проспект, 65.",313,3
54,Новосибирск 60-х - 70-х,10055,Октябрьская магистраль. Начало.,1119,17
54,Новосибирск 60-х - 70-х,14576,Где весело работалось?,298,4
54,Новосибирск 60-х - 70-х,14543,Субботник у школы № 54.,443,9
54,Новосибирск 60-х - 70-х,9595,"начало 60-х, где?",1246,25
54,Новосибирск 60-х - 70-х,14558,В Академгородке 70-х,268,4
54,Новосибирск 60-х - 70-х,3183,Угол Маковского и Большевистской,474,5
54,Новосибирск 60-х - 70-х,14548,В студенческом городке Сибстрина,369,3
54,Новосибирск 60-х - 70-х,14512,Где,701,14
54,Новосибирск 60-х - 70-х,14513,Золоторожская улица,368,6
54,Новосибирск 60-х - 70-х,14507,"Нарымская,19. Начало строительства.",357,9
54,Новосибирск 60-х - 70-х,14491,"Вид со стороны Первомайского сквера на здания Ленина,3 и Ленина,1",549,10
54,Новосибирск 60-х - 70-х,5004,Улица Енисейская.,2747,49
54,Новосибирск 60-х - 70-х,14467,"Улица Пархоменко,7.",260,5
54,Новосибирск 60-х - 70-х,14459,"Группа на фоне гостиницы ""Обь""",276,3
54,Новосибирск 60-х - 70-х,14439,"Красный проспект, 74.",489,12
54,Новосибирск 60-х - 70-х,14438,"Перевозчикова,3.",212,3
54,Новосибирск 60-х - 70-х,14386,Сибревкома 14а,786,17
54,Новосибирск 60-х - 70-х,14394,Автоматические камеры хранения на ж/д вокзале Новосибирск-Главный.,237,4
54,Новосибирск 60-х - 70-х,14389,Что бы это могло быть?,743,14
54,Новосибирск 60-х - 70-х,14377,"Бани на ул. Красногорская, 27а.",548,22
54,Новосибирск 60-х - 70-х,14382,"Дом по ул. Вертковская, 14/2.  У школы № 101.",354,9
54,Новосибирск 60-х - 70-х,3640,По городу слонов водили...,1013,15
54,Новосибирск 60-х - 70-х,14372,Угол улиц Свердлова и Серебренниковской.,236,3
54,Новосибирск 60-х - 70-х,14364,У перехода с Красного пр. на Чаплыгина,232,3
54,Новосибирск 60-х - 70-х,14355,"Вид со двора на дома по Проспекту Маркса, 57 и 55.",393,9
54,Новосибирск 60-х - 70-х,13802,Коммунистическая № 14 (со двора),525,6
54,Новосибирск 60-х - 70-х,14331,"Улица Никитина, д. № 149.",315,5
54,Новосибирск 60-х - 70-х,14312,"Перекрёсток ул. Салтыкова-Щедрина, Революции и проспекта Димитрова.",400,7
54,Новосибирск 60-х - 70-х,11345,"Магазин для для новобрачных ""Весна""(Гоголя 1)",795,14
54,Новосибирск 60-х - 70-х,14296,"У дома по Вокзальной магистрали, 11. 1979 год",326,7
54,Новосибирск 60-х - 70-х,3730,"Студия "" Новосибирсктелефильм""",1496,19
54,Новосибирск 60-х - 70-х,14269,Овраг на улице Сакко и Ванцетти.,410,5
54,Новосибирск 60-х - 70-х,14270,"Магазин ""Зорька"". Улица Восход, 9.",356,6
54,Новосибирск 60-х - 70-х,14251,На улице Восход у перекрёстка с улицей 9-го Ноября.,547,8
54,Новосибирск 60-х - 70-х,14262,"Кирова,76 со стороны Сакко и Ванцетти.",288,3
54,Новосибирск 60-х - 70-х,14265,Улица Кирова.,357,7
54,Новосибирск 60-х - 70-х,14261,"Ул. Перевозчикова, 5.",195,4
54,Новосибирск 60-х - 70-х,14253,Проход от Морского проспекта к Цветному проезду,491,12
54,Новосибирск 60-х - 70-х,14000,Строятся дома № 3 и 5 по улице Титова.,642,11
54,Новосибирск 60-х - 70-х,14252,Панорама.,297,4
54,Новосибирск 60-х - 70-х,14235,Магазин на просп. Строителей. Вид сзади.,426,11
54,Новосибирск 60-х - 70-х,14247,Улица Сакко и Ванцетти.,606,11
54,Новосибирск 60-х - 70-х,12955,"Перекрёсток Немировича - Данченко, Сибиряков - Гвардейцев (1979 год)",746,13
54,Новосибирск 60-х - 70-х,14213,Здание.,769,10
54,Новосибирск 60-х - 70-х,14184,"Кафе ""Икар - 13"".",137,1
54,Новосибирск 60-х - 70-х,14162,Ул. Богдана Хмельницкого. Вид с крыши.,371,6
54,Новосибирск 60-х - 70-х,10408,"На реке Иня. О.П. ""Кувшинка"".",846,22
54,Новосибирск 60-х - 70-х,14112,"Гаражи во дворе дома по ул. Ватутина, 39.",283,8
54,Новосибирск 60-х - 70-х,8954,"Проспект Карла Маркса в 1962 году (торцом дом К.Маркса, 39)",1040,8
54,Новосибирск 60-х - 70-х,13991,"У дома по ул. Новая Заря, 15",371,8
54,Новосибирск 60-х - 70-х,11400,Улица Дмитрия Донского.,768,15
54,Новосибирск 60-х - 70-х,14076,Есть на форуме тема с фото из этого двора.,278,5
54,Новосибирск 60-х - 70-х,14088,"Двор дома Котовского, 21.",186,3
54,Новосибирск 60-х - 70-х,14074,И вновь три товарища. Где ? Когда?,259,6
54,Новосибирск 60-х - 70-х,14077,"Киоск ""Союзпечать"" на улице Восход у дома № 9.",218,3
54,Новосибирск 60-х - 70-х,13904,Общежитие № 3. НЭТИ.,226,4
54,Новосибирск 60-х - 70-х,14053,"Три товарища у дома по ул.Гоголя, 49.",431,14
54,Новосибирск 60-х - 70-х,14033,"На улице Гоголя, у дома № 47.",448,9
54,Новосибирск 60-х - 70-х,9069,Карла Маркса 33 и 35,497,8
54,Новосибирск 60-х - 70-х,14044,Что? Где? Когда?,398,5
54,Новосибирск 60-х - 70-х,10548,Дом Ивана Моторина в 60-е годы.,754,14
54,Новосибирск 60-х - 70-х,14035,Продление улицы Б.Богаткова,584,16
54,Новосибирск 60-х - 70-х,1313,"Блюхера, 1 и сад Кирова",954,18
54,Новосибирск 60-х - 70-х,14030,У памятника Чкалову,236,3
54,Новосибирск 60-х - 70-х,14012,"У дома на ул. Республиканской, 4. 1960",336,8
54,Новосибирск 60-х - 70-х,14003,"Двор дома по улице Ватутина, 53.",220,3
54,Новосибирск 60-х - 70-х,14002,"Красный проспект, 161.  Дворовая жизнь.",245,5
54,Новосибирск 60-х - 70-х,13981,Улица Петропавловская.  У дома № 1.,382,8
54,Новосибирск 60-х - 70-х,11366,Перекрёсток улиц Зыряновская и Гурьевская.,561,13
54,Новосибирск 60-х - 70-х,13963,"Киоск Союзпечати перед аптекой № 2, ул. Чаплыгина-Красный проспект",960,24
54,Новосибирск 60-х - 70-х,13931,У дома № 36 на Морском проспекте.,331,9
54,Новосибирск 60-х - 70-х,13928,Весёлая компания.,193,2
54,Новосибирск 60-х - 70-х,13905,"У общежития № 3 НГАСУ(СибСтрИн) на Добролюбова,52.",532,6
54,Новосибирск 60-х - 70-х,13879,"Субботник у дома по ул. Чехова, 144.",305,7
54,Новосибирск 60-х - 70-х,13880,"Улица Блюхера. Дома № 31, 35 и 37.",314,3
54,Новосибирск 60-х - 70-х,13861,У дома № 33 по ул.Блюхера.,243,3
54,Новосибирск 60-х - 70-х,13602,где-то на Гоголя?,1509,28
54,Новосибирск 60-х - 70-х,13822,На улице Новой. ( Покрышкина ).,478,14
54,Новосибирск 60-х - 70-х,13801,"У остановки ""Горская"".  1977-78г.",385,3
54,Новосибирск 60-х - 70-х,13777,"Что это за цех понятно, а вот где и для какой организации?",570,14
54,Новосибирск 60-х - 70-х,13798,"Военный городок ""Гвардейский"". 1976 год",235,3
54,Новосибирск 60-х - 70-х,13795,Где конкретно  в Академе я не знаю,261,2
54,Новосибирск 60-х - 70-х,13776,Перекрёсток Титова и Римского Корсакова.,300,5
54,Новосибирск 60-х - 70-х,13756,1974 год. 57-й год октябрьской революции.,595,18
54,Новосибирск 60-х - 70-х,13761,"Гоголя, 24. Центральный рынок, 7.11.1966",361,3
54,Новосибирск 60-х - 70-х,13730,"Общежитие НГПИ. Ул. Вилюйская,45.",670,10
54,Новосибирск 60-х - 70-х,13758,Пляж Академгородка.  апрель 1966,235,1
54,Новосибирск 60-х - 70-х,13737,"Гоголя 45 и 45А, весна, 1965",411,10
54,Новосибирск 60-х - 70-х,13738,Частный дом в районе пр. Дзержинского 34/1. июль 1964,513,5
54,Новосибирск 60-х - 70-х,1707,Перекрёсток Кошурникова и Бориса Богаткова,3049,66
54,Новосибирск 60-х - 70-х,13745,"Гоголя, 47 (1965г.)",174,0
54,Новосибирск 60-х - 70-х,13742,Проспект Дзержинского в 1967 году,289,3
54,Новосибирск 60-х - 70-х,13739,"Часовая, 19 и Часовая, 21",171,2
54,Новосибирск 60-х - 70-х,13734,где?,387,9
54,Новосибирск 60-х - 70-х,13727,Лыжницы на фоне Ботанического сада. 1960 год,311,6
54,Новосибирск 60-х - 70-х,13721,"Строящийся дом на ул. Вокзальная, 20",294,6
54,Новосибирск 60-х - 70-х,13646,"Кафе ""Чайка"".",461,9
54,Новосибирск 60-х - 70-х,13703,На аллее Красного проспекта у дома № 53.,302,5
54,Новосибирск 60-х - 70-х,13687,Дом Ученых. Ак. Городок. 1968,235,2
54,Новосибирск 60-х - 70-х,13683,"Первомайский сквер, 1977",249,2
54,Новосибирск 60-х - 70-х,13678,где?,228,4
54,Новосибирск 60-х - 70-х,13669,"Первомайский  сквер, 1975-76гг.",401,6
54,Новосибирск 60-х - 70-х,9735,"Завод ""Экран""",1052,18
54,Новосибирск 60-х - 70-х,13652,Улица Добролюбова: от Сибстрина в сторону улицы Кирова.,417,6
54,Новосибирск 60-х - 70-х,13628,"Крылова, 27.",412,5
54,Новосибирск 60-х - 70-х,13643,Перекрёсток улиц Котовского и Планировочной.,402,7
54,Новосибирск 60-х - 70-х,13641,Первомайский сквер 1976-77 гг,241,3
54,Новосибирск 60-х - 70-х,13638,Где?,334,3
54,Новосибирск 60-х - 70-х,13635,Березовая роща (1972),282,2
54,Новосибирск 60-х - 70-х,13611,Затулинский жилмассив. 1971 год,644,18
54,Новосибирск 60-х - 70-х,13618,"Гостиница ""Северная"", пр.Дзержинского, 32,  декабрь 1961",407,6
54,Новосибирск 60-х - 70-х,13608,"""Синтетика""  Мичурина, 27. От Дома Офицеров",238,1
54,Новосибирск 60-х - 70-х,11554,Парикмахерская № 34 (Восход 5),549,9
54,Новосибирск 60-х - 70-х,13598,"не могу вспомнить где это, но д.б. в Новосибирске",423,6
54,Новосибирск 60-х - 70-х,13594,На аллее Красного проспекта у Дома офицеров,420,8
54,Новосибирск 60-х - 70-х,13573,"Снимок, сделанный в Ленинском районе",386,10
54,Новосибирск 60-х - 70-х,13575,"У фасада здания по ул. Писарева,53.",283,3
54,Новосибирск 60-х - 70-х,13574,У забора ПАТП-1.,331,5
54,Новосибирск 60-х - 70-х,13546,"Двор дома по ул. Геодезической, 21. 1963 г.",546,11
54,Новосибирск 60-х - 70-х,13555,"Перетягивание каната на стадионе ""Спартак"", 70-е",262,5
54,Новосибирск 60-х - 70-х,13524,Молодёжь на ул. Семьи Шамшиных,350,6
54,Новосибирск 60-х - 70-х,13516,"Хоккейная коробка у дома по ул. Учёных, 8.  1967-68 г.",291,4
54,Новосибирск 60-х - 70-х,13418,"Таксопарк на ул. Ленинградской, 133",825,21
54,Новосибирск 60-х - 70-х,13438,Вид из Центрального парка на ул. Ядринцевскую,412,9
54,Новосибирск 60-х - 70-х,13443,"Улица Советская, д.52.",421,6
54,Новосибирск 60-х - 70-х,13453,Часовая № 7 и 9.,394,10
54,Новосибирск 60-х - 70-х,13444,"Аэроклуб. Крылова,24.",338,4
54,Новосибирск 60-х - 70-х,13434,"Бориса Богаткова № 250,252.",298,3
54,Новосибирск 60-х - 70-х,13413,"Двор дома по ул. Аэропорт,6. Середина 60-х.",231,3
54,Новосибирск 60-х - 70-х,13410,Одноклассники у школы 83,211,7
54,Новосибирск 60-х - 70-х,13373,Рядом со школой 109. 1971 год,334,7
54,Новосибирск 60-х - 70-х,13386,"На первомайской демонстрации у Красного проспекта, 1",187,3
54,Новосибирск 60-х - 70-х,8804,Титова 13,397,4
54,Новосибирск 60-х - 70-х,9955,Станиславского 6,474,6
54,Новосибирск 60-х - 70-х,13376,Часовая № 11,258,7
54,Новосибирск 60-х - 70-х,5856,Где,521,2
54,Новосибирск 60-х - 70-х,13312,Субботник на строительстве НИИГАиКа.,793,18
54,Новосибирск 60-х - 70-х,13350,У входа в общежитие № 1 НЭТИ. 1967г.,814,7
54,Новосибирск 60-х - 70-х,13349,Приморская 22 (Институт пед. иссл-й одаренности детей),587,7
54,Новосибирск 60-х - 70-х,13341,Вид на дома улицы 1-я Механическая со стороны улицы Новосёлов.,244,3
54,Новосибирск 60-х - 70-х,13336,Демонстранты у здания на Красном пр. 1,268,5
54,Новосибирск 60-х - 70-х,13310,Бориса Богаткова - Белинского.,511,12
54,Новосибирск 60-х - 70-х,13314,"Двор домов Александра Невского 12А,16А,12,16.",193,4
54,Новосибирск 60-х - 70-х,9205,Строительство Вокзальная магистраль 5. ЦУМ.,693,10
54,Новосибирск 60-х - 70-х,13305,Бегуны перед стартом.,140,1
54,Новосибирск 60-х - 70-х,13304,"На балконе общежития на Пр.Маркса, 35.",213,5
54,Новосибирск 60-х - 70-х,13300,Группа демонстрантов у остановки Сухой лог,304,11
54,Новосибирск 60-х - 70-х,13283,"У клуба ""Отдых"" 1 мая 1968 года",476,10
54,Новосибирск 60-х - 70-х,13275,На улице Бориса Богаткова,526,8
54,Новосибирск 60-х - 70-х,13279,"На улице Телевизионной, у дома № 13а в 1977 году.",358,6
54,Новосибирск 60-х - 70-х,13282,Челюскинцев-Омская(кафетерий-кулинария),533,12
54,Новосибирск 60-х - 70-х,13281,"Двор Геодезическая, 17, 19, 21",258,6
54,Новосибирск 60-х - 70-х,10645,"Челюскинцев, 15/1.",719,9
54,Новосибирск 60-х - 70-х,13271,"Прошу переместить в тему про ОП ""Центр"".",304,4
54,Новосибирск 60-х - 70-х,13252,Панорама Улицы Петухова.,590,13
54,Новосибирск 60-х - 70-х,13232,"На задворках домов Красный проспект, 75,77 и 77а в 1969 году.",623,15
54,Новосибирск 60-х - 70-х,13255,"Золотая Нива магазин ""Силуэт"" (ул. Кошурникова, 47)",373,9
54,Новосибирск 60-х - 70-х,13047,Первомайский сквер.,502,8
54,Новосибирск 60-х - 70-х,13240,"Таксопарк ПАТП-5 на ул.Нижегородской, 272",416,8
54,Новосибирск 60-х - 70-х,13140,Мемориальная доска в честь образования кружка в локомотивном депо,945,15
54,Новосибирск 60-х - 70-х,13222,"Субботник напротив Мочищенское шоссе, 18",202,5
54,Новосибирск 60-х - 70-х,3544,На перекрёстке ул. Гоголя и ул. Мичурина,799,5
54,Новосибирск 60-х - 70-х,13043,Панорама с балкона Ватутина 39.,819,17
54,Новосибирск 60-х - 70-х,13174,"Улица Космическая из окна дома по пр. Маркса,16. 1964-1965 г.",453,13
54,Новосибирск 60-х - 70-х,13151,Новосибирск в картинах художника-любителя Валерия Ромашова,1286,42
54,Новосибирск 60-х - 70-х,12976,"Панорама(будущая)от Фрунзе 67, до...",787,14
54,Новосибирск 60-х - 70-х,13184,Декабристов 4.,595,23
54,Новосибирск 60-х - 70-х,13198,Богдана Хмельницкого 45,325,9
54,Новосибирск 60-х - 70-х,13192,Забор и оградка между домами Станиславского № 12 и 10.,326,8
54,Новосибирск 60-х - 70-х,12682,Мост через реку Тула. Улица Петухова.,861,18
54,Новосибирск 60-х - 70-х,13182,Бульвар Молодежи.  У дома № 18 в 1969 году.,371,8
54,Новосибирск 60-х - 70-х,13191,Из альбома...,316,3
54,Новосибирск 60-х - 70-х,13165,Дорожные работы. площадь Южная(ныне),346,10
54,Новосибирск 60-х - 70-х,13142,"На улице Серебренниковской, у школы № 12 в 1972 году.",351,4
54,Новосибирск 60-х - 70-х,13150,Каменка. Прокладка коллектора.Вид на центральную часть города.,530,8
54,Новосибирск 60-х - 70-х,13148,Куда идём мы? И откуда?,409,9
54,Новосибирск 60-х - 70-х,13138,Городской пейзаж.,202,3
54,Новосибирск 60-х - 70-х,13125,"Петухова № 132,138,144.",582,18
54,Новосибирск 60-х - 70-х,9405,Инская 55,933,20
54,Новосибирск 60-х - 70-х,734,"""Магазин на приступках"" на ул. Кирова и вид на Сибревкомовский мост",3468,59
54,Новосибирск 60-х - 70-х,13115,"Вид с дома по ул. Гаранина,3.  Зима 1967-68 г.",460,11
54,Новосибирск 60-х - 70-х,13113,"У фотоателье на Котовского, 2. 1974 год.",412,9
54,Новосибирск 60-х - 70-х,13101,"Б. Богаткова, 63 в 1980 году.",337,4
54,Новосибирск 60-х - 70-х,13110,У перехода на углу улиц Советская-Орджоникидзе,181,3
54,Новосибирск 60-х - 70-х,13100,Красный проспект. Вид на пл. Свердлова.,243,4
54,Новосибирск 60-х - 70-х,13102,"Определяем, что строится и где?",178,1
54,Новосибирск 60-х - 70-х,13090,"Вид из дома по ул.Ватутина, 59. ~1971 год.",245,4
54,Новосибирск 60-х - 70-х,13086,По дороге в школу.,315,4
54,Новосибирск 60-х - 70-х,13087,А кому-то приятно посмотреть...,274,5
54,Новосибирск 60-х - 70-х,13077,Демонстранты на углу улиц Советской и Спартака. 1964 год.,276,4
54,Новосибирск 60-х - 70-х,13063,У дома № 18 по ул.Восход в 1973 году.,306,5
54,Новосибирск 60-х - 70-х,12938,Жилые и производственные вагоны ОПМС-19. (г.Обь),449,10
54,Новосибирск 60-х - 70-х,13046,"Во дворе дома по ул. Выставочная, 24. 1967 г.",406,6
54,Новосибирск 60-х - 70-х,13064,"У Нижегородской,27 в феврале 1979-го.",265,11
54,Новосибирск 60-х - 70-х,13045,Трамвай и вазон.,309,7
54,Новосибирск 60-х - 70-х,13014,Нарымский сквер. (75-76 год.),1474,61
54,Новосибирск 60-х - 70-х,13024,Лыжная база НЭТИ в Бугринской роще. 1971 год.,352,13
54,Новосибирск 60-х - 70-х,13023,"Ватутина (№ 41,45,47...)",266,3
54,Новосибирск 60-х - 70-х,13022,Проходная завода имени Кузьмина,201,3
54,Новосибирск 60-х - 70-х,13020,Советская 2 (областной госпиталь),286,4
54,Новосибирск 60-х - 70-х,13016,Фотозагадка наоборот,456,9
54,Новосибирск 60-х - 70-х,12620,Комсомольский проспект № 8,606,18
54,Новосибирск 60-х - 70-х,1210,"Кафе ""Лепесток"" (Челюскинцев 52)",3485,31
54,Новосибирск 60-х - 70-х,13008,На пути к площади Калинина. 1961 год,330,6
54,Новосибирск 60-х - 70-х,12997,Где бежит троллейбус?,374,5
54,Новосибирск 60-х - 70-х,12977,На проспекте Дзержинского. 1962 год,394,7
54,Новосибирск 60-х - 70-х,12991,Милая девушка.,281,3
54,Новосибирск 60-х - 70-х,12962,У перекрёстка улиц Блюхера и Космической в 1969 году.,615,13
54,Новосибирск 60-х - 70-х,12985,"У здания на Красном проспекте, 33. 1966 год",174,2
54,Новосибирск 60-х - 70-х,12975,Фонтан на территории Кинокопировальной фабрики.,269,4
54,Новосибирск 60-х - 70-х,8307,"Детский сад № 102 Лучик (Мира, 3а)",677,22
54,Новосибирск 60-х - 70-х,12970,"Маяковского № 12,14.",321,4
54,Новосибирск 60-х - 70-х,4418,"Вид на здание по ул. Пролетарская, 17 с района Сибревкомовского моста",1110,56
54,Новосибирск 60-х - 70-х,12961,У Кировского исполкома.  1969 г.,270,4
54,Новосибирск 60-х - 70-х,12948,Проспект Карла Маркса у первого корпуса НЭТИ. 1966 год,220,3
54,Новосибирск 60-х - 70-х,11752,Дом одежды - магазин и остановка транспорта,419,8
54,Новосибирск 60-х - 70-х,12941,"Здание Сибкрайсоюза - Облпотребсоюз (Красный проспект, 29)",220,5
54,Новосибирск 60-х - 70-х,12931,Демонстранты на ул. Орджоникидзе,265,6
54,Новосибирск 60-х - 70-х,3132,"Дом по ул. Сибирская, 17",846,19
54,Новосибирск 60-х - 70-х,12917,"Бориса Богаткова  190,188,186,184.",381,7
54,Новосибирск 60-х - 70-х,12836,"Ать, два, левой,",425,7
54,Новосибирск 60-х - 70-х,12824,Flash mob.,296,3
54,Новосибирск 60-х - 70-х,12446,"Эскизы будущих гостиницы ""Обь"" и театра ""Глобус"" в 1964 году",490,11
54,Новосибирск 60-х - 70-х,12839,"Двор дома по ул. Аэропорт,53.  70-е.",245,4
54,Новосибирск 60-х - 70-х,12831,"Между домами Орджоникидзе,21 и Трудовая,1. 1 апреля 1961г.",280,5
54,Новосибирск 60-х - 70-х,12820,На Красном проспекте у перекрёстка с ул.Чаплыгина. 60-е.,370,9
54,Новосибирск 60-х - 70-х,12801,"Остановка ""Телецентр"". 70-е.",642,17
54,Новосибирск 60-х - 70-х,11712,Морской проспект,287,3
54,Новосибирск 60-х - 70-х,12808,"Самая трамвайная улица города, какая?",252,5
54,Новосибирск 60-х - 70-х,12775,Обновление трамвайных путей на улице Блюхера,512,15
54,Новосибирск 60-х - 70-х,1371,"Ул. Челюскинцев, 1978 г.",1018,19
54,Новосибирск 60-х - 70-х,12799,Улица Богдана Хмельницкого. Июнь 1964 года,293,4
54,Новосибирск 60-х - 70-х,12782,"Стадион ""Спартак"" 24 июня 1974 г. Третий городской праздник песни",189,2
54,Новосибирск 60-х - 70-х,12760,Ленина № 4 и Красный проспект № 27. Многолюдный переход.,244,3
54,Новосибирск 60-х - 70-х,9381,"Магазин ""Юбилейный"" на улице Восход, 7",809,16
54,Новосибирск 60-х - 70-х,12751,Больничный городок.,412,10
54,Новосибирск 60-х - 70-х,12753,На улице Залесского. 1976 год.,260,3
54,Новосибирск 60-х - 70-х,6027,"Вид с крыши дома по ул. 25 лет Октября, 20/2 в сторону ул. Д.Давыдова",567,9
54,Новосибирск 60-х - 70-х,12718,Станция Инская (Панорама),308,3
54,Новосибирск 60-х - 70-х,12708,Фабричная 14. Развязка Димитровского моста.,261,4
54,Новосибирск 60-х - 70-х,12693,"ПАТП-9. Дегтярёва 19. (ныне торговый комплекс ""Восход"")",437,8
54,Новосибирск 60-х - 70-х,12608,"Зорге 271,261.",568,13
54,Новосибирск 60-х - 70-х,12656,Новогодняя ёлка.Затулинский жилмассив. 1977 год.,399,3
54,Новосибирск 60-х - 70-х,12617,Где же это?,490,10
54,Новосибирск 60-х - 70-х,12635,Лыщинский Г.П. 1962 г. Первомайская демонстрация.,500,11
54,Новосибирск 60-х - 70-х,12647,"Улица, на которой сделано фото?",550,10
54,Новосибирск 60-х - 70-х,12648,"У городского агентства Аэрофлота на Гоголя,3. Начало 80-х.",290,3
54,Новосибирск 60-х - 70-х,12644,Вид на Коммунальный мост и левый берег.  Около 1970 г.,335,4
54,Новосибирск 60-х - 70-х,12618,Торговый ряд старого Октябрьского рынка. 1969-1971 годы.,435,6
54,Новосибирск 60-х - 70-х,12634,"Труби, горнист, Зови в дорогу.",422,10
54,Новосибирск 60-х - 70-х,12633,"Карла Маркса 29,31,33.",273,4
54,Новосибирск 60-х - 70-х,12606,"Вид на дома по ул.Пермитина,5 и 8. 1972 год.",369,11
54,Новосибирск 60-х - 70-х,4952,"Кафе ""Ветерок"" на углу улиц Кирова и Б. Богаткова",1675,33
54,Новосибирск 60-х - 70-х,12594,"Памятник Ленину возле Дворца труда (Водник) Щетинкина,33",292,5
54,Новосибирск 60-х - 70-х,12581,"Ул.Гурьевская из окна Нижегородской, 23. На стыке 60-70х годов.",318,5
54,Новосибирск 60-х - 70-х,1783,"Фирменный магазин ""Золотой ключик"" (Вокзальная магистраль, 13)",4223,45
54,Новосибирск 60-х - 70-х,12556,Затулинка.,387,7
54,Новосибирск 60-х - 70-х,12534,Улица Трикотажная. Горбатый мост.,540,6
54,Новосибирск 60-х - 70-х,12531,Улица Кирова. 1967 год,274,3
54,Новосибирск 60-х - 70-х,12519,Вокзальная (Шамшурина) № 4 и 6.,515,9
54,Новосибирск 60-х - 70-х,12525,Ельцовка-1. Правый берег.,306,5
54,Новосибирск 60-х - 70-х,12526,Праздник улицы Ленина (1970 год),307,5
54,Новосибирск 60-х - 70-х,12510,Замывание Каменки. Обком КПСС Кирова 3 (задний план),533,13
54,Новосибирск 60-х - 70-х,12449,Улица Станиславского (Сад Кирова),650,14
54,Новосибирск 60-х - 70-х,12500,Где это?,299,2
54,Новосибирск 60-х - 70-х,12493,В Академгородке,320,4
54,Новосибирск 60-х - 70-х,10107,Вид на улицу Ленина со стороны вокзальной площади,964,32
54,Новосибирск 60-х - 70-х,12483,"Угадаем, где?",309,6
54,Новосибирск 60-х - 70-х,12452,"Вывеска ""Центральный универмаг"" на здании Облпотребсоюза в 1961-1966",349,4
54,Новосибирск 60-х - 70-х,12438,Улица Весенний проезд. 1979 год.,754,24
54,Новосибирск 60-х - 70-х,12430,Каток перед зданием Салтыкова Щедрина № 1 (1973 год.),308,4
54,Новосибирск 60-х - 70-х,12424,"Интерьер кафе ""Снежинка""после капитального ремонта.",368,8
54,Новосибирск 60-х - 70-х,12417,"Перекрёсток (будущий) Пр.Димитрова,Вокзальная магистраль.",645,9
54,Новосибирск 60-х - 70-х,11696,На Ботаническом жилмассиве. 1963 год,431,8
54,Новосибирск 60-х - 70-х,12416,Вид на ул. Богдана Хмельницкого в 1966 году,483,7
54,Новосибирск 60-х - 70-х,7903,"Маркса, 55. 1961 год",422,6
54,Новосибирск 60-х - 70-х,12402,Весёлая компания и младенец на улице Енисейской.,335,4
54,Новосибирск 60-х - 70-х,12412,2-я Ельцовка в районе ул. Песочная.,307,6
54,Новосибирск 60-х - 70-х,12395,"Дом по Красному проспекту, 188 на площади Калинина",381,10
54,Новосибирск 60-х - 70-х,12390,Заельцовский парк (детский городок),381,9
54,Новосибирск 60-х - 70-х,12384,Перекресток на Бердском шоссе у проспекта Строителей,508,10
54,Новосибирск 60-х - 70-х,3191,"Строительство ""Праздничного зала"" (Красный пр-т, 88)",1025,9
54,Новосибирск 60-х - 70-х,854,Первая 12-этажка,1474,16
54,Новосибирск 60-х - 70-х,12383,"НИЦ Космической гидрометеорологии ""Планета"". Сибирский центр.",366,5
54,Новосибирск 60-х - 70-х,12364,Вид из окна дома Зорге 233 (1973 год),241,3
54,Новосибирск 60-х - 70-х,12352,Вид на новые дома по улице Тургенева. 1971 год,554,15
54,Новосибирск 60-х - 70-х,12346,Разборка трамвайного пути между замытой Каменкой и Мостовой. 1971 год,296,7
54,Новосибирск 60-х - 70-х,12333,Электричка у спартаковского моста. 1971 год,257,6
54,Новосибирск 60-х - 70-х,12305,"Ул.1-я Механическая, д.2. 1970 г.",450,8
54,Новосибирск 60-х - 70-х,12328,"Котовского, 17. У входа в почтовое отделение № 100.",5606,3
54,Новосибирск 60-х - 70-х,12316,"Новосибирские школьники на экскурсии в Академгородке, 1960",286,7
54,Новосибирск 60-х - 70-х,12309,Улица Сызранская. 1961 год.,321,7
54,Новосибирск 60-х - 70-х,12252,"1-я Механическая ул.,5а.  Детский сад.",587,9
54,Новосибирск 60-х - 70-х,12287,"Где эта улица,где этот дом?",561,12
54,Новосибирск 60-х - 70-х,12274,Улица Сызранская. 60-е.,339,11
54,Новосибирск 60-х - 70-х,12268,У Обского моря.,328,4
54,Новосибирск 60-х - 70-х,12258,Богдана Хмельницкого 2 (Сибакадемпроект - ВНИИПИЭТ.),488,8
54,Новосибирск 60-х - 70-х,12204,"Карла Маркса 8 и Карла Маркса, 8/1.",445,8
54,Новосибирск 60-х - 70-х,12199,Клещихинское кладбище.,340,3
54,Новосибирск 60-х - 70-х,12173,Первомай на улице Молодости. 1960 г.,375,11
54,Новосибирск 60-х - 70-х,12164,Где идут демонстранты?,270,2
54,Новосибирск 60-х - 70-х,12147,"Определяем, где друзья-подружки стоят?",439,14
54,Новосибирск 60-х - 70-х,12149,Морской проспект.(торговля цветами),229,3
54,Новосибирск 60-х - 70-х,12148,"Улица Кирова в районе станции метро""Октябрьская"".",474,6
54,Новосибирск 60-х - 70-х,12141,Институт экономики и организации промышленного производства,220,5
54,Новосибирск 60-х - 70-х,12130,Вокзальная (Шамшурина) 47(б),557,13
54,Новосибирск 60-х - 70-х,8717,"Кошурникова, 41, 39, 37",292,6
54,Новосибирск 60-х - 70-х,11460,"Во дворе  Бориса Богаткова. 174, 170, 166, 162.",403,7
54,Новосибирск 60-х - 70-х,2663,"Лодочная база ""Высота""",3888,83
54,Новосибирск 60-х - 70-х,12036,Асфальтирование улицы Фабричной,225,3
54,Новосибирск 60-х - 70-х,12016,"Шамшурина, 12.",362,9
54,Новосибирск 60-х - 70-х,12018,Железнодорожная больница,214,5
54,Новосибирск 60-х - 70-х,11972,У автодрома на Гусинобродском шоссе,431,8
54,Новосибирск 60-х - 70-х,11980,Субботник на ул. Владимировской (дома Владимировский спуск 11 и 9),298,6
54,Новосибирск 60-х - 70-х,11981,"Территория школы № 84 ​(Кубановская, 17а)",176,4
54,Новосибирск 60-х - 70-х,11959,"Улица Большевистская в 1964 году на  фоне домов 151, 153 и 163",363,8
54,Новосибирск 60-х - 70-х,11954,"У здания РИКа Железнодорожного р-на на ул. Ленина, 57 в 1977 году",238,3
54,Новосибирск 60-х - 70-х,11930,Пятиэтажки на ул. Новогодней в 1969 году,288,6
54,Новосибирск 60-х - 70-х,11928,Затулинский жилмассив,324,10
54,Новосибирск 60-х - 70-х,3515,"Улица Челюскинцев, четная сторона",1075,24
54,Новосибирск 60-х - 70-х,11856,Электричка около станции Сеятель в 1970 г.,401,9
54,Новосибирск 60-х - 70-х,11881,Автобус (маршрут № 9) Привокзальная площадь.,245,3
54,Новосибирск 60-х - 70-х,11869,Сибиряков гвардейцев в районе Тулы.,222,3
54,Новосибирск 60-х - 70-х,11868,"Сквер ""Василёк""",367,5
54,Новосибирск 60-х - 70-х,11851,"Кинотеатр ""Обь"".",544,5
54,Новосибирск 60-х - 70-х,11847,Дома на улице Гурьевской в 1966 году,262,3
54,Новосибирск 60-х - 70-х,11805,Орджоникидзе 21 и Советская 49.,485,13
54,Новосибирск 60-х - 70-х,11488,"Панорама с торца Красный проспект, 87 в сторону площади Калинина.",677,9
54,Новосибирск 60-х - 70-х,11798,Бывшая гостиница (Морской проспект 25),469,11
54,Новосибирск 60-х - 70-х,11774,Электричка на станции Сибирская,292,6
54,Новосибирск 60-х - 70-х,11754,Студентки-гимназисточки. Где они?,489,11
54,Новосибирск 60-х - 70-х,11759,"Аптека № 214 (Учительская, 18)",205,3
54,Новосибирск 60-х - 70-х,11757,На крыльце у главного входа в Институт Связи.  60-е годы.,256,2
54,Новосибирск 60-х - 70-х,11740,Улица Богдана Хмельницкого в гирляндах в канун 7 ноября 1963 года,321,6
54,Новосибирск 60-х - 70-х,11728,Определим точное место движения?,528,17
54,Новосибирск 60-х - 70-х,11723,Справочное бюро в кассовом зале 2-го этажа вокзала Новосибирск-Главный,431,10
54,Новосибирск 60-х - 70-х,11713,"Детский сад № 300, Цветной проезд, 13",293,6
54,Новосибирск 60-х - 70-х,11714,Детская соматическая больница => 19-й корпус ГКБ № 25 (Власова 17),234,7
54,Новосибирск 60-х - 70-х,11710,"Общежитие № 4 НГУ на улице Пирогова, 8",462,6
54,Новосибирск 60-х - 70-х,11427,"Дом Новос.фил. проект. ин-та Цветметпроект, Серебренниковская, 19,1960",247,4
54,Новосибирск 60-х - 70-х,11695,Митинг у ДК им. Горького по благоустройству и культуре быта Богданки,169,3
54,Новосибирск 60-х - 70-х,11689,Пионерский лагерь имени Олега Кошевого в 1963 году,668,10
54,Новосибирск 60-х - 70-х,11685,Автомобили на проспекте Дзержинского,221,3
54,Новосибирск 60-х - 70-х,11675,Переход на перекрестке Красный проспект-Октябрьская,159,3
54,Новосибирск 60-х - 70-х,11672,Асфальтирование дороги у домов 81 и 83 по ул. Семьи Шамшиных,279,5
54,Новосибирск 60-х - 70-х,11669,"Улица Гоголя, 1963 год",310,4
54,Новосибирск 60-х - 70-х,11602,Восход № 18 и 14.,386,8
54,Новосибирск 60-х - 70-х,11670,Когда эта улица сменила название на другое?,243,5
54,Новосибирск 60-х - 70-х,8953,"Морской проспект, 60-ые годы",1041,50
54,Новосибирск 60-х - 70-х,11644,На балконе  проспект Димитрова 12.,344,5
54,Новосибирск 60-х - 70-х,11626,Во дворе домов  № 7 и № 9 по ул. Восход. 70-е годы.,343,4
54,Новосибирск 60-х - 70-х,11616,В Центральном парке начала 70-х,288,3
54,Новосибирск 60-х - 70-х,11614,На территории МСЧ-25 в 1970 году,249,3
54,Новосибирск 60-х - 70-х,11604,Студенты у дома № 4 по ул. Геодезической.,242,2
54,Новосибирск 60-х - 70-х,11612,Вокзальная магистраль 19 (тогда Советская 49),279,3
54,Новосибирск 60-х - 70-х,2003,"Ресторан ""Обь"" > кафе ""Сосна"" (ул. Авиастроителей, 11)",1093,18
54,Новосибирск 60-х - 70-х,11408,"Любовь, Комсомол и Весна .",444,6
54,Новосибирск 60-х - 70-х,11591,"У здания аэропорта ""Толмачево"". 1970г.",264,3
54,Новосибирск 60-х - 70-х,11599,Панорама какого строительства?,219,2
54,Новосибирск 60-х - 70-х,11585,Улица Кавалерийская.,294,4
54,Новосибирск 60-х - 70-х,11569,У заброшенной стройки спортивного комплекса на Горской.,374,2
54,Новосибирск 60-х - 70-х,11557,"Серебренниковская, 14",635,12
54,Новосибирск 60-х - 70-х,11551,"Депутатская, 38.",256,3
54,Новосибирск 60-х - 70-х,11552,"Кирова 82, Кирова, 86, к.3 и Нижегородская, 23",380,6
54,Новосибирск 60-х - 70-х,6588,Железнодорожный почтамт (Вокзальная (Шамшурина) 45),724,8
54,Новосибирск 60-х - 70-х,11546,Во дворе главного корпуса  НЭИС.(Кирова 86),256,3
54,Новосибирск 60-х - 70-х,11532,Остановка транспорта Клуб имени Жданова. 1961 год,468,6
54,Новосибирск 60-х - 70-х,11481,Деревяное здание Октябрьского ГАИ.,748,15
54,Новосибирск 60-х - 70-х,11505,Нестандартное в стандартном на Ильича 7,501,17
54,Новосибирск 60-х - 70-х,11512,У перекрёстка Красного проспекта с ул. Коммунистической. 1961 год,241,4
54,Новосибирск 60-х - 70-х,11503,Вид на Красный проспект с новогодней Ёлки,301,7
54,Новосибирск 60-х - 70-х,9965,В 78-м Брежнев проехал в Пашино через поселок Садовый,1379,31
54,Новосибирск 60-х - 70-х,11491,На улице Сибиряков-Гвардейцев. 1965,393,3
54,Новосибирск 60-х - 70-х,11477,НЭИС (Кирова 86),366,4
54,Новосибирск 60-х - 70-х,11471,"Кафе ""Чайка"" (ул. Ветлужская, 6)",246,5
54,Новосибирск 60-х - 70-х,11346,"Трамвай маршрута № 12, связавший Кировский район с Октябрьским",1034,19
54,Новосибирск 60-х - 70-х,11456,"У нового корпуса Сибстрина, 1960 год",191,3
54,Новосибирск 60-х - 70-х,11453,Проспект Дзержинского.Слева вдали Гоголя 182.Справа берёзовая роща.,305,4
54,Новосибирск 60-х - 70-х,11442,Проект реконструкции главных магистралей города (1960),479,11
54,Новосибирск 60-х - 70-х,11448,"Афиши кинотеатра ""Пионер"" о начале кинофестиваля, 1960",322,14
54,Новосибирск 60-х - 70-х,11447,Субботник на ул. Восход.,190,4
54,Новосибирск 60-х - 70-х,11440,Новый техникум на ул. Богдана Хмельницкого и его общежития. 1960,434,11
54,Новосибирск 60-х - 70-х,10483,"Строительство ""Дом быта""(Красный проспект, 50)",476,7
54,Новосибирск 60-х - 70-х,11436,"На загадку не тянет, но всё же, где?",346,10
54,Новосибирск 60-х - 70-х,11441,Вид улицы Летней от Новоморской. 1960,250,7
54,Новосибирск 60-х - 70-х,11439,Улица Зорге 179 (слева)269(справа),324,6
54,Новосибирск 60-х - 70-х,11422,Благоустройство двора Гаранина № 5 и № 1 (1968 год),374,9
54,Новосибирск 60-х - 70-х,11438,"На стадионе ""Дзержинец"" в 1960 году",167,3
54,Новосибирск 60-х - 70-х,11435,На Красном проспекте возле клуба им. Ворошилова. 1960,218,3
54,Новосибирск 60-х - 70-х,11423,Торговки цветов у почтамта,252,5
54,Новосибирск 60-х - 70-х,11418,"Фрунзе 3/Советская 34, 1960",404,6
54,Новосибирск 60-х - 70-х,11424,"Проект здания по Красному проспекту, 65 - угол с ул. Гоголя. 1960",240,7
54,Новосибирск 60-х - 70-х,11419,Шестигранные вазоны у вокзала Новосибирск-Главный. 1960,232,3
54,Новосибирск 60-х - 70-х,11415,IV областной фестиваль молодежи 25-26 июня 1960 года,259,5
54,Новосибирск 60-х - 70-х,11405,"В кафе ""Мороженое"" на проспекте Сталина, 23",576,17
54,Новосибирск 60-х - 70-х,11416,Движение колонны по Красному проспекту в 1960 году,184,5
54,Новосибирск 60-х - 70-х,11409,"На балконе общежития № 1 НИИЖТа.   Улица Дуси Ковальчук, 187.",314,5
54,Новосибирск 60-х - 70-х,11404,Читальный зал НЭИС. 1962 год,165,5
54,Новосибирск 60-х - 70-х,11393,"Строительство здания по ул. Сибревкома, 2 в 1960 году",321,3
54,Новосибирск 60-х - 70-х,11386,"Когда на Красном проспекте появились ""светящиеся"" переходы?",247,2
54,Новосибирск 60-х - 70-х,11381,"У кинотеатра ""Аврора"".  1978 г.",375,3
54,Новосибирск 60-х - 70-х,11376,Строительство на ул.  6-й пятилетки,290,6
54,Новосибирск 60-х - 70-х,11326,Ельцовка. Дачная 19 (задний план),564,11
54,Новосибирск 60-х - 70-х,11360,Строительство коллектора для реки Каменки. 1967 г.,693,6
54,Новосибирск 60-х - 70-х,11355,"Соревнования спортсменов НИИЖТа, апрель 1962",254,3
54,Новосибирск 60-х - 70-х,11353,"Ватутина 29, 31",427,14
54,Новосибирск 60-х - 70-х,11341,Вид на Красный проспект. 1962 год,450,13
54,Новосибирск 60-х - 70-х,1958,Большевистская в 60-е годы.,4319,68
54,Новосибирск 60-х - 70-х,11348,Поливочная техника у вокзала Новосибирск-Главный. 1962 год,248,3
54,Новосибирск 60-х - 70-х,11342,Улица Ватутина. 1962 год,305,4
54,Новосибирск 60-х - 70-х,11347,Парад в честь 40-летия советской пионерии 20 мая 1962 года,266,4
54,Новосибирск 60-х - 70-х,11337,Движение поезда под горбатым мостом перед ст. НСК-Восточный,285,7
54,Новосибирск 60-х - 70-х,11334,"Ул.Пархоменко,9.  1974 год.",261,6
54,Новосибирск 60-х - 70-х,11340,Улица Римского-Корсакова. 1962 год,188,3
54,Новосибирск 60-х - 70-х,11335,Где были такие светильники?,241,7
54,Новосибирск 60-х - 70-х,11319,"Двор дома Ватутина,7/ Пермитина,1.",441,10
54,Новосибирск 60-х - 70-х,11322,"""Вечерка"" от 26.01.1962 о приезде певца С.Я.Лемешева",337,13
54,Новосибирск 60-х - 70-х,11276,"Бульвар Молодёжи, 30А. (?)  1976 г.",1395,39
54,Новосибирск 60-х - 70-х,11311,"Строительство дома по ул.Ватутина,11. Конец 70-х.",230,3
54,Новосибирск 60-х - 70-х,11304,"На Проспекте Маркса, у дома № 43. Ноябрь, 1973 года.",420,8
54,Новосибирск 60-х - 70-х,11305,Первомай на ул. Октябрьской. 1967 год.,400,7
54,Новосибирск 60-х - 70-х,5626,"Сибирская, 21",749,18
54,Новосибирск 60-х - 70-х,11298,Улица Нарымская с путепровода в сторону Ельцовки,431,8
54,Новосибирск 60-х - 70-х,11299,Ул. Военная. 1970 г.,453,14
54,Новосибирск 60-х - 70-х,11284,Мостик через 2-ю Ельцовку по ул. Сухарной.,530,10
54,Новосибирск 60-х - 70-х,11293,Перекрёсток улиц Ватутина и Пермитина. 1967 год.,405,9
54,Новосибирск 60-х - 70-х,11289,"Гурьевская,47 (1969 год.)",508,6
54,Новосибирск 60-х - 70-х,11281,"Субботник на ул. Кирова. На фоне строящегося здания по ул. Никитина,20",369,8
54,Новосибирск 60-х - 70-х,11290,Проспект Строителей. 1976 г.,326,3
54,Новосибирск 60-х - 70-х,11274,"Сибиряков-Гвардейцев,29. Коопторг.",844,14
54,Новосибирск 60-х - 70-х,11278,"У домов по ул. Пермитина, 1/1 и 3/1.",372,13
54,Новосибирск 60-х - 70-х,11280,Крылова 81.,189,1
54,Новосибирск 60-х - 70-х,11267,"Пермитина,6. Вид в сторону ул. Выставочной.",318,5
54,Новосибирск 60-х - 70-х,11271,"Остановка ""Башня"". Карла Маркса, 3 и 5.",702,6
54,Новосибирск 60-х - 70-х,11253,Улицы Геодезическая и Новогодняя. 1971г.,452,11
54,Новосибирск 60-х - 70-х,11254,Вид ул.Ватутина от дома № 26 в 1967 году.,363,7
54,Новосибирск 60-х - 70-х,11250,На крыше общежития № 9 НГМИ.,295,5
54,Новосибирск 60-х - 70-х,11249,"Союза Молодёжи 2-я, 33.",294,3
54,Новосибирск 60-х - 70-х,11242,Геодезическая улица.,392,5
54,Новосибирск 60-х - 70-х,11234,"Улица Ватутина. Слева № 13, справа № 16.",255,3
54,Новосибирск 60-х - 70-х,11238,"Дом офицеров, ""Музей Боевой Славы"".Красный проспект, 63.",296,4
54,Новосибирск 60-х - 70-х,11231,"Общежитие  № 5 НГМИ (Медкадры, 5)",589,8
54,Новосибирск 60-х - 70-х,11230,Крылова 89а.,290,3
54,Новосибирск 60-х - 70-х,11222,Дом № 33 по Улице...?,385,6
54,Новосибирск 60-х - 70-х,11220,Памятный камень и флагшток в Краснообске.,379,8
54,Новосибирск 60-х - 70-х,11213,Где это?,319,3
54,Новосибирск 60-х - 70-х,4646,Вид из поймы Каменки на дома по ул. Б. Богаткова и ул. Федосеева,1766,47
54,Новосибирск 60-х - 70-х,11204,Вид на Сибиряков-гвардейцев со стороны пл. Маркса.,371,3
54,Новосибирск 60-х - 70-х,11200,"Гаранина 5 ,1 и достраивающийся бассейн СКА.",473,9
54,Новосибирск 60-х - 70-х,11194,Субботник на улице Бориса Богаткова,360,5
54,Новосибирск 60-х - 70-х,11059,"Б.Богаткова,262. Вид со двора. Виден дом по ул. Б.Богаткова,251.",1148,32
54,Новосибирск 60-х - 70-х,7002,Ворота ипподрома.,1002,17
54,Новосибирск 60-х - 70-х,11166,"Подземный переход к пристани "" Октябрьская"". 1966-67 г.",984,21
54,Новосибирск 60-х - 70-х,9943,"Плахотного, 10 (НИИГАиК)",518,5
54,Новосибирск 60-х - 70-х,3577,"Дом Быта (Красный проспект, 50)",2138,13
54,Новосибирск 60-х - 70-х,11133,"Трамваи на пересечении улиц Гоголя, Дзержинского, Кошурникова.",663,14
54,Новосибирск 60-х - 70-х,11146,"Школа № 2. Улица Чехова, 271.",385,6
54,Новосибирск 60-х - 70-х,11110,Вопрос что за барак и где,741,14
54,Новосибирск 60-х - 70-х,11123,"3-го Интернационала, 276 (слева), Дунайская, 15 (справа)",382,5
54,Новосибирск 60-х - 70-х,11118,Котлован на Горской. Водно-лыжная станция.,329,4
54,Новосибирск 60-х - 70-х,11116,Ермака 85. (12.05. 1973 год.),389,7
54,Новосибирск 60-х - 70-х,11117,Ипподромская. Вид от ул. Крылова на ул. Гоголя (9-эт.- Гоголя 49),507,5
54,Новосибирск 60-х - 70-х,11099,"Улица Нарымская, 1977 г.",1051,14
54,Новосибирск 60-х - 70-х,11094,Лестница у дома № 102 по ул.Немировича-Данченко.,492,8
54,Новосибирск 60-х - 70-х,11095,"Скульптура ""Футболисты"". СК""Кировец"". ул. Ватутина,12.",760,16
54,Новосибирск 60-х - 70-х,11096,"Коридор общежития № 5 НЭТИ. Ул. Блюхера,30.",718,16
54,Новосибирск 60-х - 70-х,11097,Территория завода им. Ефремова.,383,9
54,Новосибирск 60-х - 70-х,11093,"Костычева  № 13,11",563,12
54,Новосибирск 60-х - 70-х,8792,Проспект Дзержинского № 77 и № 79,3081,26
54,Новосибирск 60-х - 70-х,11108,"Здание бывшей школы № 24 на ул. Дуси Ковальчук,67.",344,6
54,Новосибирск 60-х - 70-х,11103,Вид на дома 35-37 по ул. Танковая с ул. Кавалерийской,546,8
54,Новосибирск 60-х - 70-х,11098,"Балкон ресторана ""Сибирь"". Красный проспект,28.",590,10
54,Новосибирск 60-х - 70-х,10924,Институт Связи. Плац военной подготовки. 1967 год.,686,12
54,Новосибирск 60-х - 70-х,8447,Ул. Сигнальная 25. 1960 год,2398,74
54,Новосибирск 60-х - 70-х,7937,"ул. Новогодняя, вид на Прогимназию № 1",588,9
54,Новосибирск 60-х - 70-х,11058,Панорама зоопарка и ПАТП-1.,610,7
54,Новосибирск 60-х - 70-х,11055,Где такая панорама?,401,8
54,Новосибирск 60-х - 70-х,9436,Трикотажная 60/3  64-65 год,839,22
54,Новосибирск 60-х - 70-х,11052,Сквер перед Стоквартирным домом.,425,3
54,Новосибирск 60-х - 70-х,11045,На дамбе Октябрьского моста,255,4
54,Новосибирск 60-х - 70-х,11044,Ул.Героев труда и Пр.Строителей.,480,6
54,Новосибирск 60-х - 70-х,11036,Улица Авиационная. Забор Сада Дзержинского.,674,19
54,Новосибирск 60-х - 70-х,8262,Учительская в первой половине 1960-х,1136,21
54,Новосибирск 60-х - 70-х,11031,"Тыща хорошо, а 37000 лучше!!!",499,14
54,Новосибирск 60-х - 70-х,9404,"Кропоткина,106/2 Магазин № 36?",719,11
54,Новосибирск 60-х - 70-х,11030,Группа молодых людей позирует на территории НИИГАИКа,456,9
54,Новосибирск 60-х - 70-х,10991,Группа студенток пединститута после кросса в Заельцовском парке,341,5
54,Новосибирск 60-х - 70-х,5005,Ул. Ленина 48. Общежитие пединститута.,673,12
54,Новосибирск 60-х - 70-х,10987,Эстафета в створе ул. Орджоникидзе.,237,3
54,Новосибирск 60-х - 70-х,10979,Студгородок СибСТРИНа,412,10
54,Новосибирск 60-х - 70-х,10963,Новый жилмассив поглощает старые улицы. Где это?,728,21
54,Новосибирск 60-х - 70-х,10971,Студенты НИИВТа на строительстве Димитровского моста.,257,5
54,Новосибирск 60-х - 70-х,10613,Возле школы № 84. Кубановская 17а.,697,17
54,Новосибирск 60-х - 70-х,10961,Во дворе дома № 58 по ул. Советская. 1972 год.,572,20
54,Новосибирск 60-х - 70-х,9957,Пархоменко 14,456,7
54,Новосибирск 60-х - 70-х,10931,Улица Революции 28. 1975 год,351,9
54,Новосибирск 60-х - 70-х,2873,"Гастроном на углу ул. Кирова и ул. Восход (ул. Кирова, 80)",1471,25
54,Новосибирск 60-х - 70-х,10926,Во дворе Гоголя 17.,347,9
54,Новосибирск 60-х - 70-х,10919,На крыше дома №...?!,237,1
54,Новосибирск 60-х - 70-х,9994,"Во дворах домов по пр.Маркса,24/1 и 24/2.",386,10
54,Новосибирск 60-х - 70-х,10893,"Уборка снега с крыши кинотеатра ""Победа"".",321,4
54,Новосибирск 60-х - 70-х,10883,Объединения 35 (НОКВД),331,4
54,Новосибирск 60-х - 70-х,10876,Проспект Дзержинского 26 (Субботник возле радиотехникума),305,5
54,Новосибирск 60-х - 70-х,10873,Владимировская 33,334,5
54,Новосибирск 60-х - 70-х,10865,"Улица Федосеева. Вид вверх, в сторону улицы Б.Богаткова.",428,5
54,Новосибирск 60-х - 70-х,10872,Благоустройство территории цирка,208,2
54,Новосибирск 60-х - 70-х,10859,"Ватутина,33;37,39.Торец  интерната Ватутина,30 и Новогодняя,4/1.",429,9
54,Новосибирск 60-х - 70-х,10853,"Субботник на территории Сибстрина. Апрель, 1975 г.",491,13
54,Новосибирск 60-х - 70-х,10854,Орджоникидзе 21(угол) справа торец Облпотребсоюза.,349,8
54,Новосибирск 60-х - 70-х,10852,В Торговом центре Академгородка (1971),406,4
54,Новосибирск 60-х - 70-х,10800,"Вид от дома по ул.Ватутина,43 в сторону улицы Геодезической. 1969 год.",1418,37
54,Новосибирск 60-х - 70-х,10825,Вид домов по ул. Ватутина со двора Ватутина 39,489,12
54,Новосибирск 60-х - 70-х,10821,"Остановка ""Башня"" (Автобус Skoda 706RTO) справа Карла Маркса,6",807,23
54,Новосибирск 60-х - 70-х,10820,Затулинка,489,20
54,Новосибирск 60-х - 70-х,10812,Улица Каменская. 70-е.,395,4
54,Новосибирск 60-х - 70-х,10811,"Запорожец возле Карла Маркса, 2 / Ватутина, 29 (1965 год)",414,12
54,Новосибирск 60-х - 70-х,10798,"Вид на Обь от парка Бугринская роща, 1971 год",1184,35
54,Новосибирск 60-х - 70-х,10806,"Старый аэровокзал городского аэропорта ""Северный"" 1961 год.",440,9
54,Новосибирск 60-х - 70-х,10805,ДК. Чкалова с крыши Трикотажная 31.,352,4
54,Новосибирск 60-х - 70-х,10793,Панорама со стороны 2-го Краснодонского переулка (квартал 36),404,7
54,Новосибирск 60-х - 70-х,6438,"Здание по ул.Щетинкина, 51 -  снесено",776,17
54,Новосибирск 60-х - 70-х,10765,Во дворе школы № 42.,292,8
54,Новосибирск 60-х - 70-х,10750,Приведение планеты в порядок. Укажите место проведения работ.,566,16
54,Новосибирск 60-х - 70-х,10756,Улица Крылова. Напротив Техникума геодезии и картографии.,543,3
54,Новосибирск 60-х - 70-х,10753,Где шествуют демонстранты?,196,0
54,Новосибирск 60-х - 70-х,10739,"Дуси Ковальчук,в сторону Площади Калинина. (70-71 год)",623,7
54,Новосибирск 60-х - 70-х,10737,Профилакторий новосибирского завода радиодеталей,238,4
54,Новосибирск 60-х - 70-х,10730,Школа № 178.,256,3
54,Новосибирск 60-х - 70-х,10722,"Промышленная 26, 28, 30. 32. (в сторону Трикотажной)",351,5
54,Новосибирск 60-х - 70-х,10713,Владимировская № 4 (во дворе) 1961 год.,446,13
54,Новосибирск 60-х - 70-х,10547,Это где?!,667,12
54,Новосибирск 60-х - 70-х,10700,Снегоуборка возле НИИИП (Горького 78),328,10
54,Новосибирск 60-х - 70-х,10629,Во дворе Орджоникидзе 33 (Мичурина 2) 1973 год.,1487,32
54,Новосибирск 60-х - 70-х,2535,"Перекрёсток ул. Плановой и Дуси Ковальчук, 1979 год.",2942,50
54,Новосибирск 60-х - 70-х,10694,"Общежитие № 6 и Блюхера, 65 (1978год.)",339,6
54,Новосибирск 60-х - 70-х,7975,"Нарымская, 25",470,9
54,Новосибирск 60-х - 70-х,10676,Димитровский мост. Начало.,559,12
54,Новосибирск 60-х - 70-х,10680,"Хорст Битнер посол ГДР, Новосибирский Оловозаводе, октябрь 1971 год.",407,15
54,Новосибирск 60-х - 70-х,10655,Гоголя на пересечении с Ипподромской. 1979 год.,426,5
54,Новосибирск 60-х - 70-х,10619,Ленина 59. Вокзальная магистраль 3(строится),326,4
54,Новосибирск 60-х - 70-х,10616,"Пески на пересечении  Кубановской,Понтонной и Чернышевского спуска.",434,16
54,Новосибирск 60-х - 70-х,10617,"Старый двухэтажный дом на ул. Добролюбова, 14А",317,7
54,Новосибирск 60-х - 70-х,10611,"Красный проспект 90, 92 , 94 и 92/1",493,12
54,Новосибирск 60-х - 70-х,10615,Мелькомбинат и Большевистская 151.,255,7
54,Новосибирск 60-х - 70-х,10614,"Богдана Хмельницкого, 35/2 и  Богдана Хмельницкого 38",394,9
54,Новосибирск 60-х - 70-х,10598,Красный проспект 87/1 и 87/2,670,17
54,Новосибирск 60-х - 70-х,10594,ПАТП-5 на Нижегородской.,438,8
54,Новосибирск 60-х - 70-х,10588,Владимировская 7,792,17
54,Новосибирск 60-х - 70-х,10583,"Улица Кирова,113. Швейная фабрика ""Северянка"".",342,3
54,Новосибирск 60-х - 70-х,10580,"Советская, 30 (Гидрометслужба)",409,8
54,Новосибирск 60-х - 70-х,10124,"Блюхера,30/1, общежитие № 5 НЭТИ.",325,13
54,Новосибирск 60-х - 70-х,10581,Строящийся корпус железнодорожной больницы.,220,3
54,Новосибирск 60-х - 70-х,10577,Книжн. киоск Облкниготорга от книжн. магазина № 3 около Госбанка на КП,298,4
54,Новосибирск 60-х - 70-х,10575,"В феврале 62-го на горэлектротранспорте ввели услугу ""без кондуктора""",293,6
54,Новосибирск 60-х - 70-х,10564,"Щетинкина, 12, Общежитие связистов.",482,10
54,Новосибирск 60-х - 70-х,10563,"На балконе Большевисткая,163.",324,7
54,Новосибирск 60-х - 70-х,10559,Такси на Бердском шоссе.,630,12
54,Новосибирск 60-х - 70-х,10551,"Девушки на аллее Красного проспекта, между домами № 65 и 67.",657,13
54,Новосибирск 60-х - 70-х,10549,Большевистская  171 и 163.,277,5
54,Новосибирск 60-х - 70-х,10544,Красный проспект 87.,415,3
54,Новосибирск 60-х - 70-х,10542,Демонстранты на ул Гоголя.,271,4
54,Новосибирск 60-х - 70-х,10528,Во дворе средней общеобразовательной школы № 128.(Вертковская 2),481,12
54,Новосибирск 60-х - 70-х,10171,вопрос от EVS - фото во дворах,463,5
54,Новосибирск 60-х - 70-х,8268,"Вид со двора на дома по пр. Дзержинского 30а, 30 , 55 , 30/1 и 30/3",427,6
54,Новосибирск 60-х - 70-х,10133,"Сибирская 28,Вокзальная магистраль 5 (1978 год)",509,8
54,Новосибирск 60-х - 70-х,10490,Вид из окна дома Владимировская 33.,712,23
54,Новосибирск 60-х - 70-х,10486,Строительство жилого дома. Первомайская 104,360,8
54,Новосибирск 60-х - 70-х,10471,Во дворе Маркса 33,235,4
54,Новосибирск 60-х - 70-х,1553,Чья труба?,5104,105
54,Новосибирск 60-х - 70-х,10376,"В парке Бугринская роща, 1976",231,4
54,Новосибирск 60-х - 70-х,10325,"Узорная,8.  1967 год.",445,9
54,Новосибирск 60-х - 70-х,10335,Старое шоссе & Подъемная улица. 1963 год.,1044,22
54,Новосибирск 60-х - 70-х,10348,Паровоз-котельная на Тихом поселке.,419,8
54,Новосибирск 60-х - 70-х,10340,1 мая 1965-го на проспекте Дзержинского,444,7
54,Новосибирск 60-х - 70-х,10338,"Есенина, 37/1.  1976 год.",408,8
54,Новосибирск 60-х - 70-х,10327,Дом образцового порядка ул. Блюхера 73/1,326,4
54,Новосибирск 60-х - 70-х,10311,Стандартный лог. 1962,611,6
54,Новосибирск 60-х - 70-х,10309,Нахаловка у нижней пригородной пристани г. Новосибирска1962,359,9
54,Новосибирск 60-х - 70-х,10310,"Начало ул. Коммунистической, 1962 г.",258,8
54,Новосибирск 60-х - 70-х,10296,"Жилой дом по ул. Зыряновская,125.  60-70 годы.",470,6
54,Новосибирск 60-х - 70-х,10194,Соберём панораму?!,591,9
54,Новосибирск 60-х - 70-х,9872,Пархоменко № 6 и 10(Монумент Славы),357,7
54,Новосибирск 60-х - 70-х,10223,"Красный проспект. Справа - дом № 74, прямо - № 69.",853,14
54,Новосибирск 60-х - 70-х,10231,"Во дворе Владимировская, 4. Служебный вход в продмагазин № 25",715,2
54,Новосибирск 60-х - 70-х,2442,"Улица Богдана Хмельницкого в районе домов 33,35",1712,37
54,Новосибирск 60-х - 70-х,10233,Угол улиц Советской и Потанинской.,192,3
54,Новосибирск 60-х - 70-х,2620,Строительство Челюскинского жилмассива.,1121,17
54,Новосибирск 60-х - 70-х,9634,"Перевозчикова, 4 1972 год.",421,6
54,Новосибирск 60-х - 70-х,10208,На каком проспекте сделан снимок?,235,2
54,Новосибирск 60-х - 70-х,752,Перекрёсток улиц Б.Хмельницкого и Учительской,2696,53
54,Новосибирск 60-х - 70-х,6411,"Бабоньки! Навались! (Димитрова, 7)",560,6
54,Новосибирск 60-х - 70-х,10178,С балкона дома Владимирская 9.,378,6
54,Новосибирск 60-х - 70-х,10168,Вокзальная магистраль № 2 (пересечение Шамшурина и Сибирской),507,8
54,Новосибирск 60-х - 70-х,10169,"На аллее между НЭТИ и НТОП, 1971 год",262,4
54,Новосибирск 60-х - 70-х,10157,Где это снято?,530,9
54,Новосибирск 60-х - 70-х,10153,Двор Владимирская 9а и Владимирская № 9 1974 год.,305,5
54,Новосибирск 60-х - 70-х,10152,"Общежитие НЭТИ № 6 и № 4  Блюхера,32/1 и Геодезическая 2",301,3
54,Новосибирск 60-х - 70-х,10147,"На заднем плане дом по улице Республиканская, 11. 1964 год",442,8
54,Новосибирск 60-х - 70-х,10150,Вид на ул Сибирская с балкона Сибирская № 26.,393,10
54,Новосибирск 60-х - 70-х,10148,Ул. Горького 40 и 32,259,3
54,Новосибирск 60-х - 70-х,10129,Владимировская № 6 и № 8 (62-63 год.),520,13
54,Новосибирск 60-х - 70-х,10123,"Владимировский спуск, 10 (1974 год)",473,11
54,Новосибирск 60-х - 70-х,10125,Где на Красном проспекте?,419,5
54,Новосибирск 60-х - 70-х,10121,Нахаловка в 70-х на ул. Карпатской,447,10
54,Новосибирск 60-х - 70-х,10116,Вид из окна Шамшурина 8 на строящийся Шамшурина 10 (1973 год.),561,14
54,Новосибирск 60-х - 70-х,10120,Пионерский отряд на проспекте Димитрова,335,5
54,Новосибирск 60-х - 70-х,10115,"Владимировская 8, Владимировская 9 и Владимировский спуск 6.",363,6
54,Новосибирск 60-х - 70-х,10086,"Здания по ул Крылова 89, Селезнева 31",820,12
54,Новосибирск 60-х - 70-х,10105,Вопрос на засыпку,293,5
54,Новосибирск 60-х - 70-х,10111,Реконструкция ул. Сибиряков-Гвардейцев. 1976 год.,235,6
54,Новосибирск 60-х - 70-х,10101,Студенты НТОП 7 ноября 1966-го на улице Блюхера,457,11
54,Новосибирск 60-х - 70-х,10085,Жилые дома по ул. Театральная 9а и Дениса Давыдова 4,503,11
54,Новосибирск 60-х - 70-х,10090,"Здания по ул Ольги Жилиной 88, 90а, Гоголя 31а",615,10
54,Новосибирск 60-х - 70-х,10084,"Здания по пр. Дзержинского, 4, ул. Красина,62",512,6
54,Новосибирск 60-х - 70-х,10087,Здания по ул. Немировича-Данченко 121 и ул. Телевизионная 9,421,3
54,Новосибирск 60-х - 70-х,10091,Угол ул. Свердлова и Красного проспекта. Здание Облисполкома.,283,4
54,Новосибирск 60-х - 70-х,10092,"Челюскинский жилмассив. Дома по ул. 1905 года, 30/1, 30.",308,4
54,Новосибирск 60-х - 70-х,10070,"Перекресток улиц Писарева-Семьи Шамшиных, 1979 год.",701,20
54,Новосибирск 60-х - 70-х,10080,Студенты НТОП 1 мая 1966-го на улице Блюхера,241,4
54,Новосибирск 60-х - 70-х,10081,Бетонные оградки на углу улиц Советской-Спартака,279,3
54,Новосибирск 60-х - 70-х,10078,"Застройка Лежена, 10",455,6
54,Новосибирск 60-х - 70-х,10064,"Школа милиции. Ул. Дмитрия Донского,10.",516,6
54,Новосибирск 60-х - 70-х,10063,Улица Ольги Жилиной на пересечении с улицей Гоголя.,378,8
54,Новосибирск 60-х - 70-х,8830,Где?,640,10
54,Новосибирск 60-х - 70-х,8817,Улица Челюскинцев.,1885,32
54,Новосибирск 60-х - 70-х,10050,Разрушение кинотеатра им. Маяковского.,601,7
54,Новосибирск 60-х - 70-х,9561,"Дома по ул. Маяковского, 2 и 2а",464,10
54,Новосибирск 60-х - 70-х,10006,Челюскинцев 10 и 12.,1159,43
54,Новосибирск 60-х - 70-х,8725,"Красный проспект, 3 (во дворе)",790,19
54,Новосибирск 60-х - 70-х,10023,Красны девицы на бывшем перекрёстке Кр.проспекта и ул. Лермонтова.,756,12
54,Новосибирск 60-х - 70-х,10036,Гастроном № 13 (Красный проспект 70),394,8
54,Новосибирск 60-х - 70-х,10012,"Строительство дома по ул. 25 лет Октября,11.   1979 год.",743,15
54,Новосибирск 60-х - 70-х,10024,"Магазин ""Соки-воды"". Орджоникидзе,27.",521,4
54,Новосибирск 60-х - 70-х,10022,Проходная Новосибирского приборостроительного завода до 1969 года.,634,15
54,Новосибирск 60-х - 70-х,10013,"Карамзина 23а, на заднем плане Гоголя 17,19,32",274,4
54,Новосибирск 60-х - 70-х,10010,"Строительство Богаткова 248, 250, 252",263,3
54,Новосибирск 60-х - 70-х,10002,"Улица Вокзальная магистраль, 11. 1979 год",514,8
54,Новосибирск 60-х - 70-х,9987,Пархоменко 24 и Котовского 40(Стандарты),367,8
54,Новосибирск 60-х - 70-х,9988,"Блюхера 31,33 и 35.",213,5
54,Новосибирск 60-х - 70-х,9977,"Верной дорогой!Памятник Ленину во дворе Красный проспект, 5",372,6
54,Новосибирск 60-х - 70-х,3724,Перекресток ул. Дуси Ковальчук и Дачной,762,8
54,Новосибирск 60-х - 70-х,9984,Пересечение Дачной  с Дуси Ковальчук.,211,1
54,Новосибирск 60-х - 70-х,9971,Конь на площади около ГПНТБ,431,10
54,Новосибирск 60-х - 70-х,9933,"Приезд в Новосибирск К.Симонова, 1971",397,13
54,Новосибирск 60-х - 70-х,9966,Где?,281,4
54,Новосибирск 60-х - 70-х,9937,"Кирова,130. Пожарная часть № 3.",260,4
54,Новосибирск 60-х - 70-х,5192,Трикотажная в начале 1960-ых,710,7
54,Новосибирск 60-х - 70-х,9920,"Где затерялась ""Северянка""? Да на углу Народной и 25 лет Октября!",587,15
54,Новосибирск 60-х - 70-х,9931,"Строится  Революции,28(снято с крыши Щетинкина 5а)",345,9
54,Новосибирск 60-х - 70-х,9921,"Универмаг "" Юбилейный"".",287,3
54,Новосибирск 60-х - 70-х,9935,Станиславского 7 и 6.,196,3
54,Новосибирск 60-х - 70-х,9934,"​Станиславского № 7​, 3, 1.",296,3
54,Новосибирск 60-х - 70-х,9922,Вид на Станкостроительный техникум со стороны ул. Мира,266,3
54,Новосибирск 60-х - 70-х,9919,"Стадион ""Чкаловец"" (Республиканская 12/1)",538,4
54,Новосибирск 60-х - 70-х,9916,Котовского № 7(стоматологическая поликлиника)и 9,232,6
54,Новосибирск 60-х - 70-х,9806,У входа в Монтажный техникум.,1160,10
54,Новосибирск 60-х - 70-х,9742,"Вид на дома по ул. Блюхера 14, 8, 31, 33",633,18
54,Новосибирск 60-х - 70-х,9900,"Красный проспект, 87/2 и 87/1",394,15
54,Новосибирск 60-х - 70-х,9896,Станиславского 8(магазин № 28),335,7
54,Новосибирск 60-х - 70-х,9866,Морской проспект 36. 34.30.,717,18
54,Новосибирск 60-х - 70-х,9868,"Во дворе дома по ул. Добролюбова, 14",443,5
54,Новосибирск 60-х - 70-х,9823,"Напротив гастронома № 9 по Ленина, 20",562,11
54,Новосибирск 60-х - 70-х,9854,Во дворе Добролюбова 14,610,10
54,Новосибирск 60-х - 70-х,9859,Завод Химаппарат,430,9
54,Новосибирск 60-х - 70-х,9849,"Богдана Хмельницкого, 20, 22,26 (остановка ""Стадион Сибирь"")",515,5
54,Новосибирск 60-х - 70-х,9824,"Стоят девчонки...    А где они стоят, эти девчонки?",663,7
54,Новосибирск 60-х - 70-х,9801,Космическая 8. За забором школа № 136,400,8
54,Новосибирск 60-х - 70-х,9798,"Медсанчасть аэропорта ""Северный""",327,7
54,Новосибирск 60-х - 70-х,9781,"На ""Пятаке"" Аксенова 23.",349,12
54,Новосибирск 60-х - 70-х,9773,"Перекрёсток, ул. Титова, 7 - ул. Римского-Корсакова, 7",312,5
54,Новосибирск 60-х - 70-х,9763,Золотодолинская 1 и 9,295,3
54,Новосибирск 60-х - 70-х,9762,Советская 7,459,6
54,Новосибирск 60-х - 70-х,9751,Институты (Краснообск),357,3
54,Новосибирск 60-х - 70-х,9754,Академическая 5 и 3,359,5
54,Новосибирск 60-х - 70-х,9752,Немировича-Данченко 26 и 28.,231,4
54,Новосибирск 60-х - 70-х,9743,Снегоуборщик на ул.Богдана Хмельницкого (1976),472,15
54,Новосибирск 60-х - 70-х,9733,Каток во дворе Титова 22,720,17
54,Новосибирск 60-х - 70-х,8376,Во дворе Костычева 4,577,22
54,Новосибирск 60-х - 70-х,9648,Бердское шоссе,1081,29
54,Новосибирск 60-х - 70-х,9717,Строительство статуправления и известный кран БТК-5/8,1498,60
54,Новосибирск 60-х - 70-х,9722,"Академгородок. Детский сад № 279 ""Берёзка"" (Правды 8)",303,4
54,Новосибирск 60-х - 70-х,9720,Институт катализа(строительство),285,3
54,Новосибирск 60-х - 70-х,9718,Строительство ИЦиГ СО АН СССР,334,6
54,Новосибирск 60-х - 70-х,9713,Где сделан снимок?,397,6
54,Новосибирск 60-х - 70-х,9711,"Столетова,23 и Столетова,25.",313,6
54,Новосибирск 60-х - 70-х,9563,"Жилой дом по ул.Петухова,34.",404,10
54,Новосибирск 60-х - 70-х,9710,Где? Когда?,403,8
54,Новосибирск 60-х - 70-х,9706,"Арка Красный проспект, 13",443,6
54,Новосибирск 60-х - 70-х,9705,"Есенина 41.Магазин ""Северное сияние""",382,5
54,Новосибирск 60-х - 70-х,9682,"Тимирязева, 72 и 74. 1972 год.",566,17
54,Новосибирск 60-х - 70-х,9687,Морской проспект. Похороны Булатова М.И.,467,11
54,Новосибирск 60-х - 70-х,9689,"Советская, 26, Потанинская, 1",489,17
54,Новосибирск 60-х - 70-х,9688,Демонстрация. Красный проспект 75,322,8
54,Новосибирск 60-х - 70-х,9624,Шамшурина 4 и 6.,508,12
54,Новосибирск 60-х - 70-х,9678,Доватора 19/2,278,5
54,Новосибирск 60-х - 70-х,9676,Дорога на дамбе ГЭС. 1962,255,3
54,Новосибирск 60-х - 70-х,9673,"Потанинская 8,Красный проспект 46.",261,3
54,Новосибирск 60-х - 70-х,9670,"Зима, холода... Красный пр-кт, ВПШ",268,4
54,Новосибирск 60-х - 70-х,9671,"Осень, что такое это фото, из окна ""Золотой долины""",290,3
54,Новосибирск 60-х - 70-х,9653,Коллектив Президиума СО АН СССР в Доме Ученых 60-е годы.,317,3
54,Новосибирск 60-х - 70-х,9645,Орджоникидзе 27,279,2
54,Новосибирск 60-х - 70-х,9637,"Проходная НЗПП Дачная, 60",419,12
54,Новосибирск 60-х - 70-х,9631,Угол улиц Народная и Театральная. 1973 год.,301,4
54,Новосибирск 60-х - 70-х,9434,У памятника Ленину перед Ленинским райисполкомом.,421,8
54,Новосибирск 60-х - 70-х,9620,"Вокзальная магистраль, 19.",409,6
54,Новосибирск 60-х - 70-х,9618,Сибиряков Гвардейцев 50(заводоуправление завода им.Ефремова),362,6
54,Новосибирск 60-х - 70-х,9599,"Ул. Б.Богаткова,165. Начало 70-х.",889,16
54,Новосибирск 60-х - 70-х,9613,Пересечение Фрунзе и Мичурина.,291,2
54,Новосибирск 60-х - 70-х,3446,Ларёк у фонтана в Первомайском сквере.,1013,18
54,Новосибирск 60-х - 70-х,9598,"Магазин ""Старт"" (пр. Дзержинского, 35)",403,4
54,Новосибирск 60-х - 70-х,9591,На аллее Комсомольского проспекта (апрель-май 1960 г.),370,7
54,Новосибирск 60-х - 70-х,9579,"Там, где сегодня дом по ул.Красный проспект,72В.",683,11
54,Новосибирск 60-х - 70-х,9576,"Ул.Республиканская. Слева- № 23. Справа - Лазарева 27, 29.",328,4
54,Новосибирск 60-х - 70-х,9572,Правительственная резиденция на обкомовских дачах,560,6
54,Новосибирск 60-х - 70-х,2364,Улица Тургенева,1199,34
54,Новосибирск 60-х - 70-х,9539,Субботник во дворе НИИЖТа,693,17
54,Новосибирск 60-х - 70-х,9550,Пархоменко 8,370,8
54,Новосибирск 60-х - 70-х,9534,Перекресток Богаткова и Доватора. Снимок с балкона Доватора 19/2,533,16
54,Новосибирск 60-х - 70-х,9478,"Клуб ""Темп""? Глинки 12?",993,28
54,Новосибирск 60-х - 70-х,9515,Улица Одоевского.,626,7
54,Новосибирск 60-х - 70-х,9503,"Остановочная платформа ""Первомайская"".",516,15
54,Новосибирск 60-х - 70-х,9506,Вид на стройку со двора дома по улице Учительской 19,397,6
54,Новосибирск 60-х - 70-х,9495,Пересечение ул.Героев Революции и ул.Эйхе.,288,6
54,Новосибирск 60-х - 70-х,9492,"Вид на Декабристов, 72 со стороны школы № 32 (улица Никитина, 2)",519,3
54,Новосибирск 60-х - 70-х,5822,"Магазин № 20 (ул. Богдана  Хмельницкого, 16)",666,9
54,Новосибирск 60-х - 70-х,506,Дворец бракосочетаний,4508,68
54,Новосибирск 60-х - 70-х,9469,Эстафета возле Станиславского 6,320,4
54,Новосибирск 60-х - 70-х,9468,"Красный проспект, 159 (Сибирский каравай)",336,3
54,Новосибирск 60-х - 70-х,9456,Лозунг в Академгородке (60-80-ые гг.) у здания Президиума СО АН,694,10
54,Новосибирск 60-х - 70-х,9448,"Красный проспект, 188 и Дуси Ковальчук, 266 слева строительство НПЗ",582,9
54,Новосибирск 60-х - 70-х,9447,"Торец Карла Маркса, 37.",285,4
54,Новосибирск 60-х - 70-х,9444,"Центральный парк-Мичурина,15 1971 год",388,5
54,Новосибирск 60-х - 70-х,9414,"Инская, 4",534,14
54,Новосибирск 60-х - 70-х,9412,"Субботник во дворе дома по ул.Блюхера,4.",424,7
54,Новосибирск 60-х - 70-х,9420,"Демонстранты у площади Калинина (Красный пр-т, 188, Д. Ковальчук, 266)",272,3
54,Новосибирск 60-х - 70-х,9411,"Ленинградская 113, Добролюбова 93, Ленинградская 111",250,3
54,Новосибирск 60-х - 70-х,9409,Перекресток Кирова и Бориса Богаткова. Институт связи.,383,5
54,Новосибирск 60-х - 70-х,9407,Перекресток улиц 1905 года и Нарымской,610,20
54,Новосибирск 60-х - 70-х,7940,В гости к М.А.Лаврентьеву,666,10
54,Новосибирск 60-х - 70-х,9388,"Кирова 110, далее Добролюбова 20.",266,3
54,Новосибирск 60-х - 70-х,9382,Строительство ГПНТБ.,341,5
54,Новосибирск 60-х - 70-х,9375,"Гурьевская 76, Чехова 142. 1975 год",522,5
54,Новосибирск 60-х - 70-х,9328,"Ограда и вазоны на ул. Свердлова, 1957-1960 гг.",945,18
54,Новосибирск 60-х - 70-х,9209,Дом?,1721,42
54,Новосибирск 60-х - 70-х,9343,"Строительство жилого дома по ул. Станиславского,11.",478,7
54,Новосибирск 60-х - 70-х,9336,Где это?,510,8
54,Новосибирск 60-х - 70-х,9334,Делегация 4-го Московского международного кинофестиваля в Н-ске (1965),589,19
54,Новосибирск 60-х - 70-х,9330,"Улица Ленина, пересечение с Вокзальной магистралью.",418,13
54,Новосибирск 60-х - 70-х,9325,Советская 37,814,13
54,Новосибирск 60-х - 70-х,9323,"Лесоперевалка, 1966г.",657,11
54,Новосибирск 60-х - 70-х,2212,Наводнение. Май 1963г.,1859,15
54,Новосибирск 60-х - 70-х,9261,Бабушкины помощники. Где?,535,12
54,Новосибирск 60-х - 70-х,9255,"Ядринцевская,16. Ядринцевская, 14(?)",509,9
54,Новосибирск 60-х - 70-х,9203,Часы над Толмачево,378,7
54,Новосибирск 60-х - 70-х,9196,Строится Красный Проспект 92. 66-67 год.,328,4
54,Новосибирск 60-х - 70-х,8334,Площадь Станиславского – Станиславского № 12,879,23
54,Новосибирск 60-х - 70-х,9188,Высадка саженцев возле Совнархоза.,253,4
54,Новосибирск 60-х - 70-х,9173,Владимировская № 1,557,13
54,Новосибирск 60-х - 70-х,9165,"Вид из окна Красный проспект, 159(со двора)",269,3
54,Новосибирск 60-х - 70-х,9108,Колонна НИИЖТа 7 ноября Красный проспект.,668,25
54,Новосибирск 60-х - 70-х,9096,Неизвестное сооружение в Первомайском сквере. 1959/1960,523,13
54,Новосибирск 60-х - 70-х,8214,Вид на ул. Титова в районе дома № 10,919,23
54,Новосибирск 60-х - 70-х,9073,Станиславского № 1 троллейбус первого маршрута,953,32
54,Новосибирск 60-х - 70-х,8619,Ул. Геодезическая 62-63 год.,1029,24
54,Новосибирск 60-х - 70-х,9081,"Авиастроителей, 8 (Жданова) вид с торцевого балкона Авиастроителей, 9",727,16
54,Новосибирск 60-х - 70-х,9072,Семь фото Новосибирска 70-х,452,10
54,Новосибирск 60-х - 70-х,9062,Что где?,343,4
54,Новосибирск 60-х - 70-х,8861,"Фрунзе, 67. 1975 год",641,7
54,Новосибирск 60-х - 70-х,2200,Вид со строящейся гостиницы Новосибирск. 1980 г.,1894,23
54,Новосибирск 60-х - 70-х,9032,"Олеко Дундича, 21/1,23/1,23/2  и 23/3 1970 год",612,10
54,Новосибирск 60-х - 70-х,5823,Птичий рынок на ул. 25 лет Октября,1476,15
54,Новосибирск 60-х - 70-х,9033,"Строительство Учительская, 18.",346,5
54,Новосибирск 60-х - 70-х,8708,"Вид с Каменки на дом Коммунистическая, 75 (фото 1970 года)",834,8
54,Новосибирск 60-х - 70-х,9014,"Дома по ул. Зорге 35, 37, 41",594,11
54,Новосибирск 60-х - 70-х,9012,Невельского 11 и Невельского 13  Между ними школа № 90,322,4
54,Новосибирск 60-х - 70-х,8994,"У проходной НИИЭП Писарева, 53",572,7
54,Новосибирск 60-х - 70-х,1079,"Магазин ""Силуэт"" (ул. Кошурникова, 47)",2691,62
54,Новосибирск 60-х - 70-х,8993,Пересечение Дмитрия Донского и Жуковского со стороны Ботсада 1967 год,409,5
54,Новосибирск 60-х - 70-х,8980,Улица где видна пятиэтажка?,454,8
54,Новосибирск 60-х - 70-х,8981,Где стоял Дровосек?,565,7
54,Новосибирск 60-х - 70-х,8978,Дачная 27.    62-63 год,442,7
54,Новосибирск 60-х - 70-х,8960,"Депутатская № 58 ""Рембыттехника""",712,12
54,Новосибирск 60-х - 70-х,8969,"Блюхера,46 и  Блюхера,77 1970 год",405,5
54,Новосибирск 60-х - 70-х,8957,Панорама от Дома офицеров до центр.рынка.,965,27
54,Новосибирск 60-х - 70-х,8959,"Ботаническая 35,33,31 1961 год",306,5
54,Новосибирск 60-х - 70-х,8942,"Проспект Маркса,слева Карла Маркса 22",290,4
54,Новосибирск 60-х - 70-х,8930,Панорама с верхнего этажа Советская 7,851,22
54,Новосибирск 60-х - 70-х,8934,"Дуси Ковальчук, 91/1 Тимирязева, 70 и 72",681,13
54,Новосибирск 60-х - 70-х,8937,Москвич-401 возле дома  Блюхера № 8,436,7
54,Новосибирск 60-х - 70-х,8417,Ул. Сибревкома зимой 1960 года (стоквартирный),903,17
54,Новосибирск 60-х - 70-х,8918,Пляж Солдатский (Обское море),724,8
54,Новосибирск 60-х - 70-х,8924,Блюхера № 61 и 65 март 1973 год,588,6
54,Новосибирск 60-х - 70-х,8892,Столовая Восход 24,569,9
54,Новосибирск 60-х - 70-х,8889,"Столовая (ул. Большевистская, 171) 1968 год",303,3
54,Новосибирск 60-х - 70-х,8879,Перекресток Сибирской и Советской улиц.,610,8
54,Новосибирск 60-х - 70-х,8887,"Карла Маркса, 22 Геодезическая 11",305,4
54,Новосибирск 60-х - 70-х,8880,где ?,391,5
54,Новосибирск 60-х - 70-х,8874,"Пархоменко,4 1966 год",305,3
54,Новосибирск 60-х - 70-х,5141,Жилой массив: планы и реалии,587,6
54,Новосибирск 60-х - 70-х,2284,Строительство на Золотой Ниве,1325,17
54,Новосибирск 60-х - 70-х,8832,улица?,542,5
54,Новосибирск 60-х - 70-х,8848,Кто первый ответит?,575,13
54,Новосибирск 60-х - 70-х,8827,Вид с балкона ул.Российская 13,463,7
54,Новосибирск 60-х - 70-х,8819,"Челюскинцев, 52",273,3
54,Новосибирск 60-х - 70-х,3113,"Магазин ""Сюрприз"" (Ватутина, 61)",1455,16
54,Новосибирск 60-х - 70-х,8797,"Бердское шоссе. Остановка ""Первый разъезд "". 70-е годы.",1022,21
54,Новосибирск 60-х - 70-х,8812,"Микрорайон ""Щ' Героев труда,11",404,7
54,Новосибирск 60-х - 70-х,8781,"Космическая 21, вдали Котовского № 1 1962 год.",801,26
54,Новосибирск 60-х - 70-х,8766,"У стыка домов Красный проспект, 30 и 28",956,45
54,Новосибирск 60-х - 70-х,8754,"Вид на ул. Восход с места будущего дома № 57, по ул. Зыряновской",786,12
54,Новосибирск 60-х - 70-х,8756,... и вновь продолжается бой и сердцу тревожно в груди...,338,2
54,Новосибирск 60-х - 70-х,8751,"Революции,32.",328,4
54,Новосибирск 60-х - 70-х,8752,"Ядринцевская 14(отражается Ядринцевская,19)",320,8
54,Новосибирск 60-х - 70-х,8750,Станиславского 10 и 8,333,4
54,Новосибирск 60-х - 70-х,8737,Лозунг Слава КПСС возле ГПНТБ,818,19
54,Новосибирск 60-х - 70-х,8741,Каменская с крыши общежития ЦК профсоюза швейников,373,5
54,Новосибирск 60-х - 70-х,6290,"Будущая магистраль, улица Ипподромская.",1779,22
54,Новосибирск 60-х - 70-х,8738,Вид из окна аудитории Торгового института.,349,7
54,Новосибирск 60-х - 70-х,8732,Вид из окна Коммунистическая 49 КГБ СССР по НСО.,793,18
54,Новосибирск 60-х - 70-х,8739,Улица Каменская с крыши общежития ЦК профсоюза швейников,319,3
54,Новосибирск 60-х - 70-х,8726,"Станиславского 6,  Станиславского 7 фото 1960 год",378,5
54,Новосибирск 60-х - 70-х,8704,Тимирязева 85/1,296,8
54,Новосибирск 60-х - 70-х,3018,Что дымит?,968,24
54,Новосибирск 60-х - 70-х,8692,"Во дворе Серебренниковская,16 фото",508,14
54,Новосибирск 60-х - 70-х,2929,"Красный проспект/Кавалерийская(на месте будущего""Ройял парка"")",2436,29
54,Новосибирск 60-х - 70-х,8679,"Аксёнова, 23",338,6
54,Новосибирск 60-х - 70-х,3749,"Девушки с мороженым около дома по ул. Ватутина, 26",1078,13
54,Новосибирск 60-х - 70-х,8673,Бойкая торговля фруктами на проспекте Димитрова,570,12
54,Новосибирск 60-х - 70-х,8646,Во дворе Красного проспекта 81 фото 68-69 год,503,8
54,Новосибирск 60-х - 70-х,8618,Панорама ул Космическая. Год?,337,10
54,Новосибирск 60-х - 70-х,8605,"Немировича-Данченко,140. Вид из деревни Бугры.",947,22
54,Новосибирск 60-х - 70-х,8587,Паровоз на территории жиркомбината.,865,18
54,Новосибирск 60-х - 70-х,8598,Пятый микрорайон. Он не один такой.,460,9
54,Новосибирск 60-х - 70-х,8561,"Улица Б. Богаткова в районе остановки ""Гусинобродский жилмассив"".",802,16
54,Новосибирск 60-х - 70-х,8575,"Гастроном, пр. Дзержинского 73.",354,9
54,Новосибирск 60-х - 70-х,8573,"Ул. Кирова, дома 206, 202.",441,7
54,Новосибирск 60-х - 70-х,8550,"Аптека № 4 / Детский сад N 93 (Челюскинцев, 3 / Ленина, 71)",564,16
54,Новосибирск 60-х - 70-х,8555,Бараки на левом берегу. Улица? Год?,599,6
54,Новосибирск 60-х - 70-х,3166,"Во дворах домов (Красный пр-т 90, 92 и 94)",628,13
54,Новосибирск 60-х - 70-х,8525,Перекресток пр.Дзержинского и ул.Трикотажной.,711,12
54,Новосибирск 60-х - 70-х,8496,Поворот с Мочищенского шоссе на Жуковского начало 60-х.,853,21
54,Новосибирск 60-х - 70-х,8524,"Гурьевская 76,  Ленинградская, 98  1971 год",491,4
54,Новосибирск 60-х - 70-х,8511,НИИ Восток Д. Ковальчук 276,441,8
54,Новосибирск 60-х - 70-х,8501,Куда выехал Дом моделей?,652,11
54,Новосибирск 60-х - 70-х,8497,Дом Советов Ленинского (б. Кировского) р-на и памятник Кирову 68-69 г,715,32
54,Новосибирск 60-х - 70-х,8498,"Субботник возле""Динамо"" вид на Свердлова, 21.",436,7
54,Новосибирск 60-х - 70-х,8482,"Фотка из альбома ""Н-ск 1962""",409,5
54,Новосибирск 60-х - 70-х,8479,"Улица Щетинкина,23-25.",296,3
54,Новосибирск 60-х - 70-х,8471,Место субботника?,485,12
54,Новосибирск 60-х - 70-х,8480,Вид на Оперный и Вокзальную магистраль с общежития ЦК Швейников,685,23
54,Новосибирск 60-х - 70-х,8426,"Вид на дома по ул. Ватутина, 31,  31/1, 33",521,9
54,Новосибирск 60-х - 70-х,8465,"Девушки на улице Русская 25, 31",577,4
54,Новосибирск 60-х - 70-х,8455,"Улица Каменская, за Оперным 76-77 год",772,13
54,Новосибирск 60-х - 70-х,8448,Кошурникова  42 фото 1962 год,413,6
54,Новосибирск 60-х - 70-х,8446,"Зорге 1, 15, 25, 35...фото 1 мая 1968 год",566,19
54,Новосибирск 60-х - 70-х,8433,Во дворе жилого дома Щетинкина 1. фото 60-е годы,972,24
54,Новосибирск 60-х - 70-х,8438,Вид с крыши Сибстрина. Позируют отважные девушки.,645,17
54,Новосибирск 60-х - 70-х,8440,Что строится?,396,4
54,Новосибирск 60-х - 70-х,8381,На заднем плане бараки на Немировича Данченко,545,10
54,Новосибирск 60-х - 70-х,8371,"На балконе дома Станиславского, 13а",406,7
54,Новосибирск 60-х - 70-х,8358,Дом № 53 по улице Аэропорт,482,10
54,Новосибирск 60-х - 70-х,8354,Молодые люди у дома № 10 по ул. Станиславского. Начало 60-х.,617,7
54,Новосибирск 60-х - 70-х,8357,"Слияния трех улиц: Красный проспект, Мочищенское шоссе и ул. Аэропорт.",346,3
54,Новосибирск 60-х - 70-х,8353,Пересечение Блюхера с ул.Космической 63-64 год,895,16
54,Новосибирск 60-х - 70-х,8346,"Молодые мамы,где...?",576,12
54,Новосибирск 60-х - 70-х,8342,"Ватутина 9,Пермитина 4,строительство Ватутина 11",497,10
54,Новосибирск 60-х - 70-х,8337,Деревянный дом на пересечении Шамшиных и Трудовой. 1973,469,13
54,Новосибирск 60-х - 70-х,8333,"Тульская 270/2.  9-ти этажки Тульская 270/1, 270/3,270/4.",328,5
54,Новосибирск 60-х - 70-х,8332,"Немировича  22/2, 20/3 школа№15 и Данченко 22/2",330,7
54,Новосибирск 60-х - 70-х,8327,Улица и дом,287,2
54,Новосибирск 60-х - 70-х,8318,"Пятиэтажки Кошурникова 49, 51, 53",818,21
54,Новосибирск 60-х - 70-х,8306,ул. Бурденко 25 со стороны Ольховской.,542,5
54,Новосибирск 60-х - 70-х,8310,"Дома по ул. Вертковская , 14/1 и 14/2 64-65 год",371,5
54,Новосибирск 60-х - 70-х,8302,"Дом детства Анатолия Локтя (Ватутина, 21)",371,3
54,Новосибирск 60-х - 70-х,8284,"Дома на ул. Даурской с видом на башенку на пр. Дзержинского, 7",1056,31
54,Новосибирск 60-х - 70-х,8270,Девушки на углу Урицкого - Ленина,305,4
54,Новосибирск 60-х - 70-х,2089,Волочаевский жилмассив,2435,23
54,Новосибирск 60-х - 70-х,8237,Спортивная площадка у школ № 15 и 187. Станиславский ж/м.,342,6
54,Новосибирск 60-х - 70-х,8227,"Жилой дом по ул. Русская , 21.",438,6
54,Новосибирск 60-х - 70-х,8226,"Железнодорожная, д.2.",472,6
54,Новосибирск 60-х - 70-х,8212,"1975 год . Сдача в эксплуатацию жилого дома по ул.Вилюйская ,24.",327,3
54,Новосибирск 60-х - 70-х,8202,Девочка у аллеи между домами № 14 и 16 по ул. Блюхера.,287,3
54,Новосибирск 60-х - 70-х,8177,11 сентября 1977 - 100-летний юбилей Ф.Э.Дзержинского,492,14
54,Новосибирск 60-х - 70-х,8168,"Фото девушки во дворе дома по ул. Титова ,21. 1960-е годы.",516,8
54,Новосибирск 60-х - 70-х,8166,"Дома по улице Титова , 5 и 5/1. 1974 год.",526,8
54,Новосибирск 60-х - 70-х,7528,"Во дворе  дома по ул. Октябрьская ,46/Красный проспект,13 (1962 г.)",553,7
54,Новосибирск 60-х - 70-х,3159,пляж,617,2
54,Новосибирск 60-х - 70-х,8131,Пленэр на ул. Б. Хмельницкого,280,3
54,Новосибирск 60-х - 70-х,8098,Дорожка вдоль Фабричной 8,696,26
54,Новосибирск 60-х - 70-х,8096,"Во дворе дома по ул. Блюхера , 14.",379,8
54,Новосибирск 60-х - 70-х,8073,"Здание по ул. Станционная , 4/1 , принадлежащее ТЭЦ-2.",483,13
54,Новосибирск 60-х - 70-х,8063,Строительство Станиславского жилмассива . 1964 год.,610,4
54,Новосибирск 60-х - 70-х,8052,Дворик на Весеннем проезде.,232,3
54,Новосибирск 60-х - 70-х,7955,Деревянный детский городок на ВАСХНИЛе (Краснообск),0,0
54,Новосибирск 60-х - 70-х,8022,Встреча двух эпох на ул. Челюскинцев,750,9
54,Новосибирск 60-х - 70-х,8015,"Вид из окна дома по ул. Богдана Хмельницкого, 2/2 в начале 1960-х",614,17
54,Новосибирск 60-х - 70-х,7904,"Блюхера, 71 строится",524,7
54,Новосибирск 60-х - 70-х,7971,"Затулинский ж/м. Вид на кинотеатр ""Рассвет"" со стороны ул. Громова.",418,8
54,Новосибирск 60-х - 70-х,7962,Строительство Станиславского жилмассива. 1967 год.,527,6
54,Новосибирск 60-х - 70-х,7951,"Кропоткинский ж/м. ул. Кропоткина , 128/3.",365,3
54,Новосибирск 60-х - 70-х,7901,вопрос - жилмассив,359,9
54,Новосибирск 60-х - 70-х,7895,"Ватутина, 1961 год",313,5
54,Новосибирск 60-х - 70-х,7828,"Что это происходит, и где?",356,5
54,Новосибирск 60-х - 70-х,7787,Ул. Аэропорт 7. Вид со двора.,386,6
54,Новосибирск 60-х - 70-х,7753,Перекресток детства,964,13
54,Новосибирск 60-х - 70-х,7689,Трамвай № 7 на ул. Серебренниковской,0,0
54,Новосибирск 60-х - 70-х,4547,"Вид с балкона дома по ул. Щетинкина, 48",662,8
54,Новосибирск 60-х - 70-х,7330,"Панорама с общежитием по ул. Геодезическая, 2 в центре",505,8
54,Новосибирск 60-х - 70-х,7329,На ул. Космической у дома № 21,392,4
54,Новосибирск 60-х - 70-х,2262,Кто угадает,941,9
54,Новосибирск 60-х - 70-х,3158,вопрос,498,3
54,Новосибирск 60-х - 70-х,7031,ВопроS - купол,608,15
54,Новосибирск 60-х - 70-х,6417,"На фоне дома Челюскинцев, 14. 1976-77 гг.",808,14
54,Новосибирск 60-х - 70-х,6982,"Аллея на Красном проспекте (у Красного проспекта, 22)",400,7
54,Новосибирск 60-х - 70-х,6365,Школьники на ул. Горького,1241,30
54,Новосибирск 60-х - 70-х,6966,"Блинная на Морском, 62",490,12
54,Новосибирск 60-х - 70-х,6120,"Заметка в газете о строительстве станции метро ""Октябрьская"". 1979 год",437,5
54,Новосибирск 60-х - 70-х,6918,Дома на проспекте Дзержинского на месте администрации в 1968 году,577,10
54,Новосибирск 60-х - 70-х,6414,День. Гоголя. Барышня. Аптека,580,12
54,Новосибирск 60-х - 70-х,6712,Улица Сибревкома у школы № 12,354,5
54,Новосибирск 60-х - 70-х,6603,Блюхера Карла Маркса квартал ближе к Ватутина,471,14
54,Новосибирск 60-х - 70-х,6560,квартал Красный проспект - Сибревкома - Серебренниковская,472,8
54,Новосибирск 60-х - 70-х,4514,Вопрос - поразгадываем домики,860,11
54,Новосибирск 60-х - 70-х,6512,"Дома по ул. Б. Богаткова 198, 202, 200, 216, 226, 228 (1974 год)",405,6
54,Новосибирск 60-х - 70-х,6513,"Дома на ул. Петухова, 56-66, Громова, 2 (1970 год)",359,5
54,Новосибирск 60-х - 70-х,6384,"Во дворе Стоквартирного дома (Красный проспект, 16) 1960-е",1449,52
54,Новосибирск 60-х - 70-х,6249,Общежитие  Новосибирского кожевенного-обувного комбината.1971 год.,775,18
54,Новосибирск 60-х - 70-х,6168,"Пельменная на Красном проспекте, 24",1180,29
54,Новосибирск 60-х - 70-х,1560,Насосно-фильтровальная станция водоканала (НФС-2),1796,14
54,Новосибирск 60-х - 70-х,6169,"Гастроном (пр. Дзержинского, 61)",408,7
54,Новосибирск 60-х - 70-х,6125,9-этажки на Красина,709,11
54,Новосибирск 60-х - 70-х,6124,Красный проспект. Строительство Линейного жилмассива,538,11
54,Новосибирск 60-х - 70-х,1721,"Атипичная хрущёвка, ул. Ученых, 8",849,4
54,Новосибирск 60-х - 70-х,3905,Ул.Каменская за Оперным театром. 1969 год.,1423,18
54,Новосибирск 60-х - 70-х,6113,"Проект магазина ""Бытовая химия"". 1979 год",419,4
54,Новосибирск 60-х - 70-х,5911,Вид на перекрёсток улиц 25 лет Октября и Олеко Дундича,819,8
54,Новосибирск 60-х - 70-х,6070,Трамвай на ул. Учительская (в районе дамбы),491,3
54,Новосибирск 60-х - 70-х,6038,"Магазин ""Хрустальный  башмачок""  на  улице  Гурьевской,  37 ""а"".",498,7
54,Новосибирск 60-х - 70-х,2959,"Домик на ул. Иркутская, 32",560,6
54,Новосибирск 60-х - 70-х,6019,"Вид на ул. 25 лет Октября с крыши Олеко Дундича, 3 (1977 год)",461,5
54,Новосибирск 60-х - 70-х,6018,Вид на ул. Дениса Давыдова и ул. Агрономическая в 1969 году,432,7
54,Новосибирск 60-х - 70-х,5955,Панорама ул. Народная (1977 год),729,7
54,Новосибирск 60-х - 70-х,5969,Ул. Б. Хмельницкого в 1962 году,613,7
54,Новосибирск 60-х - 70-х,5922,находка в лесу,881,14
54,Новосибирск 60-х - 70-х,1385,"Вид из окна Селезнёва, 33 на ул. Ипподромскую.",963,8
54,Новосибирск 60-х - 70-х,5881,"Вид на район 25 лет Октября-Дениса Давыдова с крыши Олеко Дундича, 3",434,3
54,Новосибирск 60-х - 70-х,5843,Перекресток улиц Учительская и Народная,874,22
54,Новосибирск 60-х - 70-х,5875,Мода,360,3
54,Новосибирск 60-х - 70-х,5033,Первые снегоуборочные машины на улицах города,1213,18
54,Новосибирск 60-х - 70-х,4688,Фотографии от Соничевой Н.В,943,12
54,Новосибирск 60-х - 70-х,5743,"Двор дома Вокзальная магистраль, 11",781,12
54,Новосибирск 60-х - 70-х,4334,Перекрёсток ул. Жуковского и ул. Дмитрия Донского в 1975 году,1273,22
54,Новосибирск 60-х - 70-х,4761,"Ветлечебница  на  ул.Романова, 21",509,10
54,Новосибирск 60-х - 70-х,5612,Свадьба на ул. Авиационной.,388,12
54,Новосибирск 60-х - 70-х,3554,"Во дворе Жданова (Авиастроителей), 4",982,19
54,Новосибирск 60-х - 70-х,5528,У витрины ЦУМа в 1974 году,754,18
54,Новосибирск 60-х - 70-х,4749,"Во дворе ул. Селезнёва, 33, 1975 год.",643,8
54,Новосибирск 60-х - 70-х,2989,"Возле ""Универсама"" на Ленина, 10. 1970-е годы.",976,4
54,Новосибирск 60-х - 70-х,5476,Отдых недалеко от города,497,5
54,Новосибирск 60-х - 70-х,5403,Субботник на ул. Петухова (1977-79),754,17
54,Новосибирск 60-х - 70-х,5332,Морской проспект. 1961 год.,414,4
54,Новосибирск 60-х - 70-х,5321,"Завод ""Электроагрегат"" 1965 год. Митинг открытие аллеи памяти.",0,0
54,Новосибирск 60-х - 70-х,4805,Вид из частного сектора Каменки на угол ул. Кошурникова-Красина-Фрунзе,575,2
54,Новосибирск 60-х - 70-х,4638,"Строительство общежития (ул. Алтайская, 12)",610,11
54,Новосибирск 60-х - 70-х,5203,1968 г. Ребятишки в детском садике.,619,13
54,Новосибирск 60-х - 70-х,2218,ул. Ломоносова,2473,51
54,Новосибирск 60-х - 70-х,5175,Приём в пионеры в Доме Офицеров. 1971 год.,563,22
54,Новосибирск 60-х - 70-х,5155,1-я Механическая. 1970-71 год,482,11
54,Новосибирск 60-х - 70-х,5157,"Станиславский жилмассив у домов по ул. Немировича-Данченко, 18,20",549,3
54,Новосибирск 60-х - 70-х,5109,Выставление первого караула на Посту№1 в сквере Славы. 1970 год,417,5
54,Новосибирск 60-х - 70-х,4378,"ул. Первомайская, 104 и 102",714,22
54,Новосибирск 60-х - 70-х,4683,Балкон дома № 23 по ул.Серебренниковской,705,15
54,Новосибирск 60-х - 70-х,5021,"Цветочная клумба во дворе Ватутина,15",446,6
54,Новосибирск 60-х - 70-х,5008,Где можно было познакомиться с спортсменками?,383,4
54,Новосибирск 60-х - 70-х,5007,Защитная дамба Коммунального моста.,455,4
54,Новосибирск 60-х - 70-х,4974,"Улица Гоголя, 1976 г.",577,3
54,Новосибирск 60-х - 70-х,4869,Ул. Лежена,657,12
54,Новосибирск 60-х - 70-х,2952,Вид на ул. Сибирскую и ул. Красноярскую в начале 60-х годов #,1653,40
54,Новосибирск 60-х - 70-х,4806,"Двор ""стоквартирного"" дома",414,4
54,Новосибирск 60-х - 70-х,4807,У ЦУМа летом 1973 года. Вид на проспект Димитрова.,596,8
54,Новосибирск 60-х - 70-х,4762,"ул. Фрунзе, 36.  Здание Новосибирско-сельского райисполкома.",366,8
54,Новосибирск 60-х - 70-х,4737,"Вид на ул. Крылова, 1975 год.",792,12
54,Новосибирск 60-х - 70-х,3786,Улица Степная,1131,13
54,Новосибирск 60-х - 70-х,4681,Окрестности Ядринцевского конного спуска,520,4
54,Новосибирск 60-х - 70-х,4582,"Улица Широкая, в районе 18-й поликлиники. 60-е годы.",1303,9
54,Новосибирск 60-х - 70-х,4661,1964 г. Ул. Гоголя,650,8
54,Новосибирск 60-х - 70-х,4652,День Победы 1977 год. Митинг в вагонном депо.,0,0
54,Новосибирск 60-х - 70-х,4639,В.Бухаров  Дворы Новосибирска,613,13
54,Новосибирск 60-х - 70-х,4591,"Диетическая столовая № 44 на Ватутина, 31",555,4
54,Новосибирск 60-х - 70-х,4531,"Дуси Ковальчук, 175, 1978 год.",595,4
54,Новосибирск 60-х - 70-х,3853,1960-е Съёмка ул. Богдана Хмельницкого.,1812,39
54,Новосибирск 60-х - 70-х,4367,Улица Громова. 70-е годы.,484,7
54,Новосибирск 60-х - 70-х,4249,Вопрос внутри.,497,4
54,Новосибирск 60-х - 70-х,3011,Маковского 4 и лестница от набережной к Большевистской,692,6
54,Новосибирск 60-х - 70-х,4176,"""Горская Нахаловка"" в 1976 году",1037,20
54,Новосибирск 60-х - 70-х,4097,О. Жилиной 31,598,7
54,Новосибирск 60-х - 70-х,4090,ул. Плановая,590,6
54,Новосибирск 60-х - 70-х,4076,1 мая 1977 г. на Красном проспекте,0,0
54,Новосибирск 60-х - 70-х,1641,ул.Дачная в 1977г.,744,7
54,Новосибирск 60-х - 70-х,3122,"Вид из дома Дуси Ковальчук,91 в 1972 году.",607,4
54,Новосибирск 60-х - 70-х,4028,"ул. Бориса Богаткова, 249 (1979 год)",579,11
54,Новосибирск 60-х - 70-х,3992,"Панорама улиц Чаплыгина и С.Шамшиных (с места будущей ""Ауры"") 1961г.",767,14
54,Новосибирск 60-х - 70-х,3990,"Дом по ул. Советская, 65 в начале 60-х",627,6
54,Новосибирск 60-х - 70-х,3810,Улица Кирова. 1974 год,696,6
54,Новосибирск 60-х - 70-х,3880,"У дома по ул. Театральная, 3",412,5
54,Новосибирск 60-х - 70-х,3868,ул. Серебренниковская в районе будущей Октябрьской магистрали,755,10
54,Новосибирск 60-х - 70-х,3819,У дома № 6 по ул. 25 лет Октября,612,3
54,Новосибирск 60-х - 70-х,3861,Перекрёсток ул. Мичурина и ул. Державина,418,3
54,Новосибирск 60-х - 70-х,3550,Что тут будет??,636,7
54,Новосибирск 60-х - 70-х,3846,Субботник на улице Станиславского. 1977 год.,557,5
54,Новосибирск 60-х - 70-х,3826,Перекрёсток проспекта Дзержинского и ул. Трикотажной. 1961г.,574,6
54,Новосибирск 60-х - 70-х,3821,"Дом на ул. Олеко Дундича, 11",440,0
54,Новосибирск 60-х - 70-х,3690,Городской пейзаж 1977 года (пр.Дзержинского-Волочаевская),731,5
54,Новосибирск 60-х - 70-х,3199,"Домик напротив Вокзальной магистрали, 5",834,11
54,Новосибирск 60-х - 70-х,3674,Стройка на Немировича-Данченко,584,3
54,Новосибирск 60-х - 70-х,3569,"ул. Ватутина, 7 (бывший Государственный архив НСО)",703,11
54,Новосибирск 60-х - 70-х,3527,Вид с дамбы через речку 1-я Ельцовка на дома по ул. Кропоткина,966,10
54,Новосибирск 60-х - 70-х,3514,"Во дворе дома по ул. Маяковского, 2",513,14
54,Новосибирск 60-х - 70-х,3447,"Проспект Дзержинского (дома 1а, 3, 5)",655,5
54,Новосибирск 60-х - 70-х,3098,"Радиоклуб ДОСААФ (ул. Мичурина, 46)",1414,17
54,Новосибирск 60-х - 70-х,2946,"Около дома по ул. Ленинградская, 111",498,7
54,Новосибирск 60-х - 70-х,3187,"В районе дома Красный проспект, 87/2",741,11
54,Новосибирск 60-х - 70-х,3079,Проспект Строителей,587,8
54,Новосибирск 60-х - 70-х,2958,Выпускники в районе перекрестка Красного пр-та и ул. Мостовой,774,11
54,Новосибирск 60-х - 70-х,2925,"Субботник у дома по ул. Каменская, 23 / Орджоникидзе, 37",469,11
54,Новосибирск 60-х - 70-х,2942,У перекрёстка ул. 1905 года и ул. Советской,593,7
54,Новосибирск 60-х - 70-х,2918,"Вид на дом по ул. Жданова (Авиастроителей), 12",402,4
54,Новосибирск 60-х - 70-х,1284,Гордость 60х.,1407,23
54,Новосибирск 60-х - 70-х,2844,В районе мелькомбината № 1 на Большевистской,519,6
54,Новосибирск 60-х - 70-х,2826,улица Челюскинцев в 1964 году,511,1
54,Новосибирск 60-х - 70-х,2787,"Жилой дом по ул. Жданова (Авиастроителей), 15",724,12
54,Новосибирск 60-х - 70-х,2793,Перекрёсток ул. Объединения и ул. Дунаевского,660,8
54,Новосибирск 60-х - 70-х,2794,"Жилой дом на улице Романова, 27",404,4
54,Новосибирск 60-х - 70-х,2748,"Бурденко,31/Горбаня,9.",393,3
54,Новосибирск 60-х - 70-х,2699,Морской проспект (вид от ул. Терешковой),669,11
54,Новосибирск 60-х - 70-х,2648,Около дома 39 по улице Богдана Хмельницкого,1372,33
54,Новосибирск 60-х - 70-х,2605,Вид на пойму речки 1-й Ельцовки и дома по ул. Дуси Ковальчук 89 и 91,615,3
54,Новосибирск 60-х - 70-х,2572,Дома на ул. Планировочной. 1969 г.,499,7
54,Новосибирск 60-х - 70-х,2455,"На ул. Гоголя, остановка Панельная.",552,14
54,Новосибирск 60-х - 70-х,2515,Строительство столовой ПО НПЗ им. Ленина. 1979 г.,0,0
54,Новосибирск 60-х - 70-х,2508,"Во дворе дома (пр. Дзержинского, 3Б)",540,13
54,Новосибирск 60-х - 70-х,2488,"Строительство в районе Б.Хмельницкого, 25/2",437,10
54,Новосибирск 60-х - 70-х,2471,"Центральная районная библиотека им. Д.С.Лихачева (Б.Хмельницкого, 38)",412,13
54,Новосибирск 60-х - 70-х,2447,"Звезда у входа в здание (Красный пр-т, 3)",354,3
54,Новосибирск 60-х - 70-х,2349,"На этом месте стоит детский сад Державина, 51",674,6
54,Новосибирск 60-х - 70-х,2273,"Школа № 7 (ул. Адриена Лежена, 22)",0,0
54,Новосибирск 60-х - 70-х,2208,Вопрос: у павильона демонстрируют рабочую одежду модели Дома моделей,787,14
54,Новосибирск 60-х - 70-х,707,"Полиграфический комплекс ""Советская Сибирь""",0,0
54,Новосибирск 60-х - 70-х,2027,Горисполком,554,9
54,Новосибирск 60-х - 70-х,1979,"ул.Станиславского, 14. 1964 год.",793,8
54,Новосибирск 60-х - 70-х,640,Старая застройка на улице Ленина,1354,6
54,Новосибирск 60-х - 70-х,1427,Станиславский жилмассив.,1930,11
54,Новосибирск 60-х - 70-х,1412,Столетова 26.,588,8
54,Новосибирск 60-х - 70-х,1323,Улица Нарымская,0,0
54,Новосибирск 60-х - 70-х,1288,Б. Хмельницкого от Учительской к стадиону Сибирь,668,3
54,Новосибирск 60-х - 70-х,1224,"Дворик (ул. Блюхера, 73)",610,5
62,Новосибирск 80-х - 90-х,17874,"Таксофоны на перекрёстке Советская/Горького. Советская,25",152,3
62,Новосибирск 80-х - 90-х,15100,"Строится дом Иванова 30А, ""мебельный магазин"" 1983",469,11
62,Новосибирск 80-х - 90-х,15487,"Магазин по Бульвару Молодёжи, 21 Будущий ""Эрнест""",585,14
62,Новосибирск 80-х - 90-х,17224,Корпус жиркомбината,391,6
62,Новосибирск 80-х - 90-х,9948,"Санаторий ""Заельцовский бор.""",2503,50
62,Новосибирск 80-х - 90-х,17755,"Бутик ""Клеопатра."" Красный проспект № 99",160,4
62,Новосибирск 80-х - 90-х,17744,"Вид со двора дома по Добролюбова, 69.",162,5
62,Новосибирск 80-х - 90-х,17713,"Мозаичное панно на Бульваре молодёжи, 21. (утрачено).",437,18
62,Новосибирск 80-х - 90-х,17611,"ул. Иванова, д. 11",218,9
62,Новосибирск 80-х - 90-х,17689,"ул. Жуковского, 97?",141,3
62,Новосибирск 80-х - 90-х,17614,"ул. Крылова, 64А",264,10
62,Новосибирск 80-х - 90-х,17588,"ул. Инженерная, д. 21",190,5
62,Новосибирск 80-х - 90-х,17580,"У магазина ""Клён"".",249,6
62,Новосибирск 80-х - 90-х,17550,Остановка троллейбуса на аллее Восхода. 1984 год.,678,23
62,Новосибирск 80-х - 90-х,3525,"Гостиница ""Октябрьская"", Ядринцевская, 14",2288,26
62,Новосибирск 80-х - 90-х,17502,Демонстранты на ул.Ветлужской.,551,18
62,Новосибирск 80-х - 90-х,16699,"Институт Лазерной Физики, пр-т Академика Лаврентьева, 15Б",538,17
62,Новосибирск 80-х - 90-х,17438,"Краснообск, д.77.",400,7
62,Новосибирск 80-х - 90-х,10667,"Ул. Ленина, 10 (универсам) и Ленина, 8",1580,25
62,Новосибирск 80-х - 90-х,5871,"Пансионат ""Колос"" (Дачное шоссе, 291)",2237,57
62,Новосибирск 80-х - 90-х,17443,Гоголя 206/2,131,0
62,Новосибирск 80-х - 90-х,13396,Где,959,16
62,Новосибирск 80-х - 90-х,17420,Что за 2 дома (ответ я не знаю),228,1
62,Новосибирск 80-х - 90-х,6960,"Строительство гостиницы ""Сибирь"".",2731,47
62,Новосибирск 80-х - 90-х,17383,"Кофейня ""У Берендея"" под пригородными кассами. 1986 год.",373,11
62,Новосибирск 80-х - 90-х,17386,Гоголя 206,213,3
62,Новосибирск 80-х - 90-х,17376,На улице Гоголя у Окружного универмага СибВО. 1986 год.,224,4
62,Новосибирск 80-х - 90-х,17358,Асфальтирование улицы Геодезическая. Ноябрь 1985г.,323,7
62,Новосибирск 80-х - 90-х,17336,Какая станция строится?,350,6
62,Новосибирск 80-х - 90-х,10565,"Оздоровительный лагерь ""40 лет ВЛКСМ"" от завода Электросигнал",1468,25
62,Новосибирск 80-х - 90-х,17196,Новосибирск Усть-Алеус База отдыха.,225,1
62,Новосибирск 80-х - 90-х,17258,"Кошурникова № 14,16,18,20.",374,6
62,Новосибирск 80-х - 90-х,2232,"Магазин Сибирская книга (Котовского, 12/1)",1017,13
62,Новосибирск 80-х - 90-х,15674,ТБК на Троллейном жилмассиве (Киевская 11а),1339,16
62,Новосибирск 80-х - 90-х,17227,"Рассветная, 2/3 и Красных зорь, 1 строятся.",334,8
62,Новосибирск 80-х - 90-х,15713,"Новосибирск ""100"" (Юрий Соловьёв)",466,2
62,Новосибирск 80-х - 90-х,17213,"Сиреневая, 23.",343,12
62,Новосибирск 80-х - 90-х,12496,Панорама  с жилого дома Фрунзе 63.,969,30
62,Новосибирск 80-х - 90-х,17201,Дома на улице Вахтангова.,232,5
62,Новосибирск 80-х - 90-х,17173,"Улица Ленина, 32.",366,6
62,Новосибирск 80-х - 90-х,13306,Петропавловская № 7.,1429,54
62,Новосибирск 80-х - 90-х,10794,"Вид на гостиницу ""Сибирь"" от остановки транспорта ""Красный Факел""",938,10
62,Новосибирск 80-х - 90-х,11080,Что особенно примечательного и где строят?,929,15
62,Новосибирск 80-х - 90-х,2196,"Зоомагазин > Байт (ул. Широкая, 5)",1573,30
62,Новосибирск 80-х - 90-х,16971,Пристанский переулок №4а.(Общежитие для руководящих сотрудников),505,11
62,Новосибирск 80-х - 90-х,16969,Субботник во дворах  улицы Б. Хмельницкого.,273,4
62,Новосибирск 80-х - 90-х,16973,"ОбьГэс. Ветлужская №6а,7,5. Остановка кинотеатр ""Волна.""",201,5
62,Новосибирск 80-х - 90-х,16913,Во дворе Ватутина 35.,1095,37
62,Новосибирск 80-х - 90-х,16933,"Фрунзе № 53,55.",306,3
62,Новосибирск 80-х - 90-х,16884,Где это?,326,3
62,Новосибирск 80-х - 90-х,16735,Визит американских учеников Академии Филлипс в 1987г. 3 кедра,400,11
62,Новосибирск 80-х - 90-х,12095,Проспект академика Лаврентьева.,2136,66
62,Новосибирск 80-х - 90-х,16731,"Остановка с чайками. Где-то в Советском районе или рядом, где?",227,5
62,Новосибирск 80-х - 90-х,4932,Универмаг Калининский,959,5
62,Новосибирск 80-х - 90-х,16654,Заснеженный Академгородок между детскими садами. Детский проезд 6 и 8,189,3
62,Новосибирск 80-х - 90-х,15052,"Академгородок в книге ""Новосибирск: город для человека"" 1987",333,5
62,Новосибирск 80-х - 90-х,16609,Необычный чум из картин художника Андрея Ханова возле НГУ,258,3
62,Новосибирск 80-х - 90-х,10056,Берег Бердского залива,1007,15
62,Новосибирск 80-х - 90-х,16589,Спортивная площадка школы № 56.,332,4
62,Новосибирск 80-х - 90-х,6269,Перекресток Революции-Щетинкина.,903,13
62,Новосибирск 80-х - 90-х,16552,1982. Новосибирск.,400,2
62,Новосибирск 80-х - 90-х,10755,"Домишко на улице Садовой, 80-е.",611,8
62,Новосибирск 80-х - 90-х,15348,"У касс Аэрофлота. Улица Гоголя, 3.",444,4
62,Новосибирск 80-х - 90-х,12227,Начало ул. Сибирская.,1011,23
62,Новосибирск 80-х - 90-х,16503,"Вид из окна дома по ул. Русская,13.",323,8
62,Новосибирск 80-х - 90-х,9944,"Пожарная часть № 7. Зйхе, 9.",336,10
62,Новосибирск 80-х - 90-х,16490,"Перекрёсток Кирова, Сакко и Ванцетти.",493,8
62,Новосибирск 80-х - 90-х,16445,Площадь Маркса. Передвижной Московский цирк.,520,12
62,Новосибирск 80-х - 90-х,3952,Окрестности Станции Новосибирск-Западный,1658,12
62,Новосибирск 80-х - 90-х,16410,Учебный трамвай на Волочаевской улице.,396,5
62,Новосибирск 80-х - 90-х,14453,"Территория бывшего тепличного комбината агрофирмы ""Иня""",1481,31
62,Новосибирск 80-х - 90-х,15226,Улица Богдана Хмельницкого,600,6
62,Новосибирск 80-х - 90-х,3109,Ул. Гоголя в районе Центрального рынка. 1994 г.,1581,20
62,Новосибирск 80-х - 90-х,15945,Демакова 17-17/1,406,13
62,Новосибирск 80-х - 90-х,16239,Раскопки. Где?,525,7
62,Новосибирск 80-х - 90-х,8559,"Клуб ""Три восьмерки"", на пр.Маркса,37.",1022,13
62,Новосибирск 80-х - 90-х,11908,"Ресторан ""Русь"" (ул. Учительская, 46)",2200,12
62,Новосибирск 80-х - 90-х,12229,"Тепличный совхоз ""Кировец"". Святые 90-е.",977,15
62,Новосибирск 80-х - 90-х,13062,Правый берег Ельцовки. Вид на Красный проспект.,855,18
62,Новосибирск 80-х - 90-х,12867,"На углу у Танковой, 47.",447,7
62,Новосибирск 80-х - 90-х,15338,Мальчишки стоят возле КЮТа на фоне ГАЗика Лаврентьева,534,10
62,Новосибирск 80-х - 90-х,15931,"Щетинкина, 33а.",551,9
62,Новосибирск 80-х - 90-х,15924,Пожарные проезды на Челюскинцев,298,3
62,Новосибирск 80-х - 90-х,14816,Болельщики на мотодроме.,573,13
62,Новосибирск 80-х - 90-х,15896,"Оптика и Химчистка. Нарымская, 25.",289,4
62,Новосибирск 80-х - 90-х,15878,Северо-Чемской жилмассив.,449,3
62,Новосибирск 80-х - 90-х,15857,"Улица Дуси Ковальчук, 266.",953,18
62,Новосибирск 80-х - 90-х,11233,Дома № 9 и 11 по ул. Восход.,725,9
62,Новосибирск 80-х - 90-х,12515,Изготовление герба для Дома советов Советского района,1054,25
62,Новосибирск 80-х - 90-х,15815,"У Новоуральской, д.28а.",477,8
62,Новосибирск 80-х - 90-х,15810,"""Рынок под открытым небом"".",659,6
62,Новосибирск 80-х - 90-х,15736,"Лаборатория ""Kodak"", Крылова 11. Мичурина 23.",979,20
62,Новосибирск 80-х - 90-х,15780,Улица Лазурная.,645,12
62,Новосибирск 80-х - 90-х,15784,"Тульская, 78 - здание детского дома № 5",564,9
62,Новосибирск 80-х - 90-х,15783,"Нарымская, 2 - здание детского дома № 2 (1980-е гг.)",399,6
62,Новосибирск 80-х - 90-х,15762,Немировича-Данченко 45.,364,3
62,Новосибирск 80-х - 90-х,8926,"Строительство здания Машпроекта (Октябрьская, 35)",1351,35
62,Новосибирск 80-х - 90-х,14446,Паспорт улицы Котовского.,1080,26
62,Новосибирск 80-х - 90-х,15741,А это было?,464,4
62,Новосибирск 80-х - 90-х,15697,"Арка, Советская 20.",311,3
62,Новосибирск 80-х - 90-х,15696,"Доватора, 29/1",504,11
62,Новосибирск 80-х - 90-х,13169,Академгородок. Дом физкультуры.,829,9
62,Новосибирск 80-х - 90-х,15671,"Панорама: Перекрёсток,Гоголя-Челюскинцев-Советская.",330,1
62,Новосибирск 80-х - 90-х,15656,Транспорт на пересечении Писарева - Красный проспект.,405,9
62,Новосибирск 80-х - 90-х,8158,"Магазин «Сибирь» на Затулинке (ул. Громова, 7)",2216,40
62,Новосибирск 80-х - 90-х,11153,Морской проспект как продолжение проспекта Науки/Лаврентьева,701,7
62,Новосибирск 80-х - 90-х,15573,"Двое с лыжами, другой ""в домике"" на крылечке Сибакадемстроя",306,8
62,Новосибирск 80-х - 90-х,14520,Столовая для учащихся ПТУ-10 на Шамшурина 47,1040,15
62,Новосибирск 80-х - 90-х,15535,Угадай-ка,427,8
62,Новосибирск 80-х - 90-х,2642,"Место слияния улиц Танковая, Б.Хмельницкого и Д.Ковальчук.",3109,48
62,Новосибирск 80-х - 90-х,13036,"Немного города с балкона дома В.Магистраль,11. 1978г.",657,7
62,Новосибирск 80-х - 90-х,15493,Афиша ДК им. Чкалова.,386,4
62,Новосибирск 80-х - 90-х,13619,"Любительские фото центра, даты под вопросом",891,12
62,Новосибирск 80-х - 90-х,15427,"Улица Добролюбова, 162.",542,8
62,Новосибирск 80-х - 90-х,15407,"Ватутина, 17.",677,10
62,Новосибирск 80-х - 90-х,15420,"Егор Летов и ""ГО"" в НГУ(ул.Пирогова, 2), 1988 год",888,17
62,Новосибирск 80-х - 90-х,15228,Торжественный марш в честь открытия улицы Демакова,323,6
62,Новосибирск 80-х - 90-х,15377,Торговые ряды возле гастронома ТЦ Академгородка,445,12
62,Новосибирск 80-х - 90-х,15379,Двор домов по ул. Октябрьская 10 и 10а,466,6
62,Новосибирск 80-х - 90-х,1326,Угол ул. Гоголя и Ипподромской,1950,33
62,Новосибирск 80-х - 90-х,15371,"Улица Пирогова, 2.",297,5
62,Новосибирск 80-х - 90-х,15344,Бассейн НИИВТа,494,10
62,Новосибирск 80-х - 90-х,9438,"Серебренниковская, 29.",832,7
62,Новосибирск 80-х - 90-х,15320,Первое общественное богослужение в Академгородке,260,6
62,Новосибирск 80-х - 90-х,15300,"Парадная лестница ВКИ Русская, 35",244,5
62,Новосибирск 80-х - 90-х,15268,Демакова 8,361,6
62,Новосибирск 80-х - 90-х,15282,Самозахват и выселение в Академе. Ильича 17 и 19,339,3
62,Новосибирск 80-х - 90-х,15281,"Санаторий ""Золотой берег"", ОбьГЭС, Софийская, 19",263,4
62,Новосибирск 80-х - 90-х,15280,У пригородных касс на пл. Гарина-Михайловского,465,5
62,Новосибирск 80-х - 90-х,15269,Движение демократии на фоне какого дома?,249,3
62,Новосибирск 80-х - 90-х,15240,"Полевая 7, детский сад 477",318,8
62,Новосибирск 80-х - 90-х,15230,"Рок-группа ""Акв-ум"" в ДК Чкалова и Академе 1986",359,7
62,Новосибирск 80-х - 90-х,15227,Ряд домов по улице Демакова со стороны дворов,244,3
62,Новосибирск 80-х - 90-х,15197,Какие два дома на заднем плане?,266,2
62,Новосибирск 80-х - 90-х,2090,Пятница - 24 октября 1980 года - прощание с прахом М.А. Лаврентьева,1117,27
62,Новосибирск 80-х - 90-х,13487,Остановка Шлюз. 80-е гг.,623,10
62,Новосибирск 80-х - 90-х,15175,"Велосипедист едет по воде, где?",269,2
62,Новосибирск 80-х - 90-х,15171,Митинг у Дома Ученых в честь награждения СО АН СССР орденом Ленина,272,5
62,Новосибирск 80-х - 90-х,15086,"Рябиновая аллея возле Ильича, 17",217,2
62,Новосибирск 80-х - 90-х,10137,"Красный проспект,6 / Колыванская,1.",768,7
62,Новосибирск 80-х - 90-х,15055,"Бийск рисунок витраж метро ""Речной вокзал"" художник В.П.Сокол",227,3
62,Новосибирск 80-х - 90-х,15023,"Новосибирск в американском фильме ""День независимости"" 1996г",596,6
62,Новосибирск 80-х - 90-х,466,Кино Новосибирска,4085,60
62,Новосибирск 80-х - 90-х,14947,Городской аэропорт.,1155,31
62,Новосибирск 80-х - 90-х,13624,"Здание на улице Иванова, 4",654,14
62,Новосибирск 80-х - 90-х,14885,"Афиши у кинотеатра ""Аврора""",416,5
62,Новосибирск 80-х - 90-х,14819,"Рынок ""Молодёжный"" на ""Молодёжной""",559,7
62,Новосибирск 80-х - 90-х,14865,Ветлужская 22а. (ОбьГЭС),504,9
62,Новосибирск 80-х - 90-х,10519,"Пр. Дзержинского,61",1505,30
62,Новосибирск 80-х - 90-х,14651,Чкаловские дачи.,356,3
62,Новосибирск 80-х - 90-х,14817,"Агитационное сооружение на ул. Мира, у дома № 31.",367,7
62,Новосибирск 80-х - 90-х,8104,"Челюскинцев, 50",971,9
62,Новосибирск 80-х - 90-х,11979,"Лодочная станция ""Чайка-1""",662,9
62,Новосибирск 80-х - 90-х,10173,"Дома по ул. Челюскинцев 44, 46",642,7
62,Новосибирск 80-х - 90-х,3207,"Строительство Новосибирского обкома КПСС (ул. Кирова, 3)",3980,63
62,Новосибирск 80-х - 90-х,14668,Дуси Ковальчук 272.,543,7
62,Новосибирск 80-х - 90-х,14652,Кто эти красавицы?,627,6
62,Новосибирск 80-х - 90-х,6104,Проект автовокзала. 1980 год.,770,13
62,Новосибирск 80-х - 90-х,14637,"У здания поликлиники № 20 на ул. 1905 года, 19",523,7
62,Новосибирск 80-х - 90-х,14592,"""Новосибирский областной центр. АвтоВАЗ. Техобслуживание""",628,14
62,Новосибирск 80-х - 90-х,13432,У общежития № 7 НЭТИ. Зима 1983 года.,572,7
62,Новосибирск 80-х - 90-х,14559,"Комиссионный магазин на Никитина,64 (1982).",324,3
62,Новосибирск 80-х - 90-х,14214,"Угол дома по ул. Д. Донского, 32/1.",1569,40
62,Новосибирск 80-х - 90-х,14549,"Ремонтно- механические мастерские,автобазы Горздравотдел (Горького 10)",568,11
62,Новосибирск 80-х - 90-х,10801,"Геодезическая 5,9, Маркса, 22",909,12
62,Новосибирск 80-х - 90-х,14547,"Строительство метро ""Студенческая""",437,1
62,Новосибирск 80-х - 90-х,14523,"Заметка о монтаже башни диспетчерской связи ""Алтай"" на Выставочной.",524,7
62,Новосибирск 80-х - 90-х,14503,"Вокзальная магистраль, 3",511,6
62,Новосибирск 80-х - 90-х,13774,"Первомайский сквер, начало 90-х, загадочный павильон",867,8
62,Новосибирск 80-х - 90-х,14320,"Лодочная база ""Локомотив"".",839,10
62,Новосибирск 80-х - 90-х,14472,"Ударим автопробегом...(Автомобилисты,Дню города)",327,2
62,Новосибирск 80-х - 90-х,14365,Ханс-Петер Берчи в Новосибирске.,735,16
62,Новосибирск 80-х - 90-х,14380,"Пивной бар - ""Шайба"" (Ул. Котовского,1а)",2038,51
62,Новосибирск 80-х - 90-х,14395,Поселок Гвардейский зимой в 80-х,544,10
62,Новосибирск 80-х - 90-х,2485,"Новосибирский Дом Моделей (ул.Романова, 27)",2423,26
62,Новосибирск 80-х - 90-х,8844,"Строится Красный проспект, 99",582,8
62,Новосибирск 80-х - 90-х,14176,"Вид на МЖК ""Восточный""",1309,34
62,Новосибирск 80-х - 90-х,14282,Микрорайон Флотский в Пашино,573,11
62,Новосибирск 80-х - 90-х,739,"Теплицы совхоза ""ЦВЕТЫ СИБИРИ"" (ул. Дачная, 21)",2430,42
62,Новосибирск 80-х - 90-х,7390,Очередь в консульство Германии. 1990е,768,10
62,Новосибирск 80-х - 90-х,14256,Сиреневая 19,280,3
62,Новосибирск 80-х - 90-х,14187,Новосибирск 1990-2000 гг. от фотографа Натальи Мясниковой и её коллег,1782,27
62,Новосибирск 80-х - 90-х,14192,Загадка от Н. Мясниковой,769,15
62,Новосибирск 80-х - 90-х,13186,Колллектив Западно-Сибирской студии кинохроники. 1983 год.,510,8
62,Новосибирск 80-х - 90-х,14207,Лыжницы в Бугринской роще. 1983 год,396,12
62,Новосибирск 80-х - 90-х,14167,Молодая мама гуляет в районе ул. Крылова и Фрунзе.,499,9
62,Новосибирск 80-х - 90-х,14146,Перекрёсток улиц Ватутина и Котовского.,578,16
62,Новосибирск 80-х - 90-х,14151,Академгородок. Морской проспект,251,4
62,Новосибирск 80-х - 90-х,14138,"Вид на школу № 56 из окна дома Котовского, 10.",461,8
62,Новосибирск 80-х - 90-х,4648,Пересечение улицы Богдана Хмельницкого и улицы Новая Заря.,951,9
62,Новосибирск 80-х - 90-х,14109,Школа № 95. Экономический лицей.,357,3
62,Новосибирск 80-х - 90-х,14071,"Облезлый угол. Двор здания по ул. Ленина, 4.",465,7
62,Новосибирск 80-х - 90-х,9377,"Улица Доватора, двор школы 59",938,12
62,Новосибирск 80-х - 90-х,8697,Во дворе Доватора 29/1.,758,7
62,Новосибирск 80-х - 90-х,11588,Водку привезли (Красный проспект. 85),710,8
62,Новосибирск 80-х - 90-х,13935,астероид «Новосибирск» (1976 Gq6),290,8
62,Новосибирск 80-х - 90-х,11401,"Улица Районная (вид с балкона Степная, 43)",974,30
62,Новосибирск 80-х - 90-х,13911,Ипподромская 56,370,6
62,Новосибирск 80-х - 90-х,13897,"Улица Ленина, 6. Задворки.",391,7
62,Новосибирск 80-х - 90-х,10729,Новосибирск 90-х от Евгения Иванова и других...,2641,33
62,Новосибирск 80-х - 90-х,9058,Дни путча,1028,25
62,Новосибирск 80-х - 90-х,13814,"Дворовый проезд между домами К.Маркса,35 и 37.",403,3
62,Новосибирск 80-х - 90-х,13770,Демонстранты на ул.Лобова у Химфармзавода.,661,12
62,Новосибирск 80-х - 90-х,13496,Где,450,2
62,Новосибирск 80-х - 90-х,13455,"На крыше Рельсовая № 3. Задний план Кропоткина № 116,127.",504,8
62,Новосибирск 80-х - 90-х,13749,На углу Чаплыгина и Урицкого.,799,15
62,Новосибирск 80-х - 90-х,13751,"Хоккеисты-инженеры на хоккейной коробке во дворе ДК ""Прогресс"".",319,7
62,Новосибирск 80-х - 90-х,13729,"Красный проспект, 179. Вид со двора в сторону улицы Северной.",380,7
62,Новосибирск 80-х - 90-х,13655,"Площадь Гарина-Михайловского, лето 1993 г.",617,7
62,Новосибирск 80-х - 90-х,13626,"Многообразие  организаций в здании на ул. Чаплыгина, 36",895,18
62,Новосибирск 80-х - 90-х,13601,"Двор дома на ул Добролюбова, 14",225,3
62,Новосибирск 80-х - 90-х,13596,"Первомайский сквер, 1990-е или конец 80-х",353,7
62,Новосибирск 80-х - 90-х,9655,Связистов 131 и 147.,566,11
62,Новосибирск 80-х - 90-х,13533,Молодая мама гуляет по ул. Ольги Жилиной.,478,10
62,Новосибирск 80-х - 90-х,13526,Гуманоид.,301,3
62,Новосибирск 80-х - 90-х,13528,"Учащиеся 158-й школы на Народной, 11 на фоне домов по БХ 8/1 и БХ 10/1",273,3
62,Новосибирск 80-х - 90-х,13437,Вид на ул. А. Лежена с дома № 29/1 по ул. Кошурникова.,497,5
62,Новосибирск 80-х - 90-х,13419,Центральный парк. Аттракцион аэростат.,446,3
62,Новосибирск 80-х - 90-х,13173,Градирня около дома 8 по ул. Николаева.,727,16
62,Новосибирск 80-х - 90-х,13361,Улица Блюхера.,383,6
62,Новосибирск 80-х - 90-х,13358,"Самые южные дома Новосибирска: Солнечногорская 5, Ясногорская 12",449,5
62,Новосибирск 80-х - 90-х,13346,Группа выпускников 1965 года у входа в Сибстрин. 1984 год,599,7
62,Новосибирск 80-х - 90-х,13309,"Напротив дома по Красному проспекту, 218",602,26
62,Новосибирск 80-х - 90-х,13337,Осенняя пастораль: Шлюзовая 12,376,6
62,Новосибирск 80-х - 90-х,13321,"Дом на ул. Добролюбова, 14",252,4
62,Новосибирск 80-х - 90-х,13289,"Гоголя 2,Советская 81.",688,16
62,Новосибирск 80-х - 90-х,10777,Столовая № 17 (Красный пр. 74),728,18
62,Новосибирск 80-х - 90-х,13262,В поселке Гвардейский. 1985 год,650,15
62,Новосибирск 80-х - 90-х,13297,Строительство дома Гоголя 42.,303,4
62,Новосибирск 80-х - 90-х,13287,Открытие нового памятника Михаилу Ивановичу Глинке,317,3
62,Новосибирск 80-х - 90-х,5235,Бывший сквер во дворе Котовского 21,734,17
62,Новосибирск 80-х - 90-х,13242,Граждане алкоголики (рынок на Молодёжной),662,12
62,Новосибирск 80-х - 90-х,13272,Аттракцион в Центральном парке 9 мая 1980 года,393,7
62,Новосибирск 80-х - 90-х,13264,"Снимок из Центрально парка, позади - стадион ""Спартак""",235,3
62,Новосибирск 80-х - 90-х,13243,Где сделано фото?,489,5
62,Новосибирск 80-х - 90-х,9510,улица Нарымская от пл. Трубникова,1190,28
62,Новосибирск 80-х - 90-х,13239,Торговые ларьки по нечётной стороне Вокзальной магистрали конца 80-х,311,3
62,Новосибирск 80-х - 90-х,13207,Где? Что? Когда?,646,15
62,Новосибирск 80-х - 90-х,13219,"Кропоткина 269/1,269 между ними Кропоткинские бани.",330,3
62,Новосибирск 80-х - 90-х,3432,"Д. Шамшурина, 10 Новосибирское бюро путешествий",1065,18
62,Новосибирск 80-х - 90-х,13206,25 марта 1993 – основана обувная компания «Вестфалика»,330,0
62,Новосибирск 80-х - 90-х,13170,"В парке Кирова, на скейтборде. 1985 год.",418,9
62,Новосибирск 80-х - 90-х,6059,"Здание Промстройпроект (Фрунзе, 4 / Красный проспект, 47)",741,7
62,Новосибирск 80-х - 90-х,13176,"Бывший ""Дом с часами"" на Полевой 3",426,10
62,Новосибирск 80-х - 90-х,13162,"Красный проспект № 77 и 77а (перекрёсток Красный,проспект-Писарева)",390,7
62,Новосибирск 80-х - 90-х,13161,"Киевская № 14,16,12,2.",413,5
62,Новосибирск 80-х - 90-х,10657,Перекрёсток Нарымская Челюскинцев.,548,2
62,Новосибирск 80-х - 90-х,4777,Ул.Фрунзе 59 и ул.Федосеева в нач.90-ых.,1550,27
62,Новосибирск 80-х - 90-х,13080,"Соискатели обмена жилплощади у дома по ул.Гоголя, 17.",388,8
62,Новосибирск 80-х - 90-х,10203,Филиал речного порта (улица 2-я Ракитная),1314,15
62,Новосибирск 80-х - 90-х,13044,"Кафе мороженое ""Робот""Никитина 20.",775,7
62,Новосибирск 80-х - 90-х,13005,Орджоникидзе 21.,367,6
62,Новосибирск 80-х - 90-х,12987,Зорге конечная.,467,7
62,Новосибирск 80-х - 90-х,12972,"Универмаг ""Юбилейный"" на улице Объединения, 80",345,4
62,Новосибирск 80-х - 90-х,12843,"У завода Радиодеталей. Ул. Кирова,82.  80 - е.",515,5
62,Новосибирск 80-х - 90-х,12840,"На улице Титова, у дома № 12. 80-е годы.",265,3
62,Новосибирск 80-х - 90-х,12829,"Вид из окна дома по ул. Московская, 163.",336,6
62,Новосибирск 80-х - 90-х,12770,У дома № 179 на Кр.проспекте.,520,9
62,Новосибирск 80-х - 90-х,12813,"Ул.Титова, 12. Вид с площадки Машиностроительного техникума. 80-е.",496,11
62,Новосибирск 80-х - 90-х,12802,Во дворе домов № 3 и № 5 по ул.Аникина. 80-е.,408,7
62,Новосибирск 80-х - 90-х,12289,"Киевская 28, Широкая, 129/1 (87-88 год)",607,8
62,Новосибирск 80-х - 90-х,12798,"На ул.Римского-Корсакова у входа на стадион ""Сибсельмаш"". 1987г.",738,5
62,Новосибирск 80-х - 90-х,11592,Немировича  Данченко.,821,15
62,Новосибирск 80-х - 90-х,12772,Угол Ломоносова и Ольги Жилиной в 1982 году.,493,8
62,Новосибирск 80-х - 90-х,12743,Театр Музыкальной комедии с ул. Каменской. Середина 80-х.,403,11
62,Новосибирск 80-х - 90-х,12752,"У парикмахерской ""Чародейка"" на Красном пр., 81.",341,4
62,Новосибирск 80-х - 90-х,12731,"На крыше дома Красный проспект, 41.  1985 год.",530,12
62,Новосибирск 80-х - 90-х,12703,Панорама 1-я Ельцовка.,536,13
62,Новосибирск 80-х - 90-х,12686,Отдых после забега.,217,2
62,Новосибирск 80-х - 90-х,12687,"Приморская, 35. Начало 80-х.",253,4
62,Новосибирск 80-х - 90-х,12476,День физкультурника. Где?,284,2
62,Новосибирск 80-х - 90-х,12543,"Дом по Богдана Хмельницкого, 35",363,6
62,Новосибирск 80-х - 90-х,12541,На улице Богдана Хмельницкого в 1985 году,288,4
62,Новосибирск 80-х - 90-х,12501,Виадук с улицы Движенцев нв Владимировскую,399,3
62,Новосибирск 80-х - 90-х,12491,Вокзальная магистраль № 5 и № 3 (строится),320,4
62,Новосибирск 80-х - 90-х,12471,"Что то,где то?",266,2
62,Новосибирск 80-х - 90-х,12441,"Детский сад ""Антошка"" Кропоткина 119/2.",321,4
62,Новосибирск 80-х - 90-х,12442,"МЖК ""Молодёжный"". Гусинобродское шоссе, 11,13,17,26.",875,23
62,Новосибирск 80-х - 90-х,12453,Улица 2-я Черносельская. Последние дни.,385,5
62,Новосибирск 80-х - 90-х,10870,"Строительство дома Челюскинцев, 18/1",730,16
62,Новосибирск 80-х - 90-х,12420,"Дом советов на пр. Лаврентьева, 14 в 1990 году",204,3
62,Новосибирск 80-х - 90-х,10969,Демонстранты на углу Урицкого и Щетинкина.,486,7
62,Новосибирск 80-х - 90-х,12372,Где? И как назывался  головой убор этих девушек?,325,3
62,Новосибирск 80-х - 90-х,11902,"Дома  по ул. Учительская 48, 50, 52",585,13
62,Новосибирск 80-х - 90-х,12310,"Ул. Немировича-Данченко, 122, западно-сибирская студия кинохроники",249,2
62,Новосибирск 80-х - 90-х,12216,"Снимок с Добролюбова, 69. 1984 год",770,13
62,Новосибирск 80-х - 90-х,12263,Гулянье в центральном парке.,388,3
62,Новосибирск 80-х - 90-х,3164,Будущая Ипподромская магистраль. 1992 г.,2081,29
62,Новосибирск 80-х - 90-х,12259,Вокзальная магистраль 3 и 5.,273,3
62,Новосибирск 80-х - 90-х,12241,Вид на автодром (Гусинобродское шоссе),387,7
62,Новосибирск 80-х - 90-х,12244,Место проведения парадов в военном городке Гвардейский в Пашино,270,4
62,Новосибирск 80-х - 90-х,12235,"Зорге № 237,241,243,189.",416,9
62,Новосибирск 80-х - 90-х,12217,"Студенты НИИГАиКа. Ул. Плахотного, 47, 49.",340,3
62,Новосибирск 80-х - 90-х,12205,Немировича-Данченко.,284,4
62,Новосибирск 80-х - 90-х,12151,Субботник на территории НЭТИ.,383,4
62,Новосибирск 80-х - 90-х,12139,Магазин Чарка-Кировские общественные мужские бани (Петухова 81/2),688,20
62,Новосибирск 80-х - 90-х,12137,"Студенты НИИГАиК на фоне Новосибирская,24",314,6
62,Новосибирск 80-х - 90-х,10145,"Железнодорожная, 4",685,13
62,Новосибирск 80-х - 90-х,12110,"Челюскинцев, 4 и 14.",333,4
62,Новосибирск 80-х - 90-х,12090,В какой школе учится пионер?,447,6
62,Новосибирск 80-х - 90-х,12067,Торжественное мероприятие у памятника Бориса Богаткова в 1980 году,456,10
62,Новосибирск 80-х - 90-х,12055,"Девушки с лопатами. Пархоменко, 26.",407,4
62,Новосибирск 80-х - 90-х,12046,"Строительство жилого дома,Фрунзе № 63.",284,3
62,Новосибирск 80-х - 90-х,12041,Зыряновская 73.,388,5
62,Новосибирск 80-х - 90-х,11925,Трамвай на Депутатской улице.,377,4
62,Новосибирск 80-х - 90-х,3765,ул. Бардина у кинотеатра «Космос»,741,8
62,Новосибирск 80-х - 90-х,11915,"Красный проспект (начало строительства станции ""Заельцовская"")",581,10
62,Новосибирск 80-х - 90-х,11916,"Восход №. 1а, 1, 3.",486,10
62,Новосибирск 80-х - 90-х,11913,"Площадка перед кинотеатром ""Современник",238,3
62,Новосибирск 80-х - 90-х,11804,Урицкого 36.,410,4
62,Новосибирск 80-х - 90-х,11791,Берёзовая роща. Коллекционеры.,493,4
62,Новосибирск 80-х - 90-х,4492,"Фото с мачты освещения стадиона ""Спартак"". 1995 год.",1066,10
62,Новосибирск 80-х - 90-х,11665,Видеовизитка КВН НГУ,888,16
62,Новосибирск 80-х - 90-х,11686,"У входа в детский сад . Красный проспект,16/ Сибревкома, 1.",731,9
62,Новосибирск 80-х - 90-х,11595,"Первый маршрут автобуса и торговые ларьки ""Гранит на Титова.,",640,15
62,Новосибирск 80-х - 90-х,11574,"Красный проспект, 102/1",307,3
62,Новосибирск 80-х - 90-х,11476,Лестница в конце пирса на Шлюзе,677,17
62,Новосибирск 80-х - 90-х,11535,"Ясли-сад № 50, территория НИИЖТа",947,16
62,Новосибирск 80-х - 90-х,10207,Угадаем магазин?,1064,15
62,Новосибирск 80-х - 90-х,10149,Движение транспорта по Димитровскому мосту. 1982 год,604,11
62,Новосибирск 80-х - 90-х,11410,Горячие пляжи Сибири.,334,3
62,Новосибирск 80-х - 90-х,9932,"Зорге 59,Громова 10,краешек Громова 8.",506,7
62,Новосибирск 80-х - 90-х,11392,"Перекресток улиц Станиславского и Котовского, у Сада Кирова.",365,3
62,Новосибирск 80-х - 90-х,11374,Проспект Маркса. Велопробег. 1985 г.,280,5
62,Новосибирск 80-х - 90-х,11179,Первомай на ул.Кирова у Аффинажного завода. 1978-80 г.,551,9
62,Новосибирск 80-х - 90-х,11232,Подружки у дома № 9 по ул.Ветлужская. Виден дом № 3 по ул.Софийская.,579,10
62,Новосибирск 80-х - 90-х,9303,"Вентиляционная шахта. Нарымская, 19.",1563,29
62,Новосибирск 80-х - 90-х,11229,У дома № 16  по ул. Пермитина.,410,6
62,Новосибирск 80-х - 90-х,11199,Карусель на пляже Бугринской рощи.,563,10
62,Новосибирск 80-х - 90-х,11197,В предвкушении праздничного шествия...,548,12
62,Новосибирск 80-х - 90-х,11198,"Интерьер парикмахерской на Вокзальной магистрали, 5",393,9
62,Новосибирск 80-х - 90-х,11183,"Улица Гурьевская. Остановка ""Октябрьский рынок"". 1979-80 г.",527,8
62,Новосибирск 80-х - 90-х,11174,Кто определит направление и скорость ветра ?,431,10
62,Новосибирск 80-х - 90-х,11169,Прогулка на свежем воздухе. Где?,315,3
62,Новосибирск 80-х - 90-х,11137,Двор дома № 41 по ул. Котовского. Субботник.,343,5
62,Новосибирск 80-х - 90-х,11135,"Мимо Ватутина, 15 - к светлому будущему!",357,5
62,Новосибирск 80-х - 90-х,11122,Ну разве не красавцы?  Да где же такие стоят?,667,10
62,Новосибирск 80-х - 90-х,11119,"Выход из станции метро ""Красный проспект""  1987 г.",435,4
62,Новосибирск 80-х - 90-х,11082,Музыкальная школа для взрослых (Щетинкина 66),626,7
62,Новосибирск 80-х - 90-х,11074,Во дворе Каменская 84В.,337,8
62,Новосибирск 80-х - 90-х,11069,Мозаичное панно в зале пригородных касс. 1980-е,403,5
62,Новосибирск 80-х - 90-х,11060,Демонстранты на улице Восход у дома №1а.,415,6
62,Новосибирск 80-х - 90-х,11041,Частные капиталисты у Менделеева 4,339,3
62,Новосибирск 80-х - 90-х,10977,У здания Пединститута на ул. Жуковского 113/5.,594,13
62,Новосибирск 80-х - 90-х,10982,"Первомайские демонстранты у остановки ""Сибревком""",483,13
62,Новосибирск 80-х - 90-х,10992,Встреча выпускников зооинженерного факультета НСХИ,714,10
62,Новосибирск 80-х - 90-х,10984,"Группа милиционеров на улице Мичурина, 27",533,6
62,Новосибирск 80-х - 90-х,10968,"Кто такие,  с гитарами и без охраны?",465,6
62,Новосибирск 80-х - 90-х,8259,"Бракосочетание на Советской, 37",1073,25
62,Новосибирск 80-х - 90-х,10958,"У Дворца бракосочетаний. Торец дома по Красному проспекту, 66.",358,5
62,Новосибирск 80-х - 90-х,10950,"Строящийся дом по Фрунзе,57. Вид от корпуса Нархоза с ул. Ломоносова.",533,10
62,Новосибирск 80-х - 90-х,10949,"Жарким летом у пристани ""Октябрьская"".",279,4
62,Новосибирск 80-х - 90-х,10929,Панорама пересечения улицы Кирова и Никитина.,575,12
62,Новосибирск 80-х - 90-х,10631,"Челюскинцев 6, Сибирская 13,  Вокзальная магистраль 3.",537,8
62,Новосибирск 80-х - 90-х,10904,Во дворе дома № 30 по ул. Иванова.,468,4
62,Новосибирск 80-х - 90-х,10901,На улице Фабричной.,467,4
62,Новосибирск 80-х - 90-х,10899,Территория НИИГАиК. Вид в сторону ул. Станиславского.,538,9
62,Новосибирск 80-х - 90-х,10892,День ВМФ у карьера на Горской.,347,3
62,Новосибирск 80-х - 90-х,10895,Веселый квартет на перекрестке Ватутина и Котовского.,413,10
62,Новосибирск 80-х - 90-х,10878,Сибирская 31 и 33 из окна Сибирская 26.,420,5
62,Новосибирск 80-х - 90-х,10864,Где зафотографироваровано?,730,18
62,Новосибирск 80-х - 90-х,10847,"Пара у входа в Авиационный техникум на Красном проспекте, 72.",870,16
62,Новосибирск 80-х - 90-х,10826,Вид на бывший детсад на Курчатова 3/1 и жилые дома рядом,421,9
62,Новосибирск 80-х - 90-х,10592,Советская 37 на ЯПе,722,11
62,Новосибирск 80-х - 90-х,10819,Во дворе Института Связи. ( СибГУТИ ).,515,8
62,Новосибирск 80-х - 90-х,4552,"Ул. Кропоткина, 1981 год",2429,20
62,Новосибирск 80-х - 90-х,10795,Перекресток улиц Щетинкина-Серебренниковская,379,10
62,Новосибирск 80-х - 90-х,10774,Площадь Маркса. Ожидание салюта 9 мая.,574,15
62,Новосибирск 80-х - 90-х,10772,"Здание на ул. Щетинкина, 41 построенное в 1982 году",582,7
62,Новосибирск 80-х - 90-х,10653,Загадка на 16 секунд. Что на фото?,428,6
62,Новосибирск 80-х - 90-х,10643,"Новосибтрансагенство (Блюхера, 55)",334,3
62,Новосибирск 80-х - 90-х,10644,Жуковского 106/1 и Тимирязева 58. Строится Тимирязева 58/1,320,3
62,Новосибирск 80-х - 90-х,10638,Пять граций. Где они попали в кадр?,483,7
62,Новосибирск 80-х - 90-х,10635,Где остановилось мгновение?,435,7
62,Новосибирск 80-х - 90-х,10628,Вид от центральной проходной НЭВЗа на Красный пр. 218,613,15
62,Новосибирск 80-х - 90-х,10622,Ипподромская 49 в створе переходной моста.,413,5
62,Новосибирск 80-х - 90-х,10585,Юбилей заслуженного артиста РСФСР Анатолия Жукова,278,5
62,Новосибирск 80-х - 90-х,4098,Вид на ул. Лежена,836,5
62,Новосибирск 80-х - 90-х,1335,ул. М. Горького. Вид от входа в пед. колледж им. Макаренко,884,9
62,Новосибирск 80-х - 90-х,10504,Панорама с 8-го этажа Мичурина № 9,481,10
62,Новосибирск 80-х - 90-х,10466,Микрорайон Снегири. 1988 год,406,3
62,Новосибирск 80-х - 90-х,10422,Пашино. Гвардейская часть РВСН,400,5
62,Новосибирск 80-х - 90-х,10035,"Улица Коммунистическая, 48",1120,17
62,Новосибирск 80-х - 90-х,8563,"Магазин ""Золотая Нива"".",964,7
62,Новосибирск 80-х - 90-х,9739,"Дом по ул. Б.Богаткова, 50. Вид со стороны школы № 19.",869,9
62,Новосибирск 80-х - 90-х,8973,Карла Маркса  28/1 (аптека),577,5
62,Новосибирск 80-х - 90-х,10269,Место установки?,492,10
62,Новосибирск 80-х - 90-х,10240,"Кто помнит, когда появилась реклама на транспорте?",491,4
62,Новосибирск 80-х - 90-х,9243,"Автобус ""тройка"" у Ленина,50.",1007,33
62,Новосибирск 80-х - 90-х,10235,Цепь ограждения на Октябрьской пристани,370,4
62,Новосибирск 80-х - 90-х,10190,Бани у Красных казарм на Владимировской,439,6
62,Новосибирск 80-х - 90-х,10183,Пересечение улиц Мичурина и Крылова.,419,5
62,Новосибирск 80-х - 90-х,10184,"Арка дома Вокзальная магистраль, 5.",296,3
62,Новосибирск 80-х - 90-х,6741,"Новосибирский центр стандартизации и метрологии (пр.Дзержинского, 2/1)",676,11
62,Новосибирск 80-х - 90-х,10176,Вид в сторону перекрёстка Кирова и Никитина.(панорама),507,3
62,Новосибирск 80-х - 90-х,10174,Во дворе Сибирская 26 и 28.,337,5
62,Новосибирск 80-х - 90-х,10144,Что за забором?,396,7
62,Новосибирск 80-х - 90-х,10151,"Блюхера, 32/1(6 общежитие НЭТИ)1981 год.",378,3
62,Новосибирск 80-х - 90-х,10122,"Ночной вид на дом по ул. Фрунзе,59/1.",440,6
62,Новосибирск 80-х - 90-х,9970,Год? Место- легко. А вот точный год- посложнее вопрос.,1139,31
62,Новосибирск 80-х - 90-х,10053,"Из какого дома снят ""вид на хутор"" :) Ну и год желательно.",890,20
62,Новосибирск 80-х - 90-х,10065,Перекрёсток улиц Ватутина и Новогодней. 1979 год.,490,6
62,Новосибирск 80-х - 90-х,10046,Героев революции 30/2,504,12
62,Новосибирск 80-х - 90-х,9910,"Проспект Дзержинского, 22 и 24.",921,19
62,Новосибирск 80-х - 90-х,10030,"Жилой дом по ул. Немировича-Данченко, 14/4.  1989 год.",320,3
62,Новосибирск 80-х - 90-х,9992,"Пр. Дзержинского,18 со стороны ул.Королёва. 1990 год.",700,4
62,Новосибирск 80-х - 90-х,5092,Передвижная телевизионная станция (бывшая) рядом с Башней,1465,20
62,Новосибирск 80-х - 90-х,9942,"На балконе Потанинская 3а,в кадре Красный 35.",448,11
62,Новосибирск 80-х - 90-х,6348,Молодежь  и газвода... Метро Студенческая,1211,27
62,Новосибирск 80-х - 90-х,9902,"От ул. Линейной, 41",325,3
62,Новосибирск 80-х - 90-х,9895,Аэропорт 6,368,3
62,Новосибирск 80-х - 90-х,9845,В скверике Чаплыгина(ныне),356,10
62,Новосибирск 80-х - 90-х,9841,Снежный городок 1979 года,446,6
62,Новосибирск 80-х - 90-х,9829,Пархоменко 6 и 4,466,8
62,Новосибирск 80-х - 90-х,9814,Гоголя 36,580,12
62,Новосибирск 80-х - 90-х,9771,вопрос на засыпку,767,17
62,Новосибирск 80-х - 90-х,4936,Ядринцевская 27,495,15
62,Новосибирск 80-х - 90-х,9761,Скульптура кота в сапогах у фонтана Первомайского сквера,388,6
62,Новосибирск 80-х - 90-х,9748,"Гоголя 11,далее ПАТП-1.",407,6
62,Новосибирск 80-х - 90-х,9734,"Такси ""Волга"" на ул. Ленинградская",728,16
62,Новосибирск 80-х - 90-х,9644,Без загадки),323,1
62,Новосибирск 80-х - 90-х,9619,Станиславского 34 и 32.,317,4
62,Новосибирск 80-х - 90-х,9086,1984 год. Стр-во общежития управления связи на ул. Сиб.-Гвардейцев.,870,22
62,Новосибирск 80-х - 90-х,9567,"Вокзальная магистраль, 11 с балкона пр. Димитрова, 13",648,12
62,Новосибирск 80-х - 90-х,9526,Где был этот домик?,651,8
62,Новосибирск 80-х - 90-х,9509,Где?,289,2
62,Новосибирск 80-х - 90-х,9484,Во дворе  Красный проспект 87/2. Вдали  Дачная 19.,461,5
62,Новосибирск 80-х - 90-х,9435,Космическая 21 корпус 3(общежитие НЭТИ)1981 год.,392,6
62,Новосибирск 80-х - 90-х,4724,Деревянное здание на ул. Д. Ковальчук,1536,29
62,Новосибирск 80-х - 90-х,9373,Красный проспект. 1992 год.,460,3
62,Новосибирск 80-х - 90-х,9317,"Вытрезвитель Центрального района (Каменская, 18/Чаплыгина, 92)",697,9
62,Новосибирск 80-х - 90-х,9316,"Жилой дом по ул. Первомайская,150.",304,4
62,Новосибирск 80-х - 90-х,9272,Уборка снега у 3-го корпуса НЭТИ.,440,6
62,Новосибирск 80-х - 90-х,9257,Развалины дома на чётной стороне ул. Дм. Шамшурина 1984 год.,919,29
62,Новосибирск 80-х - 90-х,1904,"Дом на ул. Ядринцевской, 30",1917,42
62,Новосибирск 80-х - 90-х,9091,Субботник на улице 1-я Ельцовка в апреле 1990 года.,664,10
62,Новосибирск 80-х - 90-х,9087,"На спортплощадке дома ул.1905 года, 30 (9 фото архив Alexander Volok)",967,23
62,Новосибирск 80-х - 90-х,9057,"Красный проспект,155.  Вход в общ.""Каскад"".  1992г.",731,11
62,Новосибирск 80-х - 90-х,9041,Стройка. Вокзальная магистраль и пр. Димитрова.Камфорный завод,1079,32
62,Новосибирск 80-х - 90-х,9036,"Блюхера,19. Бывший магазин ""Спортивные товары"".",714,14
62,Новосибирск 80-х - 90-х,751,Такое тоже было...,2089,25
62,Новосибирск 80-х - 90-х,8915,"Во дворе дома Станиславского 13а,за забором школа 27",512,10
62,Новосибирск 80-х - 90-х,8893,"Двор на Куприна, 30",1076,24
62,Новосибирск 80-х - 90-х,8912,Общежитие на Добролюбова,264,3
62,Новосибирск 80-х - 90-х,8864,Вид из окна дома Советская 35а,492,4
62,Новосибирск 80-х - 90-х,8843,"Столовая СИБСТРИНа Тургенева 171 и третье общежитие ​Добролюбова, 52",623,14
62,Новосибирск 80-х - 90-х,8730,Строительство Орджоникидзе 33. 1992 год,398,3
62,Новосибирск 80-х - 90-х,1381,"Пизанская башня (ул. Военная, 9)",1941,10
62,Новосибирск 80-х - 90-х,8710,Узнайте место,1356,29
62,Новосибирск 80-х - 90-х,8694,"Ельцовская, 96. 1984 год.",510,6
62,Новосибирск 80-х - 90-х,8659,"Спортивная площадка школы 87 (ул. Доватора, 33/4)",442,3
62,Новосибирск 80-х - 90-х,8641,Где и когда,524,6
62,Новосибирск 80-х - 90-х,8551,Угол ул. Мичурина и Фрунзе. 1985 г.,750,10
62,Новосибирск 80-х - 90-х,8554,"Гоголя - Каменская, 1987",487,3
62,Новосибирск 80-х - 90-х,8528,"Строительство бассейна ""Бригантина""86-67 год",454,11
62,Новосибирск 80-х - 90-х,480,Комбинат бытового обслуживания на проспекте Маркса,1382,7
62,Новосибирск 80-х - 90-х,8419,На какой базе отдыха.,509,3
62,Новосибирск 80-х - 90-х,8407,Молодые люди на улице Потанинской.,315,5
62,Новосибирск 80-х - 90-х,8314,Улица Доватора и её окрестности.,909,10
62,Новосибирск 80-х - 90-х,8305,Улица Троллейная . Юго-Западный жилмассив. 1987год.,1106,10
62,Новосибирск 80-х - 90-х,8280,25-лет Октября и ул.Олеко Дундича. 1976г.,566,11
62,Новосибирск 80-х - 90-х,6366,"Гусинобродское шоссе, 31",767,11
62,Новосибирск 80-х - 90-х,8249,"Видеосалон в ПКиО ""Березовая роща"" , 1988 год.",785,14
62,Новосибирск 80-х - 90-х,6339,"Двор по ул. Толбухина, 25",997,26
62,Новосибирск 80-х - 90-х,6331,Пункты приема и обмена,1463,40
62,Новосибирск 80-х - 90-х,8228,"Строительство дома по ул.Лазурная,10. 1987 год.",621,8
62,Новосибирск 80-х - 90-х,8191,"Советская, 37 в 90-е годы",448,4
62,Новосибирск 80-х - 90-х,2841,ул.25 лет Октября в 1983г.,954,16
62,Новосибирск 80-х - 90-х,8106,ул.Светофорная и кусочек Владимировской,409,6
62,Новосибирск 80-х - 90-х,2358,"Строящийся дом (ул. Б.Богаткова, 208/1)",652,4
62,Новосибирск 80-х - 90-х,8080,"Строительство восточной трибуны стадиона ""Сибсельмаш"". ул.Пархоменко,2",544,6
62,Новосибирск 80-х - 90-х,4684,Зорге 143,997,15
62,Новосибирск 80-х - 90-х,7996,Где? Адрес?,889,4
62,Новосибирск 80-х - 90-х,5905,"Где снимали ""Перед свадьбой""(1987)?",779,3
62,Новосибирск 80-х - 90-х,7944,"Пр. Маркса , 37. Общежитие НЭТИ.",424,5
62,Новосибирск 80-х - 90-х,7775,1986 г. Красное знамя. Коллектив 2-ой Гинекологической больницы.,684,23
62,Новосибирск 80-х - 90-х,7688,"Вид из окна ул. Кропоткина , 108 на Орленок",760,9
62,Новосибирск 80-х - 90-х,7706,Барельеф на здании,294,1
62,Новосибирск 80-х - 90-х,7511,улица Александра Матросова,946,40
62,Новосибирск 80-х - 90-х,7403,улица Селезнёва 32,527,8
62,Новосибирск 80-х - 90-х,6943,Строительство жилмассива на ул. Ипподромской.,678,4
62,Новосибирск 80-х - 90-х,6933,Последние домики на Вокзальной магистрали.,932,11
62,Новосибирск 80-х - 90-х,6062,"Строительство Ипподромской, 32, 34 и т. д.",1031,14
62,Новосибирск 80-х - 90-х,1112,Детские товары и Продукты на Б.Богаткова 201.,1427,12
62,Новосибирск 80-х - 90-х,5915,"А во дворе была эстрада (Д. Давыдова, 8 и Учительская, 7)",818,14
62,Новосибирск 80-х - 90-х,1378,Снос старых домов,3464,40
62,Новосибирск 80-х - 90-х,3291,Пятиэтажка 464 серии - Немировича-Данченко 139/2,3584,58
62,Новосибирск 80-х - 90-х,6371,"ул. Чекалина 33, 35",278,4
62,Новосибирск 80-х - 90-х,6367,"ул. Мусы Джалиля,14",383,3
62,Новосибирск 80-х - 90-х,6335,Дерево на перекрестке ул. Гоголя и О. Жилиной,484,3
62,Новосибирск 80-х - 90-х,6211,Уличная торговля у ст. метро Октябрьская. 1994 г.,695,5
62,Новосибирск 80-х - 90-х,6180,Территория Новосибирского приборостроительного завода. 1993 г.,921,21
62,Новосибирск 80-х - 90-х,6145,"Здание, ставшее похоронным домом.",1170,22
62,Новосибирск 80-х - 90-х,6142,Вид на ул.Учительскую - ул.Олеко Дундича в 80-х годах,764,8
62,Новосибирск 80-х - 90-х,6137,Ул. Лермонтова. 1990 г.,482,5
62,Новосибирск 80-х - 90-х,2902,"Ул. Немировича-Данченко, вид на К.Маркса, 30",1124,20
62,Новосибирск 80-х - 90-х,6065,Угол ул. Театральной и Богдана Хмельницкого. 1990 год.,937,25
62,Новосибирск 80-х - 90-х,2619,"Двор дома на Ленина, 20",1263,26
62,Новосибирск 80-х - 90-х,6030,Склад металлолома и красивая девушка около кордодрома. 1998 год.,818,10
62,Новосибирск 80-х - 90-х,2530,Потенциальная территория приборостроительного завода им. Ленина. 1985,790,17
62,Новосибирск 80-х - 90-х,6016,Красавица на кордодроме. 1992 год.,932,19
62,Новосибирск 80-х - 90-х,5993,Скульптуры в сквере у Оперного театра (День города 1995 г.),456,4
62,Новосибирск 80-х - 90-х,5954,Обсудим фото из 80-х,1133,11
62,Новосибирск 80-х - 90-х,5917,Улица Учительская в районе современного дома № 8 (конец 80-х),924,13
62,Новосибирск 80-х - 90-х,5908,Дисбат.,1856,9
62,Новосибирск 80-х - 90-х,5829,"Магазин ""Ярославна"" (ул. Богдана Хмельницкого, 29)",855,17
62,Новосибирск 80-х - 90-х,5863,"Гастроном № 26 (ул. Народная, 1/1)",749,18
62,Новосибирск 80-х - 90-х,4061,Где идут слоники,731,7
62,Новосибирск 80-х - 90-х,5665,Вид на Д.Ковальчук и Нарымскую с Галащука.1996 и 2001 гг.,1107,17
62,Новосибирск 80-х - 90-х,5434,"Пейзаж в квартале ул. Селезнёва, Фрунзе, Ипподромская, Державина.",1117,12
62,Новосибирск 80-х - 90-х,5701,Случайно зеркально обращённые изображения.1998 год.,732,11
62,Новосибирск 80-х - 90-х,5668,Перекрёсток Героев Революции и Качалова,542,7
62,Новосибирск 80-х - 90-х,2607,"Вид от дома по ул. Б. Богаткова, 201 в сторону ""Золотой Нивы""",1595,27
62,Новосибирск 80-х - 90-х,3145,"Бывшая зона у строящейся гостиницы ""Турист"" 1990 г.",1655,27
62,Новосибирск 80-х - 90-х,5653,Вот такие вопросы к вам.,680,5
62,Новосибирск 80-х - 90-х,5340,День ВМФ конца 80-х,1763,34
62,Новосибирск 80-х - 90-х,558,Венеция в Новосибирске.,1540,6
62,Новосибирск 80-х - 90-х,4624,"Кафе ""Горячие закуски"" в фойе гостиницы ""Новосибирск""",1032,11
62,Новосибирск 80-х - 90-х,5453,Гусинобродское шоссе в районе дома № 17,787,6
62,Новосибирск 80-х - 90-х,5430,В переулках Пархоменко.,485,3
62,Новосибирск 80-х - 90-х,5420,"Ипподромская, 24",1381,35
62,Новосибирск 80-х - 90-х,5414,"Карамзина, 47",598,12
62,Новосибирск 80-х - 90-х,5371,"Планетная, 55, к 8",1137,29
62,Новосибирск 80-х - 90-х,5394,"Ул. Щетинкина, 1986 год.",824,29
62,Новосибирск 80-х - 90-х,5385,Угол Советской и Писарева. 1988 г.,643,4
62,Новосибирск 80-х - 90-х,5367,"Крылова, 6, 1997 год.",1281,26
62,Новосибирск 80-х - 90-х,5382,"Ул. Гоголя, 26",529,4
62,Новосибирск 80-х - 90-х,5364,"ул. Гоголя, 23",515,12
62,Новосибирск 80-х - 90-х,5359,"Пархоменко, 8 со стороны ул. Дружбы.",676,24
62,Новосибирск 80-х - 90-х,5289,"Дачная, 38. 1987 год.",602,8
62,Новосибирск 80-х - 90-х,5282,"Битый авто у дома Ипподромская, 30",1002,29
62,Новосибирск 80-х - 90-х,4772,Путепровод Транссиба на Ипподромской.,1134,21
62,Новосибирск 80-х - 90-х,5074,"Вопрос - Кошурникова, 31",635,8
62,Новосибирск 80-х - 90-х,5073,Богаткова 192/1 строится,495,3
62,Новосибирск 80-х - 90-х,4774,Перекрёсток Мичурина и Ядринцевской.,581,30
62,Новосибирск 80-х - 90-х,4941,"Строительство Фрунзе, 57а",516,2
62,Новосибирск 80-х - 90-х,4808,"Двор стоматологии на Нарымской, 5",777,10
62,Новосибирск 80-х - 90-х,4771,Ярмарка у Дома быта.На границе 80-ых и 90-ых.,978,22
62,Новосибирск 80-х - 90-х,4815,"Ул. Крылова, 1993 г.",851,14
62,Новосибирск 80-х - 90-х,4818,Вид с Орджоникидзе 35 в сторону Дома быта.,413,3
62,Новосибирск 80-х - 90-х,4795,1980г. Вид из окна Института связи.,812,22
62,Новосибирск 80-х - 90-х,3431,Авиационный праздник в городском аэропорте. 1995 год.,984,19
62,Новосибирск 80-х - 90-х,3221,Пушечка,636,9
62,Новосибирск 80-х - 90-х,4743,"Торговый центр по ул.4-я Пятилетка, 28",413,3
62,Новосибирск 80-х - 90-х,4775,Пожар в Институте связи.Январь 1993.,1336,7
62,Новосибирск 80-х - 90-х,4773,Улица Военная.90-ые.,700,7
62,Новосибирск 80-х - 90-х,4766,Вид на школу из окна Мичурина 9,381,5
62,Новосибирск 80-х - 90-х,4747,Деревянный домик на углу Фрунзе и Ипподромской,604,5
62,Новосибирск 80-х - 90-х,4754,Под сибревкомовским мостом. 1998 год.,491,4
62,Новосибирск 80-х - 90-х,4745,"Селезнёва, 39. 1989 год.",682,5
62,Новосибирск 80-х - 90-х,4740,Угол ул. Николая Островского и Татарской. 1984 г.,876,28
62,Новосибирск 80-х - 90-х,2943,"У домов по ул. Маяковского, 24 и ул. Физкультурная, 5",484,4
62,Новосибирск 80-х - 90-х,2413,Челюскинцев 14,816,8
62,Новосибирск 80-х - 90-х,4669,Затон не ранее 1988 года.,801,11
62,Новосибирск 80-х - 90-х,4690,где?,622,5
62,Новосибирск 80-х - 90-х,4623,"""Молодёжный"" на Вокзальной маг.,5.",576,8
62,Новосибирск 80-х - 90-х,4613,1982 г. Ночные огни Красного проспекта.,768,10
62,Новосибирск 80-х - 90-х,3217,"ул. Советская, 5а. 1997 год.",789,5
62,Новосибирск 80-х - 90-х,3420,"Сгоревший дом, угол Советской и Ермака.",950,16
62,Новосибирск 80-х - 90-х,4317,"Профилакторий завода ""Сибтекстильмаш""",777,6
62,Новосибирск 80-х - 90-х,4254,"Проект детского сада 90, М. Горького, 26",402,7
62,Новосибирск 80-х - 90-х,4203,Около ЦУМа в 80-е,937,6
62,Новосибирск 80-х - 90-х,4209,"Угол Гоголя и Ипподромской, 1995 год.",821,7
62,Новосибирск 80-х - 90-х,4147,Державина,393,6
62,Новосибирск 80-х - 90-х,4144,Ломоносова 59,466,8
62,Новосибирск 80-х - 90-х,4093,Ул. Гоголя в районе строящейся станции Покрышкина.,640,8
62,Новосибирск 80-х - 90-х,4086,Территория нынешнего зоопарка.,784,7
62,Новосибирск 80-х - 90-х,4062,Птичий рынок на Владимировской.,1003,26
62,Новосибирск 80-х - 90-х,4075,"Остановка "" Магазин Уют """,676,5
62,Новосибирск 80-х - 90-х,3973,"Пожар в Строительной академии (Сибстрин), май 1996 года.",1215,18
62,Новосибирск 80-х - 90-х,2638,Перекрёсток Красного проспекта и ул. Гоголя (в сторону Мичурина),1587,22
62,Новосибирск 80-х - 90-х,3892,Ул. Ипподромская в 1992 году.,890,7
62,Новосибирск 80-х - 90-х,3865,"Щель между домами Крылова, 89 и Селезнёва, 31",694,11
62,Новосибирск 80-х - 90-х,3831,"ГСК ""Нива"" на улице Максима Горького",425,3
62,Новосибирск 80-х - 90-х,3775,Перекрёсток ул. Крылова и Ольги Жилиной.,792,7
62,Новосибирск 80-х - 90-х,3758,Вопрос: строящиеся дома в Дзержинском районе (1980-е годы),577,7
62,Новосибирск 80-х - 90-х,3732,"Во дворе здания треста ""Запсибзолото"" (Красный проспект,1). 1988 год.",660,7
62,Новосибирск 80-х - 90-х,3474,Двор Народная 25 и 23,761,15
62,Новосибирск 80-х - 90-х,3539,"На крыше кинокопировальной фабрики, Добролюбова, 16.",556,10
62,Новосибирск 80-х - 90-х,3471,Загадочная надпись в телефонных будках.,1221,15
62,Новосибирск 80-х - 90-х,3407,Во дворе Новосибирского института советской кооперативной торговли,451,4
62,Новосибирск 80-х - 90-х,3216,Каньон 1-ой Ельцовки в 1988 году,695,6
62,Новосибирск 80-х - 90-х,3108,"Ул. Пушкина, 1997 г.",634,10
62,Новосибирск 80-х - 90-х,3160,Переезд на ул. Семьи Шамшиных. 1990 г.,545,4
62,Новосибирск 80-х - 90-х,3128,Ливень на ул. Сибирской. 1990 г.,641,5
62,Новосибирск 80-х - 90-х,3137,"На крыше дома Сиб-Гвардейцев, 36. 1990 г.",936,5
62,Новосибирск 80-х - 90-х,3116,Домики у дзержинского троллейбусного депо на ул. Алейской.,464,4
62,Новосибирск 80-х - 90-х,3114,Забор старого зоопарка со стороны ул. Каменской,821,16
62,Новосибирск 80-х - 90-х,3107,Пожар на пл. Кондратюка.,585,12
62,Новосибирск 80-х - 90-х,2978,Стройка ВПШ - СибАГС,583,5
62,Новосибирск 80-х - 90-х,2970,"Тут был трактор... Первомайская, 144.",320,0
62,Новосибирск 80-х - 90-х,2926,"В районе ул. Героев Революции,36, вид на школу № 140",502,13
62,Новосибирск 80-х - 90-х,2903,Центральный рынок. 1984 г.,1030,11
62,Новосибирск 80-х - 90-х,2830,"В районе домов по ул. Вертковская, 19, 21",429,4
62,Новосибирск 80-х - 90-х,2804,Сибирская 32,578,10
62,Новосибирск 80-х - 90-х,1267,"ул. Богдана Хмельницкого, 4.",1219,20
62,Новосибирск 80-х - 90-х,2673,Подземный переход на ул.Станционная.,658,3
62,Новосибирск 80-х - 90-х,2657,"Строительство АТС на Дуси Ковальчук, 258/2",522,5
62,Новосибирск 80-х - 90-х,2355,Бревенчатые дома по ул. Депутатской,681,9
62,Новосибирск 80-х - 90-х,2585,Перекрёсток ул. Б.Богаткова и ул. А. Лежена,578,6
62,Новосибирск 80-х - 90-х,2568,"Строительство ул. Дуси Ковальчук, 258.",913,12
62,Новосибирск 80-х - 90-х,2520,Строительство цехов ПО НПЗ. 1980 г.,0,0
62,Новосибирск 80-х - 90-х,2490,"В районе школ № 186 и № 11 (ул. Б.Богаткова, 189, 187)",0,0
62,Новосибирск 80-х - 90-х,2479,"Во дворе школы № 48 (ул. Титова, 202)",0,0
62,Новосибирск 80-х - 90-х,2457,Перевозка балки для эстакады метромоста. 1983 г.,629,17
62,Новосибирск 80-х - 90-х,2452,"Спартака, 16/Сибревкома, 3. 1982 год.",537,8
62,Новосибирск 80-х - 90-х,2450,Ул. Крылова на пересечении с Ипподромской. 1 мая 1983 г.,652,9
62,Новосибирск 80-х - 90-х,2437,Перекрёсток ул. Трикотажная и проспекта Дзержинского,543,3
62,Новосибирск 80-х - 90-х,2334,"Ваш ход, гроссмейстер.",488,6
62,Новосибирск 80-х - 90-х,2323,"ул. Романова, 36",783,18
62,Новосибирск 80-х - 90-х,2337,Перекрёсток ул. С.Шамшиных и ул. Гоголя,798,19
62,Новосибирск 80-х - 90-х,2320,"ул. Б.Богаткова в районе домов 203, 205",499,7
62,Новосибирск 80-х - 90-х,2235,Фотографии англичанина Джима Линвуда в путешествии по СССР,772,5
62,Новосибирск 80-х - 90-х,2241,Улица Мира (в районе дома № 50),604,6
62,Новосибирск 80-х - 90-х,2165,"У кинотеатра ""Победа""",577,5
62,Новосибирск 80-х - 90-х,1694,Общежитие на ул. Д. Шамшурина № 4а,635,11
62,Новосибирск 80-х - 90-х,1080,Зерномукопровод мелькомбината № 1,0,0
62,Новосибирск 80-х - 90-х,2022,Загадка для шпиона,1173,21
62,Новосибирск 80-х - 90-х,1386,Угол Гоголя и Селезнёва,923,10
62,Новосибирск 80-х - 90-х,1891,Перекрёсток Кошурникова и пр. Дзержинского в 1983 году.,1039,14
62,Новосибирск 80-х - 90-х,1153,Лыжник на перекрестке Ватутина-Котовского,859,4
62,Новосибирск 80-х - 90-х,1861,ул. Иванова,619,10
62,Новосибирск 80-х - 90-х,1703,Новосибирский завод полупроводниковых приборов на Д.Донского,0,0
62,Новосибирск 80-х - 90-х,1653,"Новосибирск в кино ""4:0 в пользу Танечки""",1853,12
62,Новосибирск 80-х - 90-х,1427,Станиславский жилмассив.,0,0
62,Новосибирск 80-х - 90-х,1368,"Маленький уголок большого города (ул. Кирова, 76)",673,5
62,Новосибирск 80-х - 90-х,1358,"Первый офис ""Сибирской ярмарки""",742,2
62,Новосибирск 80-х - 90-х,1109,"Ул. 1905 года, дом-стена № 83.",719,2
62,Новосибирск 80-х - 90-х,892,Зеркальная изба на ул.Большевистской,1184,4
62,Новосибирск 80-х - 90-х,834,"Перекресток Депутатской-Серебренниковской, вид с Оперного",675,6
62,Новосибирск 80-х - 90-х,661,"Общежитие ФСБ (ул. Мичурина, 18)",2272,4
62,Новосибирск 80-х - 90-х,555,Шайба на Трудовой.,954,6
81,Новосибирск 2000-й - 2010-й,17604,"Демонтированная ЖД ветка ""ст. Сеятель"" - ""Тепловая станция № 2""",1017,37
81,Новосибирск 2000-й - 2010-й,1910,Перекрёсток Ипподромской и Крылова,850,14
81,Новосибирск 2000-й - 2010-й,15462,Рынок на пересечении Арбузова и Российской,873,21
81,Новосибирск 2000-й - 2010-й,17835,"Магазины ""Золотая роща"" и ""Холидей Классик"" (ул. Демакова, д. 3)",140,5
81,Новосибирск 2000-й - 2010-й,17771,"Магазин ""ЭЛЬДОРАДО"" на месте автопарка на Гоголя,13.",149,7
81,Новосибирск 2000-й - 2010-й,17745,Где?.,115,1
81,Новосибирск 2000-й - 2010-й,17708,ЖК Апельсин ул. Шатурская,165,9
81,Новосибирск 2000-й - 2010-й,17711,"Улица Забалуева, 17",179,5
81,Новосибирск 2000-й - 2010-й,17673,"Торговый центр ""Дюжина"". ул. Арбузова, д. 1/1 (ранее - Столовая ИПФ)",246,13
81,Новосибирск 2000-й - 2010-й,11875,"Институт прикладной физики, ул. Арбузова 1/1",1063,22
81,Новосибирск 2000-й - 2010-й,17603,"Музей ""Сибакадемстроя"" в ГПТУ-55 (НПК)",140,5
81,Новосибирск 2000-й - 2010-й,17524,"Снос здания по ул.Серафимовича,28.",352,8
81,Новосибирск 2000-й - 2010-й,6465,Кирпичный завод по ул. Кошурникова,1981,48
81,Новосибирск 2000-й - 2010-й,2665,Пожар ЦУМа 5 января 2001 года.,5800,58
81,Новосибирск 2000-й - 2010-й,17117,Бывшая баня на Сызраньской,403,7
81,Новосибирск 2000-й - 2010-й,17047,"Старый желтый барак в Академгородке на улице Иванова, ГСК Чайка",375,14
81,Новосибирск 2000-й - 2010-й,17064,Бердское шоссе от Морского проспекта до Вшивой горки,174,3
81,Новосибирск 2000-й - 2010-й,9340,Улица Ильича,866,14
81,Новосибирск 2000-й - 2010-й,2886,Строительство у Сибирского Молла,907,3
81,Новосибирск 2000-й - 2010-й,16772,В торговый центр на поезде,274,7
81,Новосибирск 2000-й - 2010-й,13017,"Улица Ильича, 2008 год",426,9
81,Новосибирск 2000-й - 2010-й,16157,"ГСК ""Новатор"" и деревянный дом по ул. Иванова, д. 10",299,6
81,Новосибирск 2000-й - 2010-й,600,Бэтмен поселился в Новосибирске,936,9
81,Новосибирск 2000-й - 2010-й,16616,Фотографии бывшего кирзавода на Гоголя 204А.,334,4
81,Новосибирск 2000-й - 2010-й,16598,Фотографии Новосибирска с сайта Cnn,532,13
81,Новосибирск 2000-й - 2010-й,16447,"Панорама со строящегося дома по Проспекту Дзержинского, 34/2.",385,4
81,Новосибирск 2000-й - 2010-й,15684,"Лыжная база имени Алика Тульского. Ионосферная, 3",490,12
81,Новосибирск 2000-й - 2010-й,9037,Перекрёсток Морского проспекта 21 с Золотодолинской 1,1317,29
81,Новосибирск 2000-й - 2010-й,16267,"ул. Иванова, д. 3",298,8
81,Новосибирск 2000-й - 2010-й,16235,Дамы и кавалеры эпохи Ренессанса на Морском проспекте,258,5
81,Новосибирск 2000-й - 2010-й,12033,что за домик? (ответ я не знаю),763,8
81,Новосибирск 2000-й - 2010-й,15954,"Строительство бизнес центра, Ленина 52",343,5
81,Новосибирск 2000-й - 2010-й,15941,"Горский микрорайон, 84",365,6
81,Новосибирск 2000-й - 2010-й,15887,Маленький дворик.,453,5
81,Новосибирск 2000-й - 2010-й,15690,Всероссийская олимпиада по информатике в спорткомплексе НГУ,229,4
81,Новосибирск 2000-й - 2010-й,15685,"2-й переулок Римского-Корсакова, 11",418,5
81,Новосибирск 2000-й - 2010-й,15588,Улица Николаева,528,17
81,Новосибирск 2000-й - 2010-й,15600,Депутатская 48 (строительство),372,5
81,Новосибирск 2000-й - 2010-й,15601,"Панорама ул. Гоголя, 2004 год.",376,3
81,Новосибирск 2000-й - 2010-й,15506,"ТРК ""Эдем"", Кутателадзе, 4/4.",448,11
81,Новосибирск 2000-й - 2010-й,15586,Снос памятного здания.,415,6
81,Новосибирск 2000-й - 2010-й,15555,"Пивная № 21. Б. Хмельницкого, 22.",325,4
81,Новосибирск 2000-й - 2010-й,15551,"Кусачий зверек Мангуста, Российская 25",430,8
81,Новосибирск 2000-й - 2010-й,15550,Дом милосердия. Терешковой 35 к1,262,7
81,Новосибирск 2000-й - 2010-й,15546,"Новогодняя ёлка возле ""New York Pizza"" на Морском, 54",303,7
81,Новосибирск 2000-й - 2010-й,15547,просп. Карла Маркса 57,239,3
81,Новосибирск 2000-й - 2010-й,15534,Празднование Масленицы в Щ на Демакова. Катания на санях,253,5
81,Новосибирск 2000-й - 2010-й,13027,"Ул.Терешковой,30.",436,6
81,Новосибирск 2000-й - 2010-й,15470,"Смертельное нападение собак в ""Цитологе""",330,5
81,Новосибирск 2000-й - 2010-й,15359,Академ. Какие три дома на фото в книге Л. Качан?,229,3
81,Новосибирск 2000-й - 2010-й,15038,Где сделанны эти Кадры?,562,8
81,Новосибирск 2000-й - 2010-й,15013,"Голосование проходит за зданием ""Калейдоскопа"" на Детском проезде 8",292,4
81,Новосибирск 2000-й - 2010-й,14904,Что и где?,642,13
81,Новосибирск 2000-й - 2010-й,14566,"Дом по адресу Народная, 26/1",596,9
81,Новосибирск 2000-й - 2010-й,14586,"Пристройка с Модулором, Красный проспект 42а",293,1
81,Новосибирск 2000-й - 2010-й,14457,"Державина 13 (пересечение Семьи Шамшиных,Ермака)",700,13
81,Новосибирск 2000-й - 2010-й,14440,"Ветлужская,10.",467,11
81,Новосибирск 2000-й - 2010-й,14367,Что закрывает строящийся дом?,559,9
81,Новосибирск 2000-й - 2010-й,14349,Вид с лоджии дома Селезнёва № 24.,448,8
81,Новосибирск 2000-й - 2010-й,14114,"Литеры"" Ra"". Здание на ул. Писарева, 89а.",467,7
81,Новосибирск 2000-й - 2010-й,14160,Перекресток Кирова и Гурьевской.,420,9
81,Новосибирск 2000-й - 2010-й,13940,На улице Ленина.,465,3
81,Новосибирск 2000-й - 2010-й,13823,Перекрёсток улиц Фрунзе и Семьи Шамшиных.,712,5
81,Новосибирск 2000-й - 2010-й,13667,"Автосалон Volkswagen на Кирова, 274",350,2
81,Новосибирск 2000-й - 2010-й,13431,Строительство дома Депутатская 48.,432,5
81,Новосибирск 2000-й - 2010-й,9155,"ФГУП «Главный центр специальной связи» (ул. М.Горького, 53)",1121,18
81,Новосибирск 2000-й - 2010-й,13260,Какой дом строится ровно 15 лет назад?,611,11
81,Новосибирск 2000-й - 2010-й,13199,"Снос детского коррекционного сада-школы № 60 (Романова, 25)",688,5
81,Новосибирск 2000-й - 2010-й,4208,"Каркасы строящихся зданий Сбербанка и ""Бэтмэна"". 2001 г.",1399,19
81,Новосибирск 2000-й - 2010-й,12518,На крыше дома Титова № 1,335,4
81,Новосибирск 2000-й - 2010-й,12445,Автостоянка на Университетском пр.,315,4
81,Новосибирск 2000-й - 2010-й,12163,"Бани № 13, Аэропорт 13 (снесены)",689,23
81,Новосибирск 2000-й - 2010-й,12277,"Строительство ТРК ""Галерея"".  2013 г.",699,6
81,Новосибирск 2000-й - 2010-й,12237,Вид с Оби на Новосибирск (2-я Обская),460,9
81,Новосибирск 2000-й - 2010-й,12192,Детские аттракционы у пляжа в Бугринской роще.,446,5
81,Новосибирск 2000-й - 2010-й,12152,На улице Геодезической.,620,9
81,Новосибирск 2000-й - 2010-й,12038,Вид с телевышки на перекрёсток Титова и Римского-Корсакова.,427,2
81,Новосибирск 2000-й - 2010-й,12034,Ул. Челюскинцев. ДКЖ,319,3
81,Новосибирск 2000-й - 2010-й,11999,"Октябрьская магистраль,4/1. 2001год. Строительство здания ЦНИ.",546,7
81,Новосибирск 2000-й - 2010-й,1551,"Арбузова, 14",1005,6
81,Новосибирск 2000-й - 2010-й,11823,Затянувшееся строительство на перекрестке улиц Петухова и Громова.,726,12
81,Новосибирск 2000-й - 2010-й,11758,"Остановка ""магазин Чемпион""",630,9
81,Новосибирск 2000-й - 2010-й,11642,"Депутатская, 13 (утрачен)",568,6
81,Новосибирск 2000-й - 2010-й,11572,Механизм запирания шлюзовых ворот,404,11
81,Новосибирск 2000-й - 2010-й,11248,Кафе-бар АКВАРИУМ в Первомайском сквере,954,10
81,Новосибирск 2000-й - 2010-й,11568,Наперегонки с локомотивом у Обского моря,549,12
81,Новосибирск 2000-й - 2010-й,11538,Троице-Владимирский собор на Западном ж/м,300,4
81,Новосибирск 2000-й - 2010-й,11506,Нижний бьеф Новосибирского шлюза,673,12
81,Новосибирск 2000-й - 2010-й,11443,Мемориальный комплекс «Алёша-Сибиряк» на набережной Обского моря,460,8
81,Новосибирск 2000-й - 2010-й,11206,"Торговый киоск АРАКС на Революции, 32/Ленина, 17 (утрачен)",925,13
81,Новосибирск 2000-й - 2010-й,11089,"Развалины дома по ул. Лазарева, 10 у ст. Новосибирск-Восточный",525,7
81,Новосибирск 2000-й - 2010-й,9746,Строительство гаражного кооператива Железнодорожная 17,949,15
81,Новосибирск 2000-й - 2010-й,10956,"Концертный зал музыкального колледжа на Комсомольском проспекте, 20",408,7
81,Новосибирск 2000-й - 2010-й,10770,"Панорама,вид на город. Снято с Фрунзе 57а.",572,7
81,Новосибирск 2000-й - 2010-й,10641,"Группа у ДК ""Прогресс""",718,17
81,Новосибирск 2000-й - 2010-й,10566,Вид с переходного моста на улицу Владимировская.,464,5
81,Новосибирск 2000-й - 2010-й,10540,"Макаренко, 8.",481,4
81,Новосибирск 2000-й - 2010-й,10498,Снимок с крыши Железнодорожная 4.вид в сторону Нарымской.2004 год.,440,5
81,Новосибирск 2000-й - 2010-й,10163,"Вид из дома Обская 2-я, 69 на место, где будет ""Марсель"", 2004год",537,4
81,Новосибирск 2000-й - 2010-й,5498,"Строительство БЦ ""Кобра""",1348,26
81,Новосибирск 2000-й - 2010-й,10037,После пожара на улице... №...?,644,9
81,Новосибирск 2000-й - 2010-й,10007,Здание Учебной пожарно-спасательной части. Фабричная 18.,419,8
81,Новосибирск 2000-й - 2010-й,10004,"Улица Липецкая, 58",330,7
81,Новосибирск 2000-й - 2010-й,2216,Привет из средневековья,940,5
81,Новосибирск 2000-й - 2010-й,9338,Перспектива Красного проспекта. Вид с коммунального моста. 2003 год,708,9
81,Новосибирск 2000-й - 2010-й,5404,"История  детского сада № 42 на ул. Каинская, 16",1014,14
81,Новосибирск 2000-й - 2010-й,9223,"Магазин ""Обои"" (Сибиряков-Гвардейцев, 42)",433,4
81,Новосибирск 2000-й - 2010-й,9151,"Гусинобродское шоссе. Напротив ТЦ""Континент"". 2006г.",458,4
81,Новосибирск 2000-й - 2010-й,9080,Улица Татарская,740,12
81,Новосибирск 2000-й - 2010-й,9089,"ул. Кропоткина, ост.""Магазин"".",685,13
81,Новосибирск 2000-й - 2010-й,9079,Перекрёсток улиц  Мичурина и Гоголя. Середина 2000-х.,881,10
81,Новосибирск 2000-й - 2010-й,9065,"Гидросамолет на Оби, 2003 год",678,9
81,Новосибирск 2000-й - 2010-й,8875,Ул. Дачная 40/2,534,3
81,Новосибирск 2000-й - 2010-й,8784,"Дом по улице Зорге, 197.",562,5
81,Новосибирск 2000-й - 2010-й,8560,"Строительство автосалона ""Автомир"". Проезд Энергетиков,4а.",527,12
81,Новосибирск 2000-й - 2010-й,8518,"Вид на Селезнёва,33а с глубины строящейся Ипподромской магистрали.",563,7
81,Новосибирск 2000-й - 2010-й,8486,"Один из проектов нового главного корпуса НГУ, 2006 год",392,7
81,Новосибирск 2000-й - 2010-й,4628,Освящение камня в честь храма во имя Преподобного Нестора Летописца,738,19
81,Новосибирск 2000-й - 2010-й,8413,"Панорама города с крыши Дрожжевого завода, ул 2-я Станционная 29",454,7
81,Новосибирск 2000-й - 2010-й,8364,"Строительство БЦ""Манхэттен""на ул.Ленина,21/1. 2005год.",471,3
81,Новосибирск 2000-й - 2010-й,8365,На какой улице стоит колонка для воды?,371,1
81,Новосибирск 2000-й - 2010-й,4701,"Взрыв газа на Степной, 64",6093,21
81,Новосибирск 2000-й - 2010-й,6967,"Заброшенное здание ""Вектор"" в Кольцово",1411,12
81,Новосибирск 2000-й - 2010-й,3517,"Красный проспект, 55.",1248,31
81,Новосибирск 2000-й - 2010-й,6510,Дома на ул. Садовой,499,5
81,Новосибирск 2000-й - 2010-й,6632,"На месте магазина ""Горожанка"" (ул. Кошурникова 24/1), 2009 г.",629,7
81,Новосибирск 2000-й - 2010-й,6445,"Дом на улице Деповская, 36",447,7
81,Новосибирск 2000-й - 2010-й,5441,"Бизнес-центр ""Солярис"" на Романова, 39 / Мичурина, 11",1135,21
81,Новосибирск 2000-й - 2010-й,6029,Водосброс из ТЭЦ-3 на ул. Большой,1627,35
81,Новосибирск 2000-й - 2010-й,5835,Улица Кирова в районе дома № 161,513,5
81,Новосибирск 2000-й - 2010-й,5750,"Ул. Декабристов, 10. 2005 год.",651,13
81,Новосибирск 2000-й - 2010-й,5418,"Ул. Крылова, 36, Семьи Шамшиных, 66",486,3
81,Новосибирск 2000-й - 2010-й,5384,"Ул. Ермака, 31, 2005 год.",475,6
81,Новосибирск 2000-й - 2010-й,5389,Пересечение Сакко и Ванцетти с Зыряновской. 2005 год.,640,13
81,Новосибирск 2000-й - 2010-й,5239,Улица Бориса Богаткова (2008 год),605,4
81,Новосибирск 2000-й - 2010-й,5210,"Двор дома по ул. Горького, 12",482,6
81,Новосибирск 2000-й - 2010-й,3310,Пожар V корпуса НГТУ (НЭТИ) 10.08.05,937,13
81,Новосибирск 2000-й - 2010-й,2723,"Хозяйственный рынок у гостиницы ""Новосибирск""",995,9
81,Новосибирск 2000-й - 2010-й,4557,2010г. Что за крыша?,557,3
81,Новосибирск 2000-й - 2010-й,4554,"Перекрёсток Крылова и Семьи Шамшиных, 2004 год.",496,4
81,Новосибирск 2000-й - 2010-й,4462,"Угол Семьи Шамшиных и Журинской, 2005 год.",558,8
81,Новосибирск 2000-й - 2010-й,4465,"Ул. Селезнёва, 2005 год.",538,5
81,Новосибирск 2000-й - 2010-й,4265,Гаубицы на Каменской магистрали.,645,5
81,Новосибирск 2000-й - 2010-й,3976,Европейская 1а,447,3
81,Новосибирск 2000-й - 2010-й,166,"ул. Омская,1",979,10
81,Новосибирск 2000-й - 2010-й,3311,"Пожар в здании управления автодорог на ул. Добролюбова, 111",656,12
81,Новосибирск 2000-й - 2010-й,3173,"Ул. Холодильная, 2004 г.",608,5
81,Новосибирск 2000-й - 2010-й,2947,"Детский коррекционный сад-школа № 60 (ул. Романова, 25)",515,6
81,Новосибирск 2000-й - 2010-й,2893,Отражения в лужах домов по ул. Советской и ул. Державина. 2003 год.,629,18
81,Новосибирск 2000-й - 2010-й,1911,Перекрёсток Державина и Ипподромской.,521,5
81,Новосибирск 2000-й - 2010-й,1060,Прорыв,534,3
81,Новосибирск 2000-й - 2010-й,257,"Ленинградская, 101",686,20
81,Новосибирск 2000-й - 2010-й,759,ул. Краузе,510,9
81,Новосибирск 2000-й - 2010-й,250,Отель Double Tree by Hilton (Каменская 5),808,4
81,Новосибирск 2000-й - 2010-й,249,Павильон Шарик,2493,15
81,Новосибирск 2000-й - 2010-й,239,Зеленые башни на Нарымской.,630,2
81,Новосибирск 2000-й - 2010-й,165,"Новосибирскрегионгаз, Советская, 77",526,2
72,Районы города,14686,"Академгородок табличка ""Берегите лес"" напротив НГУ",427,14
72,Районы города,10061,Чербусы - Микрорайон Щ,1432,47
72,Районы города,14702,Академгородок Квест Охота на маски-2,542,10
72,Районы города,14918,Академгородок. Милицейский стакан.,1477,49
72,Районы города,17592,"Стенд ""Передовики производства"" на территории бывшей автобазы СО АН",413,22
72,Районы города,17574,Узкоколейный путь,416,19
72,Районы города,17596,"Конец ""Триумфальной Арки"" НГУ )))",162,2
72,Районы города,220,Советский район,2331,50
72,Районы города,11486,Посёлок гидростроителей Шлюз,6938,123
72,Районы города,15051,Телецентр,957,15
72,Районы города,225,Калининский район,10107,142
72,Районы города,221,Первомайский район,1690,13
72,Районы города,11464,Советский район в 1964 г.: космоснимок и план.,3257,66
72,Районы города,14726,Академгородок Картины Салосиной,595,14
72,Районы города,14796,Академгородок бассейн Лаврентьева на Золотодолинской 77,841,26
72,Районы города,14678,Башня в Академгородке на панораме Мордуховского,1062,33
72,Районы города,16738,Академгородок. Дождливая картина Манушина,242,5
72,Районы города,223,Ленинский район,1680,2
72,Районы города,14756,"Академгородок ""Горбатый"" дом Терешковой 36А",762,19
72,Районы города,222,Октябрьский район,3310,24
72,Районы города,14714,Академгородок угадай двор с бассейном,262,6
72,Районы города,224,Кировский район,2488,22
72,Районы города,15233,Нижняя Ельцовка строительство домов ИЯФа,171,1
72,Районы города,15198,Нижняя Ельцовка на макете застройки,254,4
72,Районы города,14710,Академгородок дубы и фонари возле Института Гидродинамики,1337,35
72,Районы города,9419,Правые чемы (план-схема от арх. Кондратьева),843,10
72,Районы города,14980,"Академгородок Строится улица Правды дома 1, 3, 4",509,11
72,Районы города,14977,Академгородок на страницах детского путеводителя по Новосибирску,207,3
72,Районы города,14681,Академгородок Рисунок Касаткина строительства НГУ,431,7
72,Районы города,14868,"Академгородок картина Манушина ""Весна на улице Будкера""",242,3
72,Районы города,2631,Село Бугринское (Бугры),7300,85
72,Районы города,14793,Академгородок самая красивая балюстрада Золотодолинская 26,280,5
72,Районы города,14779,Академгородок двухэтажный домик,227,6
72,Районы города,14770,Хитрая загадка № 1 Дата,388,8
72,Районы города,14742,Морской просп. 17 (?) на картине,310,5
72,Районы города,14718,Академгородок Лаврентьевская сосна,381,8
72,Районы города,14725,Академгородок Уединённый домик Университетский проспект 8,247,3
72,Районы города,14723,Академгородок Картина Январский полдень,211,6
72,Районы города,14696,Академгородок картинка в детской книжке,301,9
72,Районы города,14692,Академгородок открытый бассейн,239,1
72,Районы города,219,Центральный район,1968,22
72,Районы города,11446,"Домики в ""Щ"" Академгородка ""Было-стало""",659,9
72,Районы города,226,Заельцовский район,2665,3
72,Районы города,227,Железнодорожный район,1545,5
72,Районы города,6294,Аварийный поселок Госпароходства,1078,27
72,Районы города,8822,Жители берегов р. Каменки,1135,16
72,Районы города,228,Дзержинский район,2598,4
72,Районы города,1227,Кривощёково,0,0
73,Улицы города,793,Бердское шоссе.,6695,143
73,Улицы города,4656,История с переименованиями улиц,12828,240
73,Улицы города,6443,Хорошие соседи,290,2
73,Улицы города,17867,"""Подъём 4х4, ВД""",188,7
73,Улицы города,17568,"Улица Истринская - самая короткая и ""сиротская"" улица Академгородка.",514,16
73,Улицы города,535,Улица Жданова - Авиастроителей,17173,246
73,Улицы города,17811,"Гоголя № 29. Ольги Жилиной № 88,90.(слева)",373,10
73,Улицы города,4871,Улица Иванова,1018,29
73,Улицы города,1323,Улица Нарымская,12747,222
73,Улицы города,17736,Улицы с самой большой величиной порядкового номера,289,15
73,Улицы города,17749,Улица Лесосечная. Менялась ли нумерация? Чёт/неЧёт?,104,4
73,Улицы города,17703,Вертковская 38.,261,10
73,Улицы города,3318,Улица 25 лет Октября,2616,25
73,Улицы города,17692,"Улица Титова, 200 и 200а",96,1
73,Улицы города,16577,Связистов 1,452,10
73,Улицы города,13407,Угол улиц Первомайская-Марии Ульяновой 1,285,6
73,Улицы города,5976,Улица Ленская,3413,64
73,Улицы города,3353,"Каинская, 4",340,2
73,Улицы города,17542,МодернЪ на Державина...,1055,37
73,Улицы города,1909,Вокзальная магистраль,20558,312
73,Улицы города,8010,"Трудовая, 11",1960,40
73,Улицы города,88,Перекресток Тобизеновской (М.Горького) и Николаевского (Красного пр.),3763,95
73,Улицы города,9184,"Станиславского, 1",485,10
73,Улицы города,17339,Маяковского 2а,214,6
73,Улицы города,5326,Улица Обдорская,7128,134
73,Улицы города,16602,"Дом на ул. Даурская, 7",493,9
73,Улицы города,10634,"Угол завода Электроагрегат, справа - Дзержинского, 1а.",622,12
73,Улицы города,17274,Вид на ул. Планетную (заводы и ДК им.Ломоносова),345,11
73,Улицы города,797,Николаевский-Красный проспект.,4584,74
73,Улицы города,11420,Пермитина 3/2,532,32
73,Улицы города,213,Ипподромская магистраль,1927,39
73,Улицы города,17130,Красногорская № 37.,681,16
73,Улицы города,2583,Обский проспект (ныне Комсомольский проспект),1086,31
73,Улицы города,12495,Улица Щетинкина (Барнаульская) (перекресток ул. Революции и Щетинкина),1484,51
73,Улицы города,17150,Переименование части улицы Золотодолинской именем академика Борескова,160,4
73,Улицы города,17172,Морской проспект около 1960 г.,249,9
73,Улицы города,17167,Проспект Маркса 1 мая 1981 год,307,10
73,Улицы города,17141,"Обзор имен улиц от ""ВН""",111,2
73,Улицы города,1506,Улица Дуси Ковальчук (Покровская),9246,138
73,Улицы города,17078,"2-й переулок Пархоменко, 14. Детский сад № 406 ""Алёнка""",267,9
73,Улицы города,17034,Пятисобачий тупик на улице Мальцева,494,23
73,Улицы города,17048,2-й переулок Мира № 17.,171,4
73,Улицы города,17036,"Золотодолинская, 26",239,10
73,Улицы города,4214,Перекрёсток Красный проспект - Кропоткина.,1657,42
73,Улицы города,17010,Заельцовка. Улица Балакирева (бывш. 2-я Ленская).,550,13
73,Улицы города,8678,"Коммунистическая, 11",778,14
73,Улицы города,4907,Улица Вокзальная (Шамшурина).,1865,40
73,Улицы города,16938,Улица.,174,1
73,Улицы города,16838,Шмидта 2Б.(строительство),197,5
73,Улицы города,5039,"Аптека на Красном проспекте, 15/1 (бывш. Доходный дом Бузолиной Н.)",1675,23
73,Улицы города,5497,"Дом по ул. Революции, 38.",488,7
73,Улицы города,2650,Улица Объединения,1136,14
73,Улицы города,2654,Проспект Карла Маркса.,6330,138
73,Улицы города,3084,Проспект Дзержинского,4101,62
73,Улицы города,8244,"Отделение связи 122 и телеграф (Дачная, 19)",450,11
73,Улицы города,6880,"Дом Сибирская, 45",1475,53
73,Улицы города,2330,Перекрёсток Красного проспекта и ул. Гоголя (в сторону Советской),1615,46
73,Улицы города,8515,Гостиница Центральная (Новосибирск) (Ленина 3),1612,43
73,Улицы города,11846,Улица Ольги Жилиной - бывшая Граничная,1085,7
73,Улицы города,3845,Улица Мичурина (~1965 год),1569,19
73,Улицы города,4441,"Улица Садовая, 7 (2012 г.)",675,17
73,Улицы города,16510,"Объединения № 15,19.",216,3
73,Улицы города,16506,Весёлая компания.,325,7
73,Улицы города,16463,Улица на букву М,238,4
73,Улицы города,8869,Перекресток Морского проспекта и Ильича,413,13
73,Улицы города,4185,Перекрёсток Блюхера-Космическая,1820,38
73,Улицы города,12322,"Морской проспект со стороны пляжа, 1967 г.",452,6
73,Улицы города,16393,Ул. Чаплыгина.,221,3
73,Улицы города,16247,"Кошурникова, 3. Вид в сторону Берёзовой рощи",792,19
73,Улицы города,16222,"Гоголя, 19А. угловой дом - Лермонтова, 34. Снято с Гоголя 17А.",285,3
73,Улицы города,887,ул. Большевистская,2162,33
73,Улицы города,1656,"Красный проспект, 173",1163,37
73,Улицы города,15950,Улица города - её настоящее и скорее всего будущее.,169,1
73,Улицы города,701,"ул. Станиславского,3",1222,24
73,Улицы города,1948,"ул. Чернышевский спуск,16",1794,34
73,Улицы города,971,ул. Вертковская,2010,24
73,Улицы города,3574,улица Новогодняя,913,14
73,Улицы города,15824,На ул.1905 года у перекрёстка с ул. Нарымской.,560,13
73,Улицы города,15795,"Красный проспект, 43",499,3
73,Улицы города,15745,"Строительство Титова № 4. № 8. Римского-Корсакова,5/1.",288,5
73,Улицы города,763,ул. Красноярская,4387,111
73,Улицы города,10499,"Дом с магазином на первом этаже на ул. Железнодорожной, 11",901,23
73,Улицы города,15567,Улица Железнодорожная (начальные номера),1199,28
73,Улицы города,5243,Улица Серебренниковская,894,15
73,Улицы города,790,ул. Коммунистическая,2832,22
73,Улицы города,9260,Перекресток Николаевского (Красного) и Воронцовской (Свердлова),1146,24
73,Улицы города,15384,"Строящийся дом по Пр. Димитрова, 12.",425,5
73,Улицы города,15391,"Двор дома Ленина, 3 со стороны Первомайского сквера.",545,6
73,Улицы города,15238,"На улице Ленина, 1990-е.",903,30
73,Улицы города,3984,"Чаплыгина, 28 с Урицкого",731,9
73,Улицы города,2877,"Странная улица, непонятный дом (ул. Высоковольтная, 51)",638,14
73,Улицы города,9210,Двор между домами Урицкого 37 и Трудовая 1,1352,36
73,Улицы города,15202,Дом по улице М. Горького 104 - фото со стороны улицы Чаплыгина,811,28
73,Улицы города,15174,"Строятся здания Морской проспект, 20 и 22",142,3
73,Улицы города,15162,"Улица Селезнева (Сенная ), переименование",489,2
73,Улицы города,8391,Улица Гоголя,1374,24
73,Улицы города,1010,ул. Романова,1000,15
73,Улицы города,14843,Красный факел 35,910,28
73,Улицы города,15003,"Улица Терешковой на заставке фильма ""4:0 в пользу Танечки""",394,5
73,Улицы города,5900,Деревянный дом (Владимировская 2Б),1572,51
73,Улицы города,14985,Цветной проезд в представлении Московского художника,180,5
73,Улицы города,14895,9-го Ноября,244,3
73,Улицы города,14783,Улица Шукшина,457,8
73,Улицы города,14781,Название улицы?,249,3
73,Улицы города,14745,Безжалостное время делает своё дело непокладая рук...,354,6
73,Улицы города,14594,У перекрестка Красный пр./ул. Гоголя,305,6
73,Улицы города,10196,Здание по Коммунистической 38,715,10
73,Улицы города,10572,"Двор дома на Вокзальной магистрали, 2",612,14
73,Улицы города,12502,Перекресток Красного проспекта и улицы Фрунзе,770,20
73,Улицы города,14525,Проезд Академика Яненко.,810,24
73,Улицы города,14535,Советская 29,448,15
73,Улицы города,13817,"Советская 17А. (Снято с балкона Советская, 15,со стороны Октябрьской)",799,22
73,Улицы города,3519,Улица Ватутина,1501,25
73,Улицы города,2664,Фото Военного городка,1665,41
73,Улицы города,5975,"Военный городок, тополевая...",1231,21
73,Улицы города,14393,"Здание на ул. Танковая, 34",217,3
73,Улицы города,9635,Проспект Маркса 37,675,18
73,Улицы города,14379,Перекрёсток Плахотного (№ 29) и Костычева,486,6
73,Улицы города,14300,Жилмассив между Челюскинцев и Сибирской,220,3
73,Улицы города,14285,Улица Алейская.,263,3
73,Улицы города,14191,Улица Заслонова,565,17
73,Улицы города,14189,Уродливые вывески заполонили Новосибирск,294,3
73,Улицы города,14157,"Красный проспект, 22",293,5
73,Улицы города,14122,Улица Столбовая в Первомайском районе,389,14
73,Улицы города,14064,Где сделан снимок?,349,4
73,Улицы города,9993,Улица Карла Либкнехта,787,13
73,Улицы города,2156,Улица имени Чаплыгина С.А.,1027,17
73,Улицы города,12463,Улица имени Королёва М.Н.,458,6
73,Улицы города,11613,"Богдана Хмельницкого,№ 50,52.",549,6
73,Улицы города,6212,"Улица Богдана Хмельницкого номера домов 29,31,33",1294,54
73,Улицы города,11297,"Улица Фёдора Ивачёва, 28Б (утрачен)",767,8
73,Улицы города,6076,ВопроS - Исчезнувшие улицы,1081,14
73,Улицы города,13359,"Угол улиц Вертковская, 20 - Римского-Корсакова, 22",275,5
73,Улицы города,3994,ул. Сибиряков-Гвардейцев,2061,44
73,Улицы города,13345,"Общежитие № 2 СибАГС, в 60-80-е общежитие ВПШ на Красном пр. 40",406,10
73,Улицы города,13342,"Дом № 7,  1-й переулок Крашенинникова",209,5
73,Улицы города,11079,"Урицкого, 35",435,9
73,Улицы города,13328,Вид на Оловозаводскую 6/1 с проспекта Лаврентьева,328,7
73,Улицы города,7495,Перекресток Мичурина и Орджоникидзе,570,9
73,Улицы города,1786,Дом № 33 по 2-й Союза Молодёжи.,606,6
73,Улицы города,13247,Начало строительства Котовского № 15.,316,5
73,Улицы города,13159,Двухэтажные  дома завода Чкалова.(на этом месте 25 лет Октября 14),617,23
73,Улицы города,6398,Улица Михаила Перевозчикова (Новодачная),2520,80
73,Улицы города,12936,Ул. Кирова до пробивки Октябрьской магистрали,528,17
73,Улицы города,12721,Улица. Номер дома и 59 и 87,179,1
73,Улицы города,10496,Исследования по нумерации домов ул. Семипалатинской (Орджоникидзе),1456,35
73,Улицы города,12353,Улица Советская у пересечения с Фрунзе,451,9
73,Улицы города,12337,На улице Дачной. 1971 год,266,5
73,Улицы города,5878,"Светофорная, 5",1747,49
73,Улицы города,1969,ул. Вагановская,527,4
73,Улицы города,954,Исторические улицы,9600,122
73,Улицы города,11922,Гоголя 1 и 3 (1965 год.),407,8
73,Улицы города,6387,Улица Пушкина,473,10
73,Улицы города,11910,Улица. Номер дома и 39 и 55,158,1
73,Улицы города,11834,Улица Каспийская.,381,10
73,Улицы города,7905,"Реклама на доме Гризодубовой, 37/4 (Свежее пиво)",1455,20
73,Улицы города,11739,"Строительство дома, Челюскинцев 14",270,7
73,Улицы города,11671,1-й Краснодонский пер. 8.,264,5
73,Улицы города,11645,Створ Октябрьской магистрали,651,11
73,Улицы города,11056,ул.Станиславского 5,1337,16
73,Улицы города,11508,"Вид с пр-та К.Маркса, 13 на Ватутина 27,23, Маркса 3а,7,9, Блюхера, 6",595,16
73,Улицы города,2107,"""Чистка"" улиц",1414,30
73,Улицы города,10198,Промышленная 1. Примерно 1961-1965 год.,692,8
73,Улицы города,11375,"Пермитина, 3/2. Строится Ватутина,7/ Пермитина,1.",240,6
73,Улицы города,11147,"Дом Челюскинцев, 3 /Ленина, 71",567,9
73,Улицы города,5745,"Жилой дом (ул. Воинская, 7)",501,10
73,Улицы города,11295,Улица Приовражная.,529,13
73,Улицы города,4068,"Красный пр., 171а",743,12
73,Улицы города,11073,"Улица Гоголя, название получила в 1908 году",435,5
73,Улицы города,11033,"Дома по ул. Немировича-Данченко, 45 и Станиславского, 32 ​",344,4
73,Улицы города,5704,Ясный берег.,509,7
73,Улицы города,8030,Перекресток Николаевского (Красного) и Гудимовской (Коммунистической),610,23
73,Улицы города,4870,Улица Горбаня,1119,9
73,Улицы города,9145,ЗАГС Центрального и Железнодорожного районов (Советская 49),953,35
73,Улицы города,5670,"Предположительно, Колыванская, 2",1112,37
73,Улицы города,10784,Дуси Ковальчук 183.,171,3
73,Улицы города,10758,"У дома Беловежская, 2 (снесено) на заднем плане школа № 47, Мира 1)",290,6
73,Улицы города,10746,"Шекспира, 11.",215,4
73,Улицы города,5992,"Недострой у Ленинского рынка (ул. Пархоменко, 28 стр.)",1293,30
73,Улицы города,1451,Про улицу Александровскую.,1525,33
73,Улицы города,10579,Перекрёсток ул. Советской и ул. Свердлова.,290,5
73,Улицы города,10514,"Где с 1909-го года прячется этот старожил города?  (Ленская, 18)",390,3
73,Улицы города,704,ул. Надеждинская,694,21
73,Улицы города,10465,Дом на углу ул. Нерчинская и Челюскинцев,1132,22
73,Улицы города,10445,"Улица Бориса Богаткова, 180",311,5
73,Улицы города,6764,"Дом Калико В.М. на ул. Горького, где проживал Ю.М. Магалиф",1504,31
73,Улицы города,10336,Улица Саввы Кожевникова,391,7
73,Улицы города,10302,"Пересечение Дачной и Дуси Ковальчук, аптека, школа, 50-е",339,6
73,Улицы города,10258,Дверь на Советской 46/2,501,10
73,Улицы города,10165,Ул. Ощепкова в Затоне,848,24
73,Улицы города,8681,"Ул. Бурденко Дома 43, 45, 47, 49 1951-52 год",863,28
73,Улицы города,3005,Улица Богдана Хмельницкого в 1954-58 гг.,5934,115
73,Улицы города,9573,Улица Коммунистический спуск.,971,14
73,Улицы города,1872,Улица Иркутская,874,14
73,Улицы города,688,Улица Крылова,1298,14
73,Улицы города,10042,Вид на улицу Большевистская.,525,10
73,Улицы города,10026,"Хоккейная коробка за ""Уютом"".",297,3
73,Улицы города,9961,Улица Качалова.,408,11
73,Улицы города,9959,"Улица Республиканская, дома 13 и 15",246,4
73,Улицы города,9926,Бориса Богаткова 167 и 173.,389,11
73,Улицы города,9927,Проспект Маркса.Первый корпус НЭТИ.,341,8
73,Улицы города,9394,1-я Пестеля,536,16
73,Улицы города,9827,Улица Кузбасская; место съемки в районе домов 64-68,1044,35
73,Улицы города,9812,Деревянный дом по нечетной стороне Ядринцевской на углу с Урицкого,2464,116
73,Улицы города,9833,"Дом по ул. Селезнева, 40",509,11
73,Улицы города,8122,Расчистка территории у управления ЗСЖД,1366,43
73,Улицы города,9691,"Выставочная 34. За ней - девятиэтажка Выставочная , 32/1.",207,3
73,Улицы города,9659,Авиастроителей 13,312,10
73,Улицы города,9622,Советская 51 и 49,349,8
73,Улицы города,9464,"Конный отряд милиции на фоне Дома Ленина,Красный проспект, 32",623,18
73,Улицы города,9606,"Жилой дом по ул. Газонная, 1а. 1976 год.",483,12
73,Улицы города,9585,Ядринцевская в сторону Красного проспекта.,443,13
73,Улицы города,3820,Улица 25 лет Октября у перекрёстка с ул. Жданова (ул. Авиастроителей),914,33
73,Улицы города,9552,"Некрасова, 80: Железнодорожный межрайонный СО СУ СКР по НСО",451,13
73,Улицы города,9536,Улица Хилокская. Что за павильон?,314,4
73,Улицы города,6136,Ул. Ленина (Михайловская) в первоначальных границах,1356,41
73,Улицы города,1330,Съёмки с Андреевской школы.,3172,73
73,Улицы города,5731,Улица?,649,11
73,Улицы города,4113,"Проспект Дзержинского, 18",682,18
73,Улицы города,9331,10-й Бронный переулок.,1084,31
73,Улицы города,9285,Студенты НИИГАИКа на Романова 27-Красный проспект 39,1184,31
73,Улицы города,9318,Где то на Богдашке...,599,15
73,Улицы города,6515,улица Депутатская,460,10
73,Улицы города,9312,Домик на Жуковского 107/2.,345,6
73,Улицы города,9302,Каменский тракт,534,7
73,Улицы города,9141,"Вид с Трудовой на здание школы (Ядринцевская,66/Семьи Шамшиных,34)",541,14
73,Улицы города,9237,Ленина 55,585,22
73,Улицы города,9232,Дети во дворе Красный пр. 59. 1954 год,258,10
73,Улицы города,9189,"Вид из двора общежития № 1 НИИЖТа (ул. Дуси Ковальчук, 187)",720,15
73,Улицы города,9186,Морской проспект 21,222,4
73,Улицы города,9177,Вид со стороны пл. Карла Маркса на дома по ул. Титова 7 и 10,1186,32
73,Улицы города,9179,"Улица Б.Хмельницкого в районе домов 43, 45, 47 (57, 59, 61) - 1963 год",501,20
73,Улицы города,9149,ул. Коммунистическая 32,423,17
73,Улицы города,9131,Общий двор для Урицкого 37 и Трудовой 1,558,14
73,Улицы города,9010,Титова 22 и забор больницы № 34,819,26
73,Улицы города,9090,Аллея на Красном проспекте в районе будущего Дома быта,1015,33
73,Улицы города,9059,Здание на Немировича-Данченко 130/1,649,12
73,Улицы города,5301,ул. Тимирязева.,1820,31
73,Улицы города,9011,Выезд на Красный проспект перед Домом офицеров  со стороны Гоголя,1082,44
73,Улицы города,8986,"Революции, 28.",137,1
73,Улицы города,8961,Красный проспект в районе ул Кропоткина,569,12
73,Улицы города,8682,Вид на Советская 29/Щетинкина 54. 1926 год,654,9
73,Улицы города,8833,Промтовары Советская 12,282,3
73,Улицы города,6396,"Магазин ""Север"" на ул. Д. Ковальчук",2047,52
73,Улицы города,8770,"Проспект К.Маркса,6. Магазин ""Часы"".",259,5
73,Улицы города,8765,Строительство Красный проспект 30(под строкой),371,12
73,Улицы города,5889,Вопрос,403,5
73,Улицы города,1098,ул. Новосибирская.,848,6
73,Улицы города,8688,Улица Горького (вид из сквера Героев революции),976,24
73,Улицы города,8181,"Дом по ул.Коммунистическая , 23. 1979 год.",444,5
73,Улицы города,8620,"Жуковского 115,117,119 1969 год",572,12
73,Улицы города,8061,Трехступенчатая ракета в створе ул. Декабристов?)),802,22
73,Улицы города,8608,Вид на территорию Жд больницы с Владимировского спуска 9,701,13
73,Улицы города,6205,Улица Магаданская на Тихом посёлке,941,36
73,Улицы города,8537,Кропоткина 109-113 (1966 год),679,30
73,Улицы города,8451,"Улица Пугачева 8,10 -» Танковая 13,15...",402,10
73,Улицы города,8404,Улица Омская,406,5
73,Улицы города,3621,"Конструкции на крыше Челюскинцев, 15",1876,47
73,Улицы города,8209,Улица Лежена 1980,457,4
73,Улицы города,8320,"Граничный переулок, 11",223,3
73,Улицы города,8303,"Глухой торец дома по ул. Красноярская,109.",329,6
73,Улицы города,8291,"1-й пер. Римского-Корсакова, 8",454,11
73,Улицы города,6388,"Зажиточное подворье в д. Большое Кривощёково (ул. Большая, 38)",1704,60
73,Улицы города,8217,Перекресток Николаевского (Красного) и Рабочая (Чаплыгина),376,3
73,Улицы города,8254,"Трещина на доме на Авиастроителей, 3",337,6
73,Улицы города,8196,Улица Котовского . Вид от пересечения с ул. Выставочная.,295,3
73,Улицы города,8147,ЗАГС Октябрьского района,260,4
73,Улицы города,8136,"Немировича-Данченко, 137/1",351,4
73,Улицы города,8139,Ул. Советская от перекрёстка с ул. Ленина,340,6
73,Улицы города,8140,"Дом по ул. Ударная, 27/3. Вид с улицы Троллейной.",290,3
73,Улицы города,3480,Перекресток Кирова и Сакко и Ванцетти,703,10
73,Улицы города,8085,Дорога у дома Лермонтова 47,252,4
73,Улицы города,8076,Перекрёсток Плановая - Союза Молодёжи.,372,8
73,Улицы города,8074,Дом Красный пр. 66/Крылова 7,425,10
73,Улицы города,7915,"Загадочное здание по улице Максима Горького, 52",2853,34
73,Улицы города,5929,"Деревянный жилой дом (ул. Движенцев, 14)",2745,95
73,Улицы города,4781,"Улица Бориса Богаткова, весна 1985 года",914,10
73,Улицы города,5265,Вопрос - проспект Маркса в каком году?,1106,33
73,Улицы города,7941,Пристройка. Римского-Корсакова 3,193,3
73,Улицы города,2056,Улица Первомайская,781,20
73,Улицы города,7893,улица Потанинская,252,5
73,Улицы города,7806,"Серафимовича, 16",360,8
73,Улицы города,7808,Тайник на улице Котовского.,537,17
73,Улицы города,7779,Комсомольский проспект (сентябрь 1982),502,31
73,Улицы города,6255,"Жилой дом по ул.Станционная , 46Б.",840,19
73,Улицы города,7549,По стойке смирно - на ул. Тимирязева.,263,4
73,Улицы города,6447,Узкие улицы,708,18
73,Улицы города,6971,Двухэтажный дом № 7 по улице Кирзавод 2,446,15
73,Улицы города,6829,Улица с ашипкой,867,39
73,Улицы города,2777,Улица 3-го сентября,922,18
73,Улицы города,6710,Вдоль по Восточному посёлку. 1951 год.,633,14
73,Улицы города,6681,Троллейная 61,195,8
73,Улицы города,6229,"Передовые технологии строительства 60-х . Котовского ,35.",1488,54
73,Улицы города,6494,"Дом с марочками (Серафимовича, 1/3)",459,8
73,Улицы города,6614,Военторговская № 1,179,3
73,Улицы города,6604,Здание по адресу Красный проспект 218/1,343,2
73,Улицы города,6612,Выезд въезд Мичурина 13,294,4
73,Улицы города,6583,Частный сектор в 1-й Ельцовке. Конец улицы Агрономической,565,14
73,Улицы города,6521,Промкирпичная 20,412,9
73,Улицы города,6570,"Ползунова, 3",240,4
73,Улицы города,6558,Самоваро-ветролёто-паровоз (Оловянная 1),185,4
73,Улицы города,6545,"Ещё один Бэтмэн в Сибирском Чикаго. Красный проспект, 218 вид со двора",219,4
73,Улицы города,6477,Улица Газонная,307,9
73,Улицы города,6428,"улица Степана Белоусова, дом 8",837,27
73,Улицы города,6451,"Девочка на балконе дома по ул.Советской, 46/2 (в 1956 году № 68)",700,29
73,Улицы города,6394,"Одинокий маленький домик (Автогенная, 211)",431,8
73,Улицы города,6413,Репина 9,169,3
73,Улицы города,3010,Улица Летняя,441,16
73,Улицы города,2374,ул. Большая,1869,61
73,Улицы города,5402,ул.Б.Богаткова,676,14
73,Улицы города,6251,Улица Мира. 1968 г.,705,13
73,Улицы города,6228,"Здание по ул. Восточный посёлок , 36/1.",252,3
73,Улицы города,6207,улица Объединения в 1956 году,822,27
73,Улицы города,6167,Форумчанин Андрей перед третьим корпусом НГТУ.,417,14
73,Улицы города,1148,улица Эйхе,2416,35
73,Улицы города,5424,Улица Ленинградская,724,15
73,Улицы города,746,ул. Котовского.,1461,23
73,Улицы города,5997,ул. Горская,659,10
73,Улицы города,5985,Планировочная - Путевая,395,8
73,Улицы города,1392,Ядринцевский конный спуск,975,8
73,Улицы города,5962,"Римского-Корсакова, 15",207,0
73,Улицы города,5894,Улица Чекалина,316,8
73,Улицы города,5886,ул. Серебренниковская. 1963 год.,609,11
73,Улицы города,5885,Улица Военная,302,3
73,Улицы города,5537,Вдоль по Каменской (улице),1082,26
73,Улицы города,5772,Улица Аэропорт,306,1
73,Улицы города,5735,Территория Военного городка,579,9
73,Улицы города,4110,Пересечение ул. Дуси Ковальчук с ул. Балакирева (фото 16.04.1977г.),514,14
73,Улицы города,5560,Обшарпанность. Плановая 54,304,5
73,Улицы города,5535,Улица Челюскинцев. Сквер перед ДЖК. Конец 70-х.,523,10
73,Улицы города,5304,Угол Каменской и Орджоникидзе.,435,6
73,Улицы города,716,ул. М.В. Кулагина.,1224,27
73,Улицы города,5459,ул.Крылова вид с высоты...,380,7
73,Улицы города,5333,ул. Плановая 1976 г.,812,13
73,Улицы города,5390,Римского -Корсакова дом 1,263,3
73,Улицы города,5388,"Вид со  Степной , 6",249,3
73,Улицы города,5386,"Ремонт крыши. Римского-Корсакова, 16",248,5
73,Улицы города,5336,"Ленинский р-н, ул.Котовского",319,6
73,Улицы города,5338,Степная 1,208,3
73,Улицы города,5302,"Ул. Котовского, 32",295,3
73,Улицы города,5218,"Коммунистическая, 42",221,2
73,Улицы города,5226,ул. Дачная в 1985 году.,576,5
73,Улицы города,5199,Четырех-пятиэтажный дом 7 по улице 25 лет Октября,442,13
73,Улицы города,5166,Двухэтажки на улице Шевцовой,430,8
73,Улицы города,3081,Улица Семьи Шамшиных,780,10
73,Улицы города,1334,Улица  Железнодорожная,963,13
73,Улицы города,5103,Улица Гастелло,519,16
73,Улицы города,4785,"У БЦ ""Якутия"", на Добролюбова.",455,8
73,Улицы города,4967,Уходят старые столбики... (угол ул. 1905 г. и Салтыкова-Щедрина),217,3
73,Улицы города,930,"ул. Сибирская, 31",604,7
73,Улицы города,3125,"Большевистская, 92",640,17
73,Улицы города,4660,Ядринцевская улица,397,2
73,Улицы города,2382,"Секретное предприятие (ул.Выставочная, 32/2)",5899,17
73,Улицы города,4331,ул. 91-й перекат.,546,4
73,Улицы города,4337,ул. Советская возле Райского садика.,216,2
73,Улицы города,4341,"Сгоревший дом на ул. Никитина, 134",275,5
73,Улицы города,4330,Не надевая очков. Вечерний перекрёсток Плановая - Тимирязева.,336,2
73,Улицы города,4322,ул. Плановая 64,288,7
73,Улицы города,978,Ул. Садовая (бывш. Садовского),691,13
73,Улицы города,4159,улица Плановая.,812,3
73,Улицы города,4282,Перекрёсток Советская - Потанинская.,323,6
73,Улицы города,4227,Улица Алейская,341,3
73,Улицы города,4223,"Двор Чаплыгина, 57",326,7
73,Улицы города,4199,Перекрёсток Коммунистической и Урицкого,296,9
73,Улицы города,4115,"ул. Промкирпичная, 16",386,10
73,Улицы города,4024,Мачты освещения на Жуковского.,385,5
73,Улицы города,3999,Нужно проголосовать,1099,14
73,Улицы города,3943,Комиссия по наименованиям,286,2
73,Улицы города,3887,Улица Забайкальская (Школьная),739,14
73,Улицы города,3893,Исчезнувший переулок Менделеева,714,4
73,Улицы города,3740,Садовая 20,330,3
73,Улицы города,3658,Улица Станиславского в Кировском районе на снимке 1965 г.,1210,11
73,Улицы города,3616,улица Горская,528,4
73,Улицы города,3589,улица Некрасова,466,2
73,Улицы города,3412,Улица Толстого,389,3
73,Улицы города,3094,Улица Связистов,727,5
73,Улицы города,2967,Улица Парковая,444,7
73,Улицы города,2770,"Урицкого, 17 -- под снос или нет?",438,6
73,Улицы города,2298,Ул. Сталина - 2013,489,8
73,Улицы города,2191,Улица Кабардинская,798,24
73,Улицы города,2059,Улица Ленинградская,401,2
73,Улицы города,1972,ул. Народная,1194,26
73,Улицы города,1871,ул. Потанинская,383,4
73,Улицы города,1869,Улица Партизанская,368,3
73,Улицы города,1857,ул. Лазарева,469,3
73,Улицы города,1784,Улица Дунаевского,420,3
73,Улицы города,1723,угол улиц Жуковского и Николаевского,550,3
73,Улицы города,769,Еще раз о такси или тонкости топографического кретинизма,980,20
73,Улицы города,1321,ул. Соревнования (дд. 22а и 22б),468,4
73,Улицы города,1235,Акатуйский переулок,712,13
73,Улицы города,998,ул. Планировочная,698,8
73,Улицы города,963,улицы политические,510,15
73,Улицы города,847,Левый берег  Каменки.,1083,4
73,Улицы города,710,Кировская магистраль,798,8
55,Площади города,236,Площадь Карла Маркса,9839,169
55,Площади города,1504,"Гостиница ""Турист"" на площади Маркса",5762,93
55,Площади города,187,Площадь Ленина,34749,745
55,Площади города,326,"Площадь Свердлова, она же Крячкова",8320,142
55,Площади города,328,Площадь Гарина-Михайловского (Привокзальная площадь),35347,603
55,Площади города,1305,Первомайская площадь,1766,49
55,Площади города,1303,Площадь Станиславского,4123,41
55,Площади города,1408,Площадь Труда.,3558,54
55,Площади города,320,Площадь Калинина,15936,324
55,Площади города,504,Площадь Кондратюка (бывш.Андреевская),4038,79
55,Площади города,15936,Площадь Кирова,350,8
55,Площади города,322,Площадь Трубникова,5635,39
55,Площади города,63,Что было на площади перед ГПНТБ?,4970,80
55,Площади города,8023,Вид на площадь Гарина-Михайловского и ул. Ленина,949,16
55,Площади города,321,Площадь Сибиряков-Гвардейцев (Площадь Ефремова),7822,38
55,Площади города,332,Площадь Пименова,3242,27
55,Площади города,14321,На Площади Станиславского.,519,11
55,Площади города,14093,На привокзальной площади.,497,6
55,Площади города,323,Площадь Лунинцев,1294,15
55,Площади города,327,Площадь инженера Будагова (Южная),2100,47
55,Площади города,5663,Площадь им. Пятилетки,1135,25
55,Площади города,10673,Площадь авиаторов,267,5
55,Площади города,329,Площадь Лыщинского,1191,12
55,Площади города,4178,Проектные институты на пл.Лыщинского,1047,20
55,Площади города,8617,Площадь Кондратюка. 65-67 год,779,18
55,Площади города,8578,Площадь Свердлова 58-60 год,643,16
55,Площади города,8468,Вокзал фото 1962 год,554,10
55,Площади города,8008,"Панорама начала ул. Челюскинцев, вид на площадь Гарина-Михайловского",961,23
55,Площади города,7894,"пл. Калинина, 1961 год",565,7
55,Площади города,5248,Площадь Сибиряков-Гвардейцев (рисунок 1960 года),582,12
55,Площади города,2489,Будущая площадь Трубникова в 1983 году.,2099,26
55,Площади города,5965,"Курявцев Е.В. ""Вечер"" (Площадь Сталина, Новосибирск, 1941)",383,8
55,Площади города,5411,На месте площади Кондратюка.,908,14
55,Площади города,4836,Новосибирские сталагмиты. Пл. Трубникова,288,4
55,Площади города,533,Площадь Райсовета,1165,9
55,Площади города,4316,Вещевой рынок на площади К. Маркса,1751,20
55,Площади города,4487,Площадь молодежи,350,5
55,Площади города,4049,Тротуар на Южной площади,388,4
55,Площади города,3951,Субботник на Привокзальной площади,708,9
55,Площади города,1902,На Центральной площади в декабре 1967 года.,698,4
24,Парки города,852,Заельцовский ПКиО,6330,116
24,Парки города,393,Первомайский сквер,8950,159
24,Парки города,2792,Детский парк им. С.М.Кирова (ул. Кирова),2592,52
24,Парки города,3825,"ПКиО""Берёзовая роща""",2435,52
24,Парки города,3876,Сквер им.Калинина,757,21
24,Парки города,17650,"Подмосковье / лес возле ДК ""Академия"" / сквер Победы",253,16
24,Парки города,12807,"Кафе ""Отдых"" в Центральном парке, 1965 год",738,5
24,Парки города,7763,"Парк аттракционов ""Вираж"" на Горской",1592,14
24,Парки города,71,Сквер героев Революции,18992,336
24,Парки города,1498,"ПКиО ""У моря Обского"" (Гидростроитель)",1874,49
24,Парки города,132,Сад имени Сталина - Центральный парк культуры и отдыха,22278,406
24,Парки города,950,Набережная,11999,194
24,Парки города,585,Ботанический сад (Дендрологический парк),3837,17
24,Парки города,4232,"Парк культуры и чтения ""Башня""",1078,24
24,Парки города,1045,Самолет в Березовой роще,5410,61
24,Парки города,6361,Сквер в пойме реки Каменки близ пристани Октябрьская,3424,75
24,Парки города,17142,Дети в сквере им. Сибиряков-Гвардейцев,496,13
24,Парки города,4995,Парк имени Сталина на карикатуре,432,9
24,Парки города,1051,Зоопарк на ул. Гоголя,15665,196
24,Парки города,16706,Сквер Спортивный. Новогодняя 36а.,268,4
24,Парки города,186,"Новосибирский зоопарк (ул. Тимирязева, 71/1)",2239,33
24,Парки города,16767,Самый крошечный скверик в нашем городе.,329,3
24,Парки города,6849,"Сосновый бор, вдали Заельцовский.",867,26
24,Парки города,6389,"Бабушка, поребрик, люк, фонарь (Аллея в Первомайском сквере)",4060,169
24,Парки города,522,"Сад им. Кирова (ул. Станиславского, 1а)",9114,121
24,Парки города,869,"Сад ""Свобода"" - Сад им. Кирова - Детский парк им. С.М.Кирова",6621,143
24,Парки города,3401,Сквер возле НГАВТа (НИИВТа),842,38
24,Парки города,6357,Недолговечные скверы на месте Центральной площади города.,818,16
24,Парки города,576,"Сквер ""Металлист""",3796,62
24,Парки города,16530,Парк Каменка,194,3
24,Парки города,3545,Турухановская роща (сад),2308,42
24,Парки города,796,Театральный сквер перед Оперным театром.,2250,73
24,Парки города,1189,"Исчезнувший сквер у ""Красного факела""",7195,145
24,Парки города,215,Ботанический сад в Академгородке (Золотодолинская 101),1344,18
24,Парки города,15891,В Театральном сквере,592,15
24,Парки города,11996,"Парк ""Патриот"" в Калининском районе",1058,28
24,Парки города,11651,Садъ „Фантазія“,487,9
24,Парки города,866,Был у нас и такой парк - Луна-парк,9431,51
24,Парки города,15782,Сквер между домами 3 и 13 по ул. Высоцкого,356,8
24,Парки города,8705,Сад Дзержинского (Авиационная - 1-я Рабочая),2945,42
24,Парки города,709,Александровский сад - Сосновка - Сад им. Петухова,2413,18
24,Парки города,1159,Нарымский сквер,2506,33
24,Парки города,15454,Вопрос про сквер,230,1
24,Парки города,1942,Вопроs. Сквер.,962,14
24,Парки города,15397,Деревья в парке им. М.А. Лаврентьева,184,3
24,Парки города,15241,Парк имени Лаврентьева,206,3
24,Парки города,584,Павловский сквер (ул. 25 лет Октября),1361,16
24,Парки города,15159,Парк города,221,3
24,Парки города,14960,Обзор парков города в 1971 году,221,1
24,Парки города,4276,Детская железная дорога.,1485,48
24,Парки города,952,Сквер им. Гагарина,4559,82
24,Парки города,5546,Зверинец (в тире Осовиахима),802,19
24,Парки города,14084,"Сквер Дружбы. Гусинобродское шоссе, 25",730,18
24,Парки города,13779,В Заельцовском парке конца 70-х,233,5
24,Парки города,13656,В парке Культуры и Отдыха Бугринская роща,425,11
24,Парки города,2969,Сквер в честь 25-летия победы в ВОВ (Первомайский р-н),829,11
24,Парки города,13303,В Центральном парке. 9 мая 1980 года,181,6
24,Парки города,13276,"Сквер во дворе Дома офицеров на Красном проспекте, 63",448,11
24,Парки города,9166,Малая эстрадная площадка в парке Берёзовая роща,1040,38
24,Парки города,6572,Тот самый Луна-парк (пр. Димитрова),1780,31
24,Парки города,10838,Парк культуры и отдыха Бугринская роща,565,13
24,Парки города,8514,Киоск «Детский прокат» в Первомайском сквере,688,17
24,Парки города,2521,Cад Дзержинского (Летний сад чкаловцев),850,36
24,Парки города,12254,Реконструкция сквера у Сибстрина в 2021 году,222,4
24,Парки города,12214,Сквер содружества в Дзержинском районе,186,3
24,Парки города,131,Парк на Красной горке (Б.Хмельницкого-25 лет Октября),3054,34
24,Парки города,11062,Старый зоопарк по линии улиц Каменская-Лермонтова,1503,41
24,Парки города,2852,Нижний парк в 60-х годах (ул. 25 лет октября),604,13
24,Парки города,2906,Сквер перед ДК авиаработников (ул. Аэропорт),1312,14
24,Парки города,10599,Сад курсов счетоводов (улица Лермонтова),205,1
24,Парки города,5927,"Исчезнувший сад (двор здания Республиканская, 25)",1462,15
24,Парки города,9586,Заельцовский парк: аттракционы,787,25
24,Парки города,5960,Вопрос. Парк Юрского периода,974,26
24,Парки города,4169,Аквапарк,1033,25
24,Парки города,9686,Детский парк в Первомайском районе,632,18
24,Парки города,9544,Дом Бабы - Яги.,320,4
24,Парки города,1745,Будка в саду Дзержинского,640,12
24,Парки города,9107,"Клумба в Первомайском сквере,НИИП,памятник Сталину дом ""Под строкой"".",737,17
24,Парки города,6566,В Бугринской роще 1960-е,2076,52
24,Парки города,8727,Нарымский сквер.Выставка цветов  1982 год,696,19
24,Парки города,8509,В каком парке?,812,24
24,Парки города,8429,В каком парке и какой год?,572,11
24,Парки города,8405,"Аллея ""Серебряные рельсы"" во дворе дома Сибирская, 31",588,15
24,Парки города,8345,"Девушки в парке им. С.М. Кирова, 1963 год",987,28
24,Парки города,8351,В парке им Сталина.   27 июня 1951 год,618,13
24,Парки города,5746,Не могу молчать!,2560,64
24,Парки города,1540,В парке Первомайский (Первомайский район),1864,19
24,Парки города,8064,Скульптура краснофлотца . Парк им. Сталина. 1951 год.,254,5
24,Парки города,7939,Дорога в Заельцовский парк,328,4
24,Парки города,7778,1986 г. В дендропарке.,774,34
24,Парки города,7510,"колесо обозрения в ПКиО ""Заельцовский""",239,3
24,Парки города,6939,Маньчжурский орех в сквере Славы,743,11
24,Парки города,3914,"Сквер у театра ""Глобус""",777,14
24,Парки города,1898,Сквер Чаплыгина,777,10
24,Парки города,6343,Аллея Центрального парка,693,27
24,Парки города,6278,Заячий лог,1258,19
24,Парки города,2897,Вопрос - Первомайский парк?,652,8
24,Парки города,5970,Уголок отдыха в Центральном парке,617,5
24,Парки города,5395,Сад Кирова и всё что рядом,525,6
24,Парки города,4748,Мозаичная змея в парке им. Кирова,574,13
24,Парки города,4841,Танцплощадка Сада им. Кирова,529,3
24,Парки города,4662,1980 г. Первомайский сквер,322,4
24,Парки города,4250,Сквер электровозоремонтного завода,702,19
24,Парки города,4473,"Аллея в честь 80-летия электрических сетей НСО (ПКиО ""Сосновый бор"")",278,5
24,Парки города,4361,1973 г. Карусель в Заельцовском парке.,326,4
24,Парки города,4202,"Нарымский сквер. Год, примерно, 1990.",743,10
24,Парки города,4158,В Тимирязевском сквере. 1984 год.,814,6
24,Парки города,4136,"Сад ""Юпитер""",310,4
24,Парки города,3916,Центральный парк (Парк Сталина). Угол Мичурина и Ядринцевской.,414,6
24,Парки города,1047,Эдемский сад,620,5
24,Парки города,3895,"Сквер ""Берёзовая роща""",1151,28
24,Парки города,3193,Скверик у Октябрьского моста,430,12
24,Парки города,2984,"У Вокзальной магистрали, 4а",672,7
24,Парки города,1342,Сквер ДК им. К. Цеткин,1000,27
24,Парки города,1841,сквер по ул. Орджоникидзе-Советская,764,21
24,Парки города,2033,Фигуристки в сквере им. Калинина (1958г.),511,6
24,Парки города,1936,Сквер континентов.,376,7
24,Парки города,1691,Старый сквер на Учительской,1130,11
24,Парки города,1626,вопрос - остатки старого скверика,615,10
100,"Мосты, путепроводы, эстакады, понтонные переправы",3585,Открытка (путепровод через пр. Строителей),359,6
100,"Мосты, путепроводы, эстакады, понтонные переправы",2692,Димитровский мост,4877,66
100,"Мосты, путепроводы, эстакады, понтонные переправы",6591,Мостик над ложком у ул. Академической,837,9
100,"Мосты, путепроводы, эстакады, понтонные переправы",17785,"Жёлтый мостик в Ельцовке возле домов Экваторная, 14 и 18",138,4
100,"Мосты, путепроводы, эстакады, понтонные переправы",142,Алтайская ЖД. Мост через реку Каменку,1960,40
100,"Мосты, путепроводы, эстакады, понтонные переправы",144,Путепровод Алтайской Ж/Д в районе автовокзала,2146,39
100,"Мосты, путепроводы, эстакады, понтонные переправы",17725,Пешеходный мост через ручей в лесу вдоль улицы Пирогова,131,4
100,"Мосты, путепроводы, эстакады, понтонные переправы",11718,Подземный переход у НЭТИ,1047,17
100,"Мосты, путепроводы, эстакады, понтонные переправы",9199,Путепровод у ж/м Нижняя Ельцовка (ул. Лесосечная),1486,23
100,"Мосты, путепроводы, эстакады, понтонные переправы",16804,Ж/д мосты над Бердским шоссе,554,16
100,"Мосты, путепроводы, эстакады, понтонные переправы",14807,Академгородок старый мост через Зырянку,585,10
100,"Мосты, путепроводы, эстакады, понтонные переправы",2002,Путепровод Транссиба через Красный проспект,17346,287
100,"Мосты, путепроводы, эстакады, понтонные переправы",2393,Коммунальный (Октябрьский) мост,18305,353
100,"Мосты, путепроводы, эстакады, понтонные переправы",3929,Спартаковский мост,3930,77
100,"Мосты, путепроводы, эстакады, понтонные переправы",402,Комсомольский мост,7305,112
100,"Мосты, путепроводы, эстакады, понтонные переправы",17440,Мостик через 2-ю Ельцовку,269,7
100,"Мосты, путепроводы, эстакады, понтонные переправы",510,Строительство железнодорожного моста.,32877,496
100,"Мосты, путепроводы, эстакады, понтонные переправы",2251,Автомобильный мост через Иню,4141,85
100,"Мосты, путепроводы, эстакады, понтонные переправы",11309,Каменная труба ручья Чербузы (Академгородок) Алтайской ж.д.,4007,77
100,"Мосты, путепроводы, эстакады, понтонные переправы",4324,Реконструкция ж.д. моста,2284,50
100,"Мосты, путепроводы, эстакады, понтонные переправы",212,Сибревкомовский мост,13637,155
100,"Мосты, путепроводы, эстакады, понтонные переправы",1387,Путепровод над Димитровским проспектом (1978).,2167,42
100,"Мосты, путепроводы, эстакады, понтонные переправы",11929,снова Плющиха и опять два моста на ней,981,34
100,"Мосты, путепроводы, эстакады, понтонные переправы",6672,Три моста и одна плотина,398,5
100,"Мосты, путепроводы, эстакады, понтонные переправы",8041,Вид на левый берег и коммунальный мост с ул. Восход (1957 год),849,16
100,"Мосты, путепроводы, эстакады, понтонные переправы",14046,Мост через р. Зырянку на Бердском шоссе ?,996,32
100,"Мосты, путепроводы, эстакады, понтонные переправы",810,Тоннель-путепровод 1913 года,7274,146
100,"Мосты, путепроводы, эстакады, понтонные переправы",1462,Ленско-Линейный тоннель.,3944,62
100,"Мосты, путепроводы, эстакады, понтонные переправы",9054,Мост Алтайской Ж.Д. на разъезде Иня,3313,68
100,"Мосты, путепроводы, эстакады, понтонные переправы",394,Старый Тульский мост (Рядом с Мотодромом),2001,33
100,"Мосты, путепроводы, эстакады, понтонные переправы",420,Северный мост,1656,17
100,"Мосты, путепроводы, эстакады, понтонные переправы",3101,Первый железнодорожный мост,8307,151
100,"Мосты, путепроводы, эстакады, понтонные переправы",12207,Переходной мост через Ельцовку-1 на ул. Деповская,2746,63
100,"Мосты, путепроводы, эстакады, понтонные переправы",16559,Два моста через Бердь в Искитиме,390,6
100,"Мосты, путепроводы, эстакады, понтонные переправы",3473,Понтонный мост через Обь,3395,43
100,"Мосты, путепроводы, эстакады, понтонные переправы",1807,Автомобильный мост через шлюз,1108,20
100,"Мосты, путепроводы, эстакады, понтонные переправы",14545,Путепровод Зыряновский:вопрос,335,2
100,"Мосты, путепроводы, эстакады, понтонные переправы",4716,Брод через реку Обь,4889,57
100,"Мосты, путепроводы, эстакады, понтонные переправы",5766,Островско-Линейный мост,1575,26
100,"Мосты, путепроводы, эстакады, понтонные переправы",11493,Разводные мосты Шлюза,1908,11
100,"Мосты, путепроводы, эстакады, понтонные переправы",2460,Строительство Димитровского моста в 1977 году.,1445,30
100,"Мосты, путепроводы, эстакады, понтонные переправы",15868,Путепровод на Хитровской,294,3
100,"Мосты, путепроводы, эстакады, понтонные переправы",303,"Бугринский (Третий, Оловозаводской) мост",5322,97
100,"Мосты, путепроводы, эстакады, понтонные переправы",14762,2-й Зеленхозовский переулок - Зеленхозовская 2-я улица,337,6
100,"Мосты, путепроводы, эстакады, понтонные переправы",15094,Пешеходный мостик со старым гербом Новосибирска 1978 Шлюз,475,11
100,"Мосты, путепроводы, эстакады, понтонные переправы",1474,Горбатый мост на Трикотажной,6610,126
100,"Мосты, путепроводы, эстакады, понтонные переправы",15085,Белый мостик возле озера в Ботсаду,349,4
100,"Мосты, путепроводы, эстакады, понтонные переправы",15012,Пешеходный мост через Зырянку в конце Золотодолинской,221,3
100,"Мосты, путепроводы, эстакады, понтонные переправы",14919,Мост на Туле недалеко от Тёщиного Языка.,356,6
100,"Мосты, путепроводы, эстакады, понтонные переправы",7519,Мост через Иню (в районе улицы Марата),468,5
100,"Мосты, путепроводы, эстакады, понтонные переправы",6324,Мостик через Каменку (за домом 23 по 2-й Пойменной улице),643,24
100,"Мосты, путепроводы, эстакады, понтонные переправы",14802,Мостик между Геологической и 5-й Рабочей.,248,3
100,"Мосты, путепроводы, эстакады, понтонные переправы",14763,Мостик серый,172,1
100,"Мосты, путепроводы, эстакады, понтонные переправы",14741,Каменная труба Академгородок,424,10
100,"Мосты, путепроводы, эстакады, понтонные переправы",14683,"Мост на Плющихе, Переселенческая улица",477,7
100,"Мосты, путепроводы, эстакады, понтонные переправы",14671,Мостик через Малую Затонскую Протоку,427,8
100,"Мосты, путепроводы, эстакады, понтонные переправы",14411,Проект железобетонного моста в устье реки Каменки,1206,29
100,"Мосты, путепроводы, эстакады, понтонные переправы",143,Путепровод Алтайской Ж/Д через улицу Мостовую,1038,18
100,"Мосты, путепроводы, эстакады, понтонные переправы",14267,Подвесные мосты через Иню.,307,1
100,"Мосты, путепроводы, эстакады, понтонные переправы",13933,р. Мосиха под автодорогой.,445,12
100,"Мосты, путепроводы, эстакады, понтонные переправы",13820,Место у ж.д. моста через Иню на ст. Учебная,494,12
100,"Мосты, путепроводы, эстакады, понтонные переправы",13743,Мосты.Закат.,561,14
100,"Мосты, путепроводы, эстакады, понтонные переправы",9154,Четвертый (платный) мост строится.,1492,38
100,"Мосты, путепроводы, эстакады, понтонные переправы",13648,"Эстакада Бугринского моста и место, где Иня впадает в Обь",246,3
100,"Мосты, путепроводы, эстакады, понтонные переправы",1883,Ж.д. путепровод над ул. Фабричная у Димитровского моста,687,11
100,"Мосты, путепроводы, эстакады, понтонные переправы",12821,Путепровод у выхода с улицы Фабричной на Большевистскую,297,6
100,"Мосты, путепроводы, эстакады, понтонные переправы",6036,"Ул. Нахимова, переходной мост до улицы Первомайской",453,13
100,"Мосты, путепроводы, эстакады, понтонные переправы",12806,Путепровод. Выборная - Хитровская.,233,3
100,"Мосты, путепроводы, эстакады, понтонные переправы",4817,Путепровод на Октябрьской магистрали.,1229,18
100,"Мосты, путепроводы, эстакады, понтонные переправы",2847,Переходной мост через жд пути на ст. Новосибирск-Главный (ул. 1905 г.),4801,77
100,"Мосты, путепроводы, эстакады, понтонные переправы",12431,Премьера моста,195,1
100,"Мосты, путепроводы, эстакады, понтонные переправы",12358,Мостик через Каменку на Трактовой.,310,5
100,"Мосты, путепроводы, эстакады, понтонные переправы",11952,Пешеходный мостик через Иню в районе улицы Набережной.,233,4
100,"Мосты, путепроводы, эстакады, понтонные переправы",12340,Пешеходная часть Спартаковского моста,210,3
100,"Мосты, путепроводы, эстакады, понтонные переправы",11957,Где?,264,3
100,"Мосты, путепроводы, эстакады, понтонные переправы",11815,Новосибирский метромост. История строительства,235,1
100,"Мосты, путепроводы, эстакады, понтонные переправы",10649,Где такой пешеходный мост через Иню?,986,29
100,"Мосты, путепроводы, эстакады, понтонные переправы",11779,Переходной мост на пляж,438,5
100,"Мосты, путепроводы, эстакады, понтонные переправы",9359,Каменная труба реки Зырянка  Алтайской ж.д.,1207,35
100,"Мосты, путепроводы, эстакады, понтонные переправы",3931,Мостик через Каменку (Королёва-Лежена),1303,23
100,"Мосты, путепроводы, эстакады, понтонные переправы",396,Железнодорожный мост через речку Ельцовку в районе Сухарного завода,1260,21
100,"Мосты, путепроводы, эстакады, понтонные переправы",10788,Мосты на р. Буготак,486,6
100,"Мосты, путепроводы, эстакады, понтонные переправы",10723,Мостик в Гусином броде.,349,8
100,"Мосты, путепроводы, эстакады, понтонные переправы",9881,Мост через р. Иня в р-не ст. Издревая,2124,50
100,"Мосты, путепроводы, эстакады, понтонные переправы",8198,Строительство путепровода на пл. Труда,876,20
100,"Мосты, путепроводы, эстакады, понтонные переправы",6682,Путепровод Алтайской ЖД на Восходе,535,14
100,"Мосты, путепроводы, эстакады, понтонные переправы",9889,1950-е. Когда и чьи брега соединяют?,395,18
100,"Мосты, путепроводы, эстакады, понтонные переправы",9629,Пешеходный мост в р.п.Кольцово.,372,9
100,"Мосты, путепроводы, эстакады, понтонные переправы",145,Путепровод Алтайской Ж/Д через Трансиб,930,15
100,"Мосты, путепроводы, эстакады, понтонные переправы",9346,Каменные трубы путей Транссиба в НСО (река Большой Барлак и др.),2973,60
100,"Мосты, путепроводы, эстакады, понтонные переправы",9200,Путепровод между ст.Нижняя Ельцовка и ст.Сеятель,1231,15
100,"Мосты, путепроводы, эстакады, понтонные переправы",9213,Понтонный мост - рай для рыбаков.,512,19
100,"Мосты, путепроводы, эстакады, понтонные переправы",9022,"Автомобильный мост на разъезде ""Иня"" (в направлении города)",1043,32
100,"Мосты, путепроводы, эстакады, понтонные переправы",9020,Фрагмент Димитровского моста с датой - 1978 год,344,5
100,"Мосты, путепроводы, эстакады, понтонные переправы",6300,Три моста на Лесоперевалке,2118,48
100,"Мосты, путепроводы, эстакады, понтонные переправы",8826,"Бугры, мост через р.Тула на улицу Магнитогорскую",509,6
100,"Мосты, путепроводы, эстакады, понтонные переправы",3117,"Оползень на эстакаде моста через р.Тулу, 1992 год.",833,4
100,"Мосты, путепроводы, эстакады, понтонные переправы",4192,Подземный переход у Октябрьской пристани,1652,19
100,"Мосты, путепроводы, эстакады, понтонные переправы",8691,Строительство развязки на пл. инженера Будагова.,449,9
100,"Мосты, путепроводы, эстакады, понтонные переправы",1816,Вопрос - развалины под метромостом,768,14
100,"Мосты, путепроводы, эстакады, понтонные переправы",4679,Подвесной мост на о. п. Совхозная,930,18
100,"Мосты, путепроводы, эстакады, понтонные переправы",8484,Пешеходный мост через Иню. Дер.Сарапулка (ст.Буготак),495,6
100,"Мосты, путепроводы, эстакады, понтонные переправы",8485,Пешеход. мост через Иню. ст.Льнозавод,422,5
100,"Мосты, путепроводы, эстакады, понтонные переправы",8454,"Мост через Иню. Крахаль, Издревая. 1969 г.",1197,29
100,"Мосты, путепроводы, эстакады, понтонные переправы",8456,Два моста через р.Орда. 1960-е.,375,12
100,"Мосты, путепроводы, эстакады, понтонные переправы",1964,Четвертый? О-о!,2160,36
100,"Мосты, путепроводы, эстакады, понтонные переправы",8184,Пешеходный переход на Речном вокзале.,278,3
100,"Мосты, путепроводы, эстакады, понтонные переправы",7938,Камышенский путепровод,484,3
100,"Мосты, путепроводы, эстакады, понтонные переправы",6183,Путепровод у Толмачево и Тещин язык,419,2
100,"Мосты, путепроводы, эстакады, понтонные переправы",2363,Деревянный мост через Иню,1014,19
100,"Мосты, путепроводы, эстакады, понтонные переправы",4798,1983 г.,389,4
100,"Мосты, путепроводы, эстакады, понтонные переправы",6643,Два моста на Плющихе,679,14
100,"Мосты, путепроводы, эстакады, понтонные переправы",1787,Переходной мост на Станционной был другим...,2056,47
100,"Мосты, путепроводы, эстакады, понтонные переправы",5025,"""Дорога счастья"" на Оби в Заельцовском парке.",549,10
100,"Мосты, путепроводы, эстакады, понтонные переправы",6633,SOS! По Туле плывут куски мазут вода в масляной плёнке. Нижний мостик,284,7
100,"Мосты, путепроводы, эстакады, понтонные переправы",6584,Мостик через Ельцовку 1-ю в сторону Космоса (Сов. Сибирь-Трикотажная),518,15
100,"Мосты, путепроводы, эстакады, понтонные переправы",6567,Виадук с Подбельского,237,4
100,"Мосты, путепроводы, эстакады, понтонные переправы",1105,Путепровод на 1919 версте.,1032,16
100,"Мосты, путепроводы, эстакады, понтонные переправы",6218,Магистральная дорога через Обь,673,15
100,"Мосты, путепроводы, эстакады, понтонные переправы",1437,Тоннель у пл. Труда,1378,21
100,"Мосты, путепроводы, эстакады, понтонные переправы",5991,Путепровод в районе ул. Колхидская - Сибсельмашевская,349,3
100,"Мосты, путепроводы, эстакады, понтонные переправы",5707,Под Коммунальным мостом. 1982г.,585,12
100,"Мосты, путепроводы, эстакады, понтонные переправы",5379,Дамба через Сухой лог,2062,57
100,"Мосты, путепроводы, эстакады, понтонные переправы",1763,Коммунальный мост и понтонная переправа на остров,1139,23
100,"Мосты, путепроводы, эстакады, понтонные переправы",4999,Эстакада Бугринского моста.,415,6
100,"Мосты, путепроводы, эстакады, понтонные переправы",5106,Новый мост через 2-ю Ельцовку.,810,14
100,"Мосты, путепроводы, эстакады, понтонные переправы",5187,Строительство путепровода через Транссиб и Красный проспект.,716,16
100,"Мосты, путепроводы, эстакады, понтонные переправы",4323,Железнодорожные пути возле Гудимовского переезда.,763,20
100,"Мосты, путепроводы, эстакады, понтонные переправы",4921,Десять мостов.,604,22
100,"Мосты, путепроводы, эстакады, понтонные переправы",3685,"""Логовушенский"" мост",1008,12
100,"Мосты, путепроводы, эстакады, понтонные переправы",4332,Супостаты не пройдут! Под мостом Северного объезда.,746,22
100,"Мосты, путепроводы, эстакады, понтонные переправы",814,Путепровод на пр. Димитрова,589,13
100,"Мосты, путепроводы, эстакады, понтонные переправы",4073,"Переход у дома № 30 по Красному пр. (""Под строкой"")",172,1
100,"Мосты, путепроводы, эстакады, понтонные переправы",2971,ДОТ  у Комсомольского моста,777,19
100,"Мосты, путепроводы, эстакады, понтонные переправы",3924,Мостик через Ельцовку,575,10
100,"Мосты, путепроводы, эстакады, понтонные переправы",3321,Строительство эстакады через р. Тула на ул. Сибиряков-Гвардейцев,841,8
100,"Мосты, путепроводы, эстакады, понтонные переправы",3313,вопрос - мосты спуски,329,5
100,"Мосты, путепроводы, эстакады, понтонные переправы",2766,ЖД мост через Тулу,1392,22
100,"Мосты, путепроводы, эстакады, понтонные переправы",2478,Котлован для береговой опоры метромоста. 1978(?) год,637,11
100,"Мосты, путепроводы, эстакады, понтонные переправы",2228,Мостик на ул Фрунзе,284,3
100,"Мосты, путепроводы, эстакады, понтонные переправы",1712,Путепровод Алтайской ж.д. на Переселенческой,536,7
100,"Мосты, путепроводы, эстакады, понтонные переправы",426,Эстакада Кирова-Выборная,510,6
100,"Мосты, путепроводы, эстакады, понтонные переправы",738,Переходной мост на завод им.Чкалова,893,18
100,"Мосты, путепроводы, эстакады, понтонные переправы",419,Димитровский вантовый пешеходный переход,438,1
147,Библиотеки Новосибирска,17709,"Что это, понятно. Где и когда?",283,7
147,Библиотеки Новосибирска,17626,Что за проект библиотеки?,249,10
147,Библиотеки Новосибирска,2395,ГПНТБ,2914,36
147,Библиотеки Новосибирска,16105,Библиотека им. Д.С.Лихачева,227,5
147,Библиотеки Новосибирска,4643,Переезд в новое здание НГОНБ,606,9
147,Библиотеки Новосибирска,4751,Библиотека им. Чехова,1867,28
147,Библиотеки Новосибирска,9633,Что за библиотека С.-А.Г.Б.? 1929 год,310,4
147,Библиотеки Новосибирска,937,Библиотека Новосибирского государственного аграрного университета,329,7
20,"Музеи, выставки Новосибирска",100,"Краеведческий музей (Красный проспект, 23)",4207,59
20,"Музеи, выставки Новосибирска",1391,Музей железнодорожной техники им. Н.А.Акулинина,2224,52
20,"Музеи, выставки Новосибирска",17724,Выставка под открытым небом на проспекте академика Коптюга,75,3
20,"Музеи, выставки Новосибирска",17572,Выставка «Титаны сиб.кооперации» посвящена 110-ю созд. ЗакупСбыта,66,2
20,"Музеи, выставки Новосибирска",17534,Музей  Солнца,84,0
20,"Музеи, выставки Новосибирска",17379,Музей кофе и городских легенд,91,1
20,"Музеи, выставки Новосибирска",9169,"Выставка цветосадоводства "" Сибирский букет "" в Нарымском сквере",3218,65
20,"Музеи, выставки Новосибирска",17055,"Музей ""Эволюция Земли"". НГУ. Пирогова, 1",120,5
20,"Музеи, выставки Новосибирска",2245,Музей Кирова,1562,32
20,"Музеи, выставки Новосибирска",3760,Историко-архитектурный музей под открытым небом,524,12
20,"Музеи, выставки Новосибирска",1380,Музей г. Новосибирска,1629,25
20,"Музеи, выставки Новосибирска",15199,Музей вычислительной и игровой техники,190,2
20,"Музеи, выставки Новосибирска",15187,Птеродактиль в Музее Природы на Вокзальной магистрали 11,202,4
20,"Музеи, выставки Новосибирска",43,"Художественный музей (Красный проспект,5)",2673,25
20,"Музеи, выставки Новосибирска",14869,Рисунок на вазе в музее В.А.Коптюга,385,12
20,"Музеи, выставки Новосибирска",8386,По Тихому центру с приказчиком,1543,47
20,"Музеи, выставки Новосибирска",14274,"Небольшой музей ФБУ ""Новосибирский ЦСМ""",393,7
20,"Музеи, выставки Новосибирска",384,Музей Н.К. Рериха (Коммунистическая 38),1118,10
20,"Музеи, выставки Новосибирска",13693,Музей мировой погребальной культуры,303,7
20,"Музеи, выставки Новосибирска",13121,5-я Новосибирская областная художественная выставка. 1940,119,1
20,"Музеи, выставки Новосибирска",13103,"1-я Западно-Сибирская выставка живописи, графики, скульптуры. 1933",240,5
20,"Музеи, выставки Новосибирска",4792,Музей ПВО и ВВС,4290,64
20,"Музеи, выставки Новосибирска",12228,"Где, когда и кем проводилась эта выставка?",200,3
20,"Музеи, выставки Новосибирска",2796,Музей Института горного дела.,508,9
20,"Музеи, выставки Новосибирска",12162,"Выставки ""Космос — обратная перспектива"" и ""Конструктивизм"" в ГПНТБ",145,4
20,"Музеи, выставки Новосибирска",12160,Портретная галерея в ГПНТБ,253,5
20,"Музеи, выставки Новосибирска",11078,Выставка в Нью-Йорке. 1959 г. Стенд «Застройка Новосибирска»,416,15
20,"Музеи, выставки Новосибирска",1599,МуZей политкаторжан,876,23
20,"Музеи, выставки Новосибирска",10550,"Музей ретротехники на ул. 1-е Мочищенское шоссе, 1/6",254,2
20,"Музеи, выставки Новосибирска",6034,Ливерпульские гости,342,7
20,"Музеи, выставки Новосибирска",794,"Музей СССР (ул. Максима Горького, 16)",859,13
20,"Музеи, выставки Новосибирска",7782,"Выставка ""Приобский укрепЪ"" в музее Железнодорожного района",284,2
20,"Музеи, выставки Новосибирска",2329,Музей пожарно-спасательной службы Новосибирской области,636,15
20,"Музеи, выставки Новосибирска",1545,Музей СИНАРА,1316,26
20,"Музеи, выставки Новосибирска",2308,Ночь музеев 2013 и далее,1871,43
20,"Музеи, выставки Новосибирска",6329,"Радио-музей в магазине ""Радиотехника""",351,9
20,"Музеи, выставки Новосибирска",5500,Выставка «Красный» в Краеведческом музее,548,20
20,"Музеи, выставки Новосибирска",4126,"Музейный уголок бара ""Буфет № 1""",581,30
20,"Музеи, выставки Новосибирска",4261,Музей НЗХК,773,14
20,"Музеи, выставки Новосибирска",3788,Музей ФСБ.,2356,65
20,"Музеи, выставки Новосибирска",5145,Проект Музея русской культуры. 1950,690,41
20,"Музеи, выставки Новосибирска",935,"Музей связи Сибири, ул. Советская, 33",329,3
20,"Музеи, выставки Новосибирска",4912,Театр жизни в набросках и зарисовках,150,0
20,"Музеи, выставки Новосибирска",4135,Городской общественный музей радиационных катастроф,542,15
20,"Музеи, выставки Новосибирска",2797,Центр развития Ленинского района,411,13
20,"Музеи, выставки Новосибирска",4511,"Фотовыставка ""Город на колёсах"" на пл. Ленина",550,9
20,"Музеи, выставки Новосибирска",3571,"Музей минералогии и камнерезного искусства ""Самоцвет"" (Жемчужная, 16)",1598,18
20,"Музеи, выставки Новосибирска",4635,"Музей сказок и мифов русского народа ""На острове Буяне""",462,25
20,"Музеи, выставки Новосибирска",4566,Выставка «Протоистория. Город со дна моря» в Музее города,453,12
20,"Музеи, выставки Новосибирска",4274,"Фотовыставка ""История города на колёсах""",197,0
20,"Музеи, выставки Новосибирска",4031,"Музей кино в детской киностудии ""ПОИСК""",635,4
20,"Музеи, выставки Новосибирска",3794,"Мастер-класс ""Семейная летопись"" в Музее города",436,9
20,"Музеи, выставки Новосибирска",3672,Музей Сибсельмаша,753,20
20,"Музеи, выставки Новосибирска",2795,Музей завода имени В.П.Чкалова.,2987,40
20,"Музеи, выставки Новосибирска",2799,выставки он-лайн,218,4
20,"Музеи, выставки Новосибирска",1396,Музей Областного Театра кукол,347,5
20,"Музеи, выставки Новосибирска",2280,Музей А. И. Покрышкина.,328,7
20,"Музеи, выставки Новосибирска",2286,Музей НГАУ,223,2
20,"Музеи, выставки Новосибирска",2105,Музей истории архитектуры Сибири им. С.Н. Баландина,1690,75
20,"Музеи, выставки Новосибирска",1935,"на выставке покажут фото парка ""Свобода""",352,8
20,"Музеи, выставки Новосибирска",1933,День открытых дверей в музее «С.М. КИРОВ В СИБИРИ»,492,20
20,"Музеи, выставки Новосибирска",1544,Областной музей профессионального образования,615,12
20,"Музеи, выставки Новосибирска",1086,Музей Филармонии,254,7
20,"Музеи, выставки Новосибирска",835,МУЗЕЙНАЯ НОЧЬ 2011,462,11
20,"Музеи, выставки Новосибирска",740,Несостоявшийся Музей русской культуры,313,5
20,"Музеи, выставки Новосибирска",619,Музей Новосибирского театра оперы и балета.,488,4
20,"Музеи, выставки Новосибирска",471,Театральный музей Дома актёра,317,2
20,"Музеи, выставки Новосибирска",298,Выставочный центр СО РАН,354,1
11,Скульптурный город,17913,"Мозаика на кирпичной стене ТП между Золотодолинская, 13, 15, 19",75,3
11,Скульптурный город,17914,"Кот учёный возле вокзала станции ""Сеятель""",99,5
11,Скульптурный город,17894,Бюст Шарля де Голля в комнате приёма Vip гостей Дома Учёных СО РАН,79,4
11,Скульптурный город,1593,Старый памятник М.И. Глинке,971,17
11,Скульптурный город,1740,"Дом с мозаикой (ул. Героев Труда, 35а)",520,10
11,Скульптурный город,17780,"Памятник Хрипунову А.А. на Зелёной Горке. (Башня ""Эволюция"")",165,6
11,Скульптурный город,17775,"Эол на барельефе Орджоникидзе, 31",136,5
11,Скульптурный город,461,Вождь пролетариата в городе N. (Памятники В.И.Ленину в Новосибирске),17397,449
11,Скульптурный город,4391,"Деловая женщина на Мичурина, 3",362,11
11,Скульптурный город,16574,Памятный камень академику Гурию Ивановичу Марчуку возле ВЦ.,369,16
11,Скульптурный город,14430,Скульптура в ЦФТ парке. Мусы Джалиля 11.,852,21
11,Скульптурный город,2325,"Скульптурная композиция ""Сцена покупки"" (ул.Каменская - ул.Крылова)",502,8
11,Скульптурный город,1931,Монумент Славы,6253,117
11,Скульптурный город,17610,Черноморский Флот в Новосибирске.,167,5
11,Скульптурный город,17590,"Квест ""Не рви цветы"". 13 фотозагадок.",312,19
11,Скульптурный город,1097,Скульптуры из прошлого на проспекте Карла Маркса (у общежитий НЭТИ),1393,27
11,Скульптурный город,17570,"Арт-объект ""Я люблю Академ"". Проспект Академика Лаврентьева, 19",297,15
11,Скульптурный город,17465,"Монтаж панно ""Космос"" художника Кирьянова. Красный проспект, 2",760,27
11,Скульптурный город,17341,"Панно на станции метро ""Сибирская""",309,8
11,Скульптурный город,41,Бюст Покрышкина (Красный проспект),6456,134
11,Скульптурный город,5093,Проект  монумента в честь ХХХ-летней годовщины Октябрьской революции,529,14
11,Скульптурный город,17095,Памятник скорой помощи,322,12
11,Скульптурный город,17031,Памятник автобусу ЛиАЗ-677,392,14
11,Скульптурный город,2994,Бюст Пушкина у библиотеки в Заельцовском парке,799,15
11,Скульптурный город,158,Рядом с памятником Сталину (Красный проспект - ул. М.Горького),9344,179
11,Скульптурный город,16993,"Мозаичная колонна ""Истории (на) Юности"". ДК ""Юность""",263,13
11,Скульптурный город,1939,Памятник А.С.Попову,539,11
11,Скульптурный город,16964,Первомайский парк. Таня. Фонтан.,316,7
11,Скульптурный город,15318,Якорь на спасательной станции Центрального пляжа,365,8
11,Скульптурный город,10045,"Скульптура на фоне детского сада № 144 (Станиславс. 4а, двор дома № 6)",416,21
11,Скульптурный город,16921,Памятник Лыкову Геннадию Дмитриевичу,178,5
11,Скульптурный город,16914,Не город.,86,1
11,Скульптурный город,16773,Атакующий бык в Новом поселке,217,9
11,Скульптурный город,16788,"Памятник ""Слава героям труда - строителям новосибирской ГЭС""",246,11
11,Скульптурный город,3436,Панно на Доме проектных институтов (Красный проспект 157/1),1249,12
11,Скульптурный город,16534,"Мозаика. Остановка ""Строительная"" на ул. Мира",195,4
11,Скульптурный город,1104,"Панно ""Покорители Оби""",1939,38
11,Скульптурный город,277,Памятная стела Булгаковой В.А,903,17
11,Скульптурный город,294,Памятник академику Коптюгу,714,7
11,Скульптурный город,2516,Памятник Ф.Э. Дзержинскому (парк им. Дзержинского),1332,28
11,Скульптурный город,15940,"Марусино, Школьная ул. 1, Памятники.",405,8
11,Скульптурный город,13506,Бюст Крылова на улице Крылова(пересечение с Красным проспектом),421,5
11,Скульптурный город,16662,интересно откуда этот истукан?,164,3
11,Скульптурный город,16652,"Памятное место воинам ВОВ и ветеранам-геологам. Боровая Партия, 4",282,10
11,Скульптурный город,2974,"Мемориал ""Безымянная высота""",676,8
11,Скульптурный город,2080,"Фрагмент панно ""Богатства Сибири"" (Морской проспект, 23)",753,11
11,Скульптурный город,477,Забытый памятник Победы.,654,6
11,Скульптурный город,16527,"""Учиться учиться и учиться"" на фасаде школы № 112, Красноуфимская, 8.",669,24
11,Скульптурный город,8967,Паровоз Лунина - Мемориал Славы труженикам тыла 1941-45 гг.,1863,45
11,Скульптурный город,11997,ЗМЕЙ-ГОРЫНЫЧ на пл. Кондратюка (на углу ул. Советская и Фрунзе),426,6
11,Скульптурный город,1048,"Дом со спутником (ул. Станиславского, 7 / ул. Пархоменко, 10)",1582,33
11,Скульптурный город,2980,"Паровоз Шолкина (напротив дома по ул. Первомайская, 114)",1031,17
11,Скульптурный город,16467,Памятник Суворову,712,29
11,Скульптурный город,15376,Арабская зайка,293,7
11,Скульптурный город,1433,Вопроs - памятник Сталину,840,9
11,Скульптурный город,16406,38 ПОПУГАЕВ у дОма № 24 на Челюскинцев,374,7
11,Скульптурный город,5138,"Стела ""Наша область - дважды орденоносная""",817,14
11,Скульптурный город,16389,"Панно на стенах музея Н.К. Рериха. Коммунистическая, 38.",156,3
11,Скульптурный город,16359,"Панно из бересты в Выставочном Центре СО РАН (ул. Золотодолинская, 11)",221,3
11,Скульптурный город,7637,Панно «Рождение Оби» («Сартакпай») в здании речного вокзала (утрачено),1775,46
11,Скульптурный город,16276,Паровоз Л-0894 на станции Обь,373,6
11,Скульптурный город,7844,Памятник Сталину. К/т Металлист,669,10
11,Скульптурный город,16094,Бюсты Ленина и Сталина,215,2
11,Скульптурный город,15960,"Пр. Дзержинского, 2/1 - Семья (топиарная скульптура)...",265,3
11,Скульптурный город,15880,Ожившие скульптуры...,575,12
11,Скульптурный город,234,Группа у Оперного театра.,811,13
11,Скульптурный город,15874,Самолет Ан-2 в сквере Авиаконструктора Антонова,357,6
11,Скульптурный город,11647,Скульптура «Борцы» в Кольцово,368,12
11,Скульптурный город,15850,Бюст академика Синягина И.И. в Краснообске,434,5
11,Скульптурный город,15843,"Книжный червь у библиотеки им. Н.А. Островского (Авиастроителей, 15.)",552,8
11,Скульптурный город,825,Памятник  Борису  Богаткову,1046,7
11,Скульптурный город,2192,"Панно в здании Главпочтампа (ул. Ленина, 5)",397,4
11,Скульптурный город,12462,"Фемида,   Проспект Дзержинского, 34",593,20
11,Скульптурный город,15616,"Аллея Шукшина, ул. Геодезическая",563,10
11,Скульптурный город,15595,Армяков Равил Тихонович Памятная доска,209,3
11,Скульптурный город,2981,"Памятник Евгению Мешалкину (ул. Речкуновская, 15)",730,6
11,Скульптурный город,15552,"Деревянное панно в роддоме Пирогова, 25",196,4
11,Скульптурный город,15542,НГУ-ГГФ. 1963. Памятный камень возле института Геологии,178,3
11,Скульптурный город,15538,"Мозаичное панно В.Латкина ""Геология"" в Музее Геологии",229,3
11,Скульптурный город,15515,"Арт-тропа ""Чёмы"" в ПКиО ""У моря Обского""",218,3
11,Скульптурный город,15509,??? А был ли мальчик?,354,9
11,Скульптурный город,6627,Памятник Ленину в Центральном парке,904,32
11,Скульптурный город,15351,"Памятный камень медикам на Ползунова, 21",402,7
11,Скульптурный город,12004,На Чехова 72,492,15
11,Скульптурный город,14641,Памятник Институту Искусств во дворе НГПУ институт искусств,1030,46
11,Скульптурный город,7632,Интерьер кафе «Спутник»,1234,27
11,Скульптурный город,9000,Лавочка. Мальцева - Морской пр.,603,15
11,Скульптурный город,3172,"Камень - Предшественник памятника ""Ильич & товарищи""",908,32
11,Скульптурный город,14909,"Орел. Изваяние на территории стадиона ""Спартак"".",245,4
11,Скульптурный город,13256,У памятника Сталину у входа в Авиационный техникум. 1961-62г.,677,9
11,Скульптурный город,14910,Замуровали,210,1
11,Скульптурный город,14878,Червонная 20. Композиция.,249,3
11,Скульптурный город,14804,Скульптура у городского перинатального центра (Роддом № 4),379,7
11,Скульптурный город,14699,"Пожарный. Владимировская, 2В",621,12
11,Скульптурный город,14701,"Камень «Гранит науки» у входа в СИУ филиал РАНХиГС (Нижегородская, 6)",346,5
11,Скульптурный город,1155,Бюст Н.Г.Гарина-Михайловского.,1062,5
11,Скульптурный город,13581,Охота на маски (по мотивам игры Pokemon Go - охота на покемонов),597,13
11,Скульптурный город,14684,Бюст Ю.В.Кондратюка в областной библиотеке,241,3
11,Скульптурный город,14642,"Московская 89, Поликлиника № 2.",511,10
11,Скульптурный город,14602,ЧЁРНЫЙ КАКТУС под окнами дОма № 27 на Линейной (2023-н.в.),520,9
11,Скульптурный город,14577,"Заельцовский Бор, Лесное шоссе.",303,4
11,Скульптурный город,5100,"Скульптура ""Летчик"" в Первомайском сквере (утрачена)",1092,24
11,Скульптурный город,14498,Вопрос,217,1
11,Скульптурный город,4133,Скульптура ребёнка в больнице на Советская 29-Щетинкина 54,727,12
11,Скульптурный город,242,Памятник А.И.Покрышкину,1086,9
11,Скульптурный город,14388,Оформление Первомайского сквера на тему День Конституции (1937),456,3
11,Скульптурный город,14338,"Скульптурная композиция в п. Новые Решеты, Кочковский р-н",603,14
11,Скульптурный город,14336,"Памятник участникам ВОВ в с. Булатово, Куйбышевского р-на НСО",698,12
11,Скульптурный город,14346,Памятник сотрудникам и студентам НГАСУ,189,5
11,Скульптурный город,5771,Памятник солдату в сквере им. Гагарина,1417,17
11,Скульптурный город,14283,Барельеф на стене здания № 90/1 по ул. Семьи Шамшиных,307,3
11,Скульптурный город,14246,Орден Ленина. НЗХК,640,26
11,Скульптурный город,14243,"Чеканное панно в ДК им. Калинина (ул. Театральная, 1)",380,9
11,Скульптурный город,13401,"Скульптура В.И.Ленина в здании по ул. Красный проспект,167.",443,10
11,Скульптурный город,1456,Мечников И.И.,398,6
11,Скульптурный город,14223,"Лев (Арбузова, 2)",344,4
11,Скульптурный город,14135,"Скульптура ""КАТУНЬ И БИЯ""",443,13
11,Скульптурный город,14102,"Левобережный рынок (ул. Сибиряков-Гвардейцев, 47)",369,5
11,Скульптурный город,14115,Где стоит Прасковья Тулупова?,283,3
11,Скульптурный город,14048,"Царство морское во дворе Бурлинская, д.2",346,5
11,Скульптурный город,4187,?? Знаю только примерное место.,710,13
11,Скульптурный город,14015,Озеленение клумбы у памятника Сталину,207,4
11,Скульптурный город,14011,Памятник вождям в сквере у ДК у городского аэропорта. 1960 год,342,9
11,Скульптурный город,13913,"ДАМА С ВЕСЛОМ И ВИКИНГАМИ у дома № 26 на ул. Тюленина (РОДНИКИ, 6 мкр)",460,9
11,Скульптурный город,6311,"Памятник Ленину у Дворца труда (Водник) Щетинкина, 33",723,20
11,Скульптурный город,13757,"Скульптурная композиция ""Студенты""",171,2
11,Скульптурный город,10299,"Фигуры при въезде во двор Ленина, 48 со стороны Комсомольского пр.",460,18
11,Скульптурный город,5137,Охота на львов. Где живет этот?,2337,66
11,Скульптурный город,11706,Памятник Ленину у ДК Железнодорожников ст. Инская,286,4
11,Скульптурный город,13649,"АРБУЗЫ у фруктово-овощных киосков на Урицкого, 32 (версия-2023)",357,8
11,Скульптурный город,13582,Памятник. Новолуговое.,364,5
11,Скульптурный город,4013,Дети-труженики тыла у школы № 178,1045,36
11,Скульптурный город,13531,Скульптуры верблюдов (эпохи СССР) на детских площадках города,240,1
11,Скульптурный город,13510,"Памятник тосту ""Горько!"" (двор ресторана ""Райский сад"")",558,20
11,Скульптурный город,13503,"Стела ""СССР оплот мира"" на пл. Карла Маркса",403,6
11,Скульптурный город,361,Бюст Ф.М. Достоевского,357,2
11,Скульптурный город,13354,Что? Где?,313,4
11,Скульптурный город,1336,Скульптуры на перроне вокзала Новосибирск - Главный.,2230,38
11,Скульптурный город,551,"Скульптурная группа "" Футболисты""",1020,23
11,Скульптурный город,3823,"Военная техника на ул. Станционная, 91 (Полк ППСП)",521,14
11,Скульптурный город,10274,"Памятник Ленину в Пашино, в центре Гвардейского",389,11
11,Скульптурный город,1013,Памятник Змею Горынычу и Кащею  Бессмертному,2593,22
11,Скульптурный город,13083,"Скульптура у дома по Народной, 57/1 (совр. адрес)",319,10
11,Скульптурный город,8547,Киров в саду Кирова (бывшем Свобода),444,5
11,Скульптурный город,12657,Всегда с ними...,379,13
11,Скульптурный город,12293,"Композиция ПРИВЕТ от Коммунистической, 31",270,3
11,Скульптурный город,12267,МАУГЛИ И КАА на фоне дома № 46 на Сибирской,236,2
11,Скульптурный город,12245,1941 — 1945,156,1
11,Скульптурный город,12208,Металлоинсталляция (станция Инская),312,5
11,Скульптурный город,1447,Бюст Сталина в саду имени Сталина 1938 г.,816,5
11,Скульптурный город,3546,Скульптура комсомольца-молотобойца (Красный проспект - ул. М.Горького),1275,15
11,Скульптурный город,12083,Барельеф военному во внутреннем дворе НГПУ институт искусств,399,6
11,Скульптурный город,12111,"Скульптура ""Краснофлотец"" в саде имени Сталина",225,3
11,Скульптурный город,1218,"Фолиант на Максима Горького, 78",507,6
11,Скульптурный город,12072,"Комсомольский значок из бетона на доме по ул. Республиканской, 11а",394,10
11,Скульптурный город,3637,Памятник С.М. Кирову около администрации Кировского района,1427,19
11,Скульптурный город,4721,"Открытие памятной доски на доме Высоцкого, 11",488,15
11,Скульптурный город,11987,Почти как Бьюик,233,2
11,Скульптурный город,11578,Это что за покемон?,409,4
11,Скульптурный город,11942,Памятник Ленину в клубе им. Клары Цеткин. 1962 год,293,6
11,Скульптурный город,11903,"ЦВЕТОЧНАЯ ЧЕРЕПАХА+РЫБА-КИТ на Октябрьской, 79 (у Клиники ЗДОРОВЬЕ)",578,10
11,Скульптурный город,11894,Динозавр на Кропоткина 118,452,5
11,Скульптурный город,11857,"Декоративная колонна во дворе школы № 29 (Октябрьская, 89а)",473,4
11,Скульптурный город,11809,Панно рядом с Каменским шоссе,228,4
11,Скульптурный город,5761,"Памятник жертвам радиационных катастроф, аварий и испытаний ЯО",854,24
11,Скульптурный город,11351,"Памятник Ленину у завода ""Труд"". 1962",362,8
11,Скульптурный город,6292,Скульптура Ленина в читальном зале жд вокзала,702,11
11,Скульптурный город,4519,Пушкин во дворе Художественного музея.,485,13
11,Скульптурный город,10051,"""Паровоз"" у Спортмастера на ул. Ипподромская",542,10
11,Скульптурный город,11287,"Памятник ""Нет войне"" на Связистов",464,2
11,Скульптурный город,10918,Скульптура сантехника,335,7
11,Скульптурный город,2788,Памятный камень в честь 30-летия Победы в будущем Павловском сквере,615,16
11,Скульптурный город,6342,Где дедушка стоял?,566,18
11,Скульптурный город,4551,Где забрался лев на крышу?,447,7
11,Скульптурный город,534,Памятник Щетинкину.,716,9
11,Скульптурный город,10814,Скульптура Ленина у Электромеханического техникума.,295,6
11,Скульптурный город,317,Памятник преподавателям и студентам НИИЖТа,588,22
11,Скульптурный город,10747,"Памятник ""Гимн учителю"" на ул. Владимировской",258,4
11,Скульптурный город,10736,Кот-баюн на ул. Сибирская,353,5
11,Скульптурный город,1171,"Швейная машинка ""ЗИНГЕР"" (Серебренниковская, 14)",1496,52
11,Скульптурный город,1169,Скульптура юноши у перехода в Первомайском сквере,442,9
11,Скульптурный город,3586,Самолёт Ли-2 на территории бывшего штаба 14 армии ВВС и ПВО,4053,42
11,Скульптурный город,9431,Памятник императору Николаю II и цесаревичу Алексею,308,6
11,Скульптурный город,10458,"Памятник сибстриновцам, погибшим в ВОВ (ул Добролюбова-Ленинградская)",260,4
11,Скульптурный город,10383,Феечки,264,7
11,Скульптурный город,4237,"Пацаны пускают кораблики на территории двора музея ""Киров в Сибири""",359,4
11,Скульптурный город,10339,"Стела Памяти сотрудникам ГУФСИН, погибшим в ВОВ. Звездная 34",230,3
11,Скульптурный город,8831,"Обелиск памяти учащимся, погибшим в годы ВОВ (ул. Кубовая, 16а)",319,4
11,Скульптурный город,1932,"""Иду один"". Памятник герою песни Михаила Зуева (ул. Терешковой, 12)",908,8
11,Скульптурный город,292,Стела в честь 40-летия Победы,486,8
11,Скульптурный город,2345,Катастрофа Ан-8 Новосибирского АПО им В.П. Чкалова в Новосибирске,1896,15
11,Скульптурный город,3258,"Памятник Сталину на Потанинской, 5",1047,13
11,Скульптурный город,1216,"Большой трон на ул. Депутатской, 38",788,11
11,Скульптурный город,9422,"Памятник точмашевцам, погибшим в ВОВ (Королёва 40, кор. 54)",356,10
11,Скульптурный город,767,улица  Холодильная,1368,15
11,Скульптурный город,2954,"Скульптуры у школы № 168 (ул. Сибирская, 30)",1299,33
11,Скульптурный город,2957,Панно в Консерватории,428,5
11,Скульптурный город,10043,Барельефы Наука и Молодежь на переходе между корпусами НГУ,448,7
11,Скульптурный город,9856,Паспорт ул. Сибиряков-Гвардейцев,1069,27
11,Скульптурный город,9852,"Скамейка во дворе Красный проспект, 188.",282,5
11,Скульптурный город,9701,"Скульптурная композиция кот-научный работник во дворе дома Гоголя, 33",469,10
11,Скульптурный город,9632,"Стела у хлебозавода. Ул. Широкая,35.",432,12
11,Скульптурный город,9583,"Стела ""Комсомольцам всех поколений посвящается""на Комсомольском просп.",268,6
11,Скульптурный город,422,Стела в Первомайском сквере.,1046,23
11,Скульптурный город,9421,"Царевна-лягушка (Хозяйка медной горы) - Ленина, 57",390,11
11,Скульптурный город,9410,Открытие памятника танку Т-34 (Бульвар Победы),427,5
11,Скульптурный город,9397,"Памятник друзьям (ул. Бориса Богаткова, 194)",393,4
11,Скульптурный город,421,Обелиск в честь Победы над Германией,2716,62
11,Скульптурный город,9259,"Красота на С.Шамшиных, у дома 90/5.",242,5
11,Скульптурный город,8232,Витраж Василия Кирьянова в ДК «Строитель»,706,17
11,Скульптурный город,8449,Скульптура Воина-победителя в сквере на Б. Хмельницкого (1958-59г),497,8
11,Скульптурный город,9045,Памятник воинам на территории НЖК (утрачен),390,7
11,Скульптурный город,9026,Скульптура в холле ФИЦ ФТМ СО РАН,178,3
11,Скульптурный город,1670,Скульптуры у здания Управления ЖД,1092,18
11,Скульптурный город,9018,Агитщит на Лобова и Декабристов,272,9
11,Скульптурный город,274,Падение истребителя «Як-7» на Красный проспект,884,5
11,Скульптурный город,289,Памятник архитектору Андрею Дмитриевичу Крячкову,1112,5
11,Скульптурный город,1211,"Во дворе музея ""Киров в Сибири"" (ул. Ленина, 23)",1169,34
11,Скульптурный город,8740,Памятник Сталину у школы 74 (1950-54 год),405,8
11,Скульптурный город,8713,Вопрос - «Колесо» работы Валерии Семёновой.,426,19
11,Скульптурный город,8693,Ещё Сталин,375,8
11,Скульптурный город,8545,Вопрос - автор мозаичного панно ГПНТБ,571,14
11,Скульптурный город,8313,"Стела воинам,погибшим в ВОВ,ул.Бетонная,16/3.",455,9
11,Скульптурный город,8203,Вопрос: Бюст Покрышкина А.И.,348,3
11,Скульптурный город,8193,Бюст Попову у НЭИС (утрачен),348,10
11,Скульптурный город,8125,Гранит у Геофизического колледжа,177,3
11,Скульптурный город,8090,"самовар Фрунзе, Шамшиных",249,4
11,Скульптурный город,8055,Где и внутри какого здания?,421,9
11,Скульптурный город,7990,"Мозаичное панно у здания по ул. Петухова, 35.",525,12
11,Скульптурный город,7967,Скамейки примерения,269,3
11,Скульптурный город,7959,Vivat Academia Аграрный Университет,372,8
11,Скульптурный город,7925,"""Посвящается Защитникам Родины"" ГБУ ДО НСО Автомотоцентр",449,6
11,Скульптурный город,7926,"Дон Кихот на Большевистской, 43",344,12
11,Скульптурный город,7908,Избушка в Заельцовском парке.,473,19
11,Скульптурный город,7878,Вопрос - ещё один Сталин,397,23
11,Скульптурный город,7662,Скульптуры животных в Центральном парке.,662,19
11,Скульптурный город,7873,Аисты Возвращаются,181,3
11,Скульптурный город,1643,Вопрос с аистами,474,14
11,Скульптурный город,7826,Жил-был волк,163,1
11,Скульптурный город,3419,Бюст Сталина (перекрёсток ул. Инюшенская и ул. Морозова),793,31
11,Скульптурный город,6437,"Сибстринский ""каменный парень"" в 60-е годы",479,9
11,Скульптурный город,7466,Памятник Кирову на территории Нов. паровозоремонтного завода (1952),421,14
11,Скульптурный город,7470,Статья про памятники Кирову 1991 год,475,19
11,Скульптурный город,5791,"""Монументальные"" фонари освещения на ул. Кузнецкой (Ленина)",1312,38
11,Скульптурный город,4490,Стела в честь работников завода Сибсельмаш.,614,13
11,Скульптурный город,7331,Арлекин. Гоголя 27,249,3
11,Скульптурный город,7001,Памятник Карлу Марксу на территории завода «ЭЛСИБ»,313,3
11,Скульптурный город,6330,"Памятник «Солдатам Победы, Труженикам тыла» (Б.Хмельницкого, 84a)",297,3
11,Скульптурный город,6790,Памятник Дмитрию Илюхину,237,3
11,Скульптурный город,6547,Гурьевский Монстр ПитСтопа и другие,439,9
11,Скульптурный город,6637,Памятник погибшим воинам у Архитектурно-строительного колледжа.,284,6
11,Скульптурный город,6635,Памятник Святителю Луке (Войно-Ясенецкому) на территории Облбольницы.,241,2
11,Скульптурный город,6619,Танк Т-62 на территории школы № 25 в ДП Кудряшовский.,423,4
11,Скульптурный город,5816,"Скульптура во дворе дома Сурикова, ул. Ленина, 11.",464,10
11,Скульптурный город,6489,п. Восход. Памятник,602,11
11,Скульптурный город,6595,Ми-4 на панно в ИКЭМ,272,3
11,Скульптурный город,6569,"Панно на фасаде здания по ул. Пр. Дзержинского , 87.корп.1.",429,11
11,Скульптурный город,6559,Рыцарь у Оби,351,9
11,Скульптурный город,6546,Грузовички нашего города,272,6
11,Скульптурный город,6544,Памятник ветеранам боевых действий,333,13
11,Скульптурный город,6524,Антон Павлович Чехов в Новосибирске,348,3
11,Скульптурный город,6467,"Памятник А.С. Пушкину у библиотеки им. А.С. Пушкина (Широкая, 15)",254,2
11,Скульптурный город,4678,Памятник Тарасу Шевченко,446,14
11,Скульптурный город,6375,Стела в честь выпуска сотого Су-34 к 85-летию завода им.Чкалова,484,16
11,Скульптурный город,6378,Зачем разделась девушка в госпитале ветеранов № 2?,885,40
11,Скульптурный город,1592,Самолёт Л-39 у КПП бывшего штаба ВВС и ПВО СибВО,585,13
11,Скульптурный город,6363,"Пусть всегда будет солнце (ул. Революции, 31)",183,3
11,Скульптурный город,6307,Вопрос где?,560,18
11,Скульптурный город,6282,Скульптуры из автозапчастей на Бурлинском переезде,508,15
11,Скульптурный город,6041,"Колпак от контейнера для ракеты. Станционная, 30",2171,75
11,Скульптурный город,549,"Скульптурная группа "" Баскетболистки""",541,8
11,Скульптурный город,6208,"Скульптуры в ""Сквере Мира"" (Верхняя зеленая зона)",309,9
11,Скульптурный город,2300,"Бронзовый мальчик (ул. Большевистская, 26)",1079,12
11,Скульптурный город,1637,"Мозаика ""Чаепитие"" (""Пышечная"" на Станиславского, 11)",1991,47
11,Скульптурный город,5472,"Арт-объект ""Большая кастрюля"" в Березовой роще",1332,37
11,Скульптурный город,5744,"Памятник работникам Новосибирского трамвая, погибшим в ВОВ",623,13
11,Скульптурный город,5928,"Барельеф на ДК ""Крылья Сибири"" (ГВФ, г. Обь)",242,4
11,Скульптурный город,2820,"Памятник элекромонтёру (ул. Семьи Шамшиных, 80)",435,4
11,Скульптурный город,5903,"Выставка ""Металлолом превратим в искусство"" (Заельцовский парк)",232,3
11,Скульптурный город,5841,Скульптура Мальчик с книгой на территории школы № 12,305,6
11,Скульптурный город,5839,"Панно  на заводе ""Сибэлектротяжмаш""",329,3
11,Скульптурный город,4305,"Скульптура ""Оленеводы"" у дома по ул. Сакко и Ванцетти, 48",495,15
11,Скульптурный город,5801,"Барельеф на швейной фабрике ""СИНАР""",334,4
11,Скульптурный город,5759,"Панно ""История развития воздухоплавания и космонавтики"" в ДК Чкалова",435,14
11,Скульптурный город,5741,Памятник Героям Великой Отечественной войны в речном порту.,299,3
11,Скульптурный город,4180,Где?,676,12
11,Скульптурный город,3198,Памятник Высоцкому у театра Глобус,811,18
11,Скульптурный город,3547,"Бабушки у подъезда (ул. Советская, 20)",587,9
11,Скульптурный город,5593,Герой Советского Союза Пётр Барбашёв,603,10
11,Скульптурный город,4588,"Во дворе Дома ребенка (1956) на ул.Чаплыгина,?",1394,31
11,Скульптурный город,5512,"Бюст В.В. Бахирева, министр машиностроения СССР.",290,6
11,Скульптурный город,4965,Скульптура юноши-спортсмена с кубком и диском,398,7
11,Скульптурный город,2175,Празднование 100-летия Покрышкина А.И.(и не только о памятниках),1960,62
11,Скульптурный город,5435,Памятник «Книга Памяти» на территории гимназии № 13,357,7
11,Скульптурный город,1204,"Панно ""Три мужика"" (ул. Петухова, 74)",556,11
11,Скульптурный город,1436,Памятник настоящей колбасе,585,12
11,Скульптурный город,5274,Скульптурная композиция у River park hotel Ob,250,4
11,Скульптурный город,1193,"Скульптура ангела (ул. Свердлова, 21)",331,2
11,Скульптурный город,4861,Панно в холле ДК Металлург.,572,10
11,Скульптурный город,898,"Скульптурные львы (ул. Коммунистическая, 46)",485,7
11,Скульптурный город,5081,"Домик повзрослевшего Маугли, Улица Гурьевская, 94",393,6
11,Скульптурный город,597,План установки памятников.,763,24
11,Скульптурный город,4732,Памятник военным автомобилистам,307,4
11,Скульптурный город,5019,"Бюст Дзержинского в Радиотехникуме (пр. Дзержинского, 26)",294,2
11,Скульптурный город,4961,Сталин в Саду Дзержинского,355,3
11,Скульптурный город,4947,"Проект памятника жертвам революции ""Нина""",346,8
11,Скульптурный город,4918,Памятник установке БМ-13,212,3
11,Скульптурный город,4895,Проект памятника революционным борцам (1920 г.),266,4
11,Скульптурный город,4840,Стела на ул. Ползунова,357,8
11,Скульптурный город,4484,Памятники в воспитательной колонии (Гусинобродское шоссе (тракт)),546,18
11,Скульптурный город,4446,Старая скульптура купальщицы в парке. В каком?,439,8
11,Скульптурный город,4729,"Маски на тонких ножках (Пермитина, 24)",300,5
11,Скульптурный город,4471,Памятник Жене Короткевичу на ул. Овчукова,2059,15
11,Скульптурный город,4620,"Мозаичное панно на ул. Саввы Кожевникова, 39",491,8
11,Скульптурный город,4587,"Футболисты на стадионе ""Молодость""",368,7
11,Скульптурный город,655,"Вопрос - лепестки у Чаплыгина, 119а",624,9
11,Скульптурный город,4502,"Памятная доска из дерева кайя на МКЦ Сибирь-Хоккайдо, (Шевченко, 28/1)",267,3
11,Скульптурный город,4493,Голый камень в Тимирязевском сквере,407,9
11,Скульптурный город,4466,"Постамент глобуса-фонаря (Ипподромская, 32/1)",331,5
11,Скульптурный город,2571,"Cкульптуры пионеров (Санаторно-оздоровительный лагерь ""Берёзка"")",644,15
11,Скульптурный город,4437,"Вовка в тридевятом царстве на Крылова, 44",361,4
11,Скульптурный город,4382,Мальчик с рыбой,459,7
11,Скульптурный город,4309,"Памятник Сталину у стадиона""Спартак"", 1950 год",364,4
11,Скульптурный город,4270,Памятник героям мирного времени — пожарным и спасателям,195,4
11,Скульптурный город,4229,"Скульптура в СНТ ""Волна"" (Матвеевка)",270,3
11,Скульптурный город,4153,Памятник Сталину в Заельцовском парке.,490,4
11,Скульптурный город,4142,Бюст Покрышкина на Красном проспекте в полдень,397,15
11,Скульптурный город,899,Пингвины-кроты-ласточки,332,4
11,Скульптурный город,4058,"Исчезнувшая скульптура из сквера ""Радужный""",255,3
11,Скульптурный город,4041,Мальчик с одуванчиком на Серебренниковской,258,6
11,Скульптурный город,1158,"Мозаичное панно на фасаде ИКЭМ (ул. Тимакова, 2)",748,12
11,Скульптурный город,3926,"""Спираль ДНК"" в Нарымском сквере",704,15
11,Скульптурный город,7483,"Деревянное панно ""Лев"" в цирке (Челюскинцев, 21)",265,14
11,Скульптурный город,3681,Памятник малолетним узникам фашизма у школы № 192,764,5
11,Скульптурный город,3624,Памятник верному помощнику погрузчику.,304,3
11,Скульптурный город,2240,Рядом с мэрией установят памятный камень в честь кинотеатра Махотина,1412,59
11,Скульптурный город,3566,"Тепловоз на ул. Бетонная, 6/1",309,4
11,Скульптурный город,3414,Панно на казарме пулеметной команды. Военный городок,334,7
11,Скульптурный город,3248,порадую товарища!,284,2
11,Скульптурный город,3197,"Паспорт улицы Аникина (Аникина, 2)",376,4
11,Скульптурный город,2821,Пепелац во дворе школы № 39,549,7
11,Скульптурный город,2474,Памятник воину-победителю в Павловском сквере,542,11
11,Скульптурный город,2798,вопрос - памятник,297,6
11,Скульптурный город,2762,Монах или непрочитанная книга,406,7
11,Скульптурный город,1607,Динозаврики,579,17
11,Скульптурный город,2397,"Шикарное панно в ДК ""Прогресс"" (Красный проспект, 167)",385,3
11,Скульптурный город,539,Памятник Покрышкину (на территории пионерлагеря им. Покрышкина),810,9
11,Скульптурный город,1877,Бюст Д.И. Менделеева в химико-политехническом колледже,445,8
11,Скульптурный город,2091,Стелы на Первомайской площади.,334,6
11,Скульптурный город,1173,Панно на здании Облсовпрофа.,671,9
11,Скульптурный город,1868,"скульптура -  Я спросил, зачем идете в горы вы",282,3
11,Скульптурный город,1824,Азиат возле гимназии № 1,322,3
11,Скульптурный город,1803,Памятник Кутузову,455,6
11,Скульптурный город,1685,Камень - работникам атомной промышленности,437,7
11,Скульптурный город,1647,Морская школа. ул. Котовского,0,0
11,Скульптурный город,1616,"Памятник Ворошилову у ДК ""Прогресс"" (Красный пр-т, 167)",527,3
11,Скульптурный город,1417,Фотография из будущего.,1087,35
11,Скульптурный город,1563,Скульптурная композиция «Святые благоверные Пётр и Феврония Муромские»,352,7
11,Скульптурный город,1453,"Мозаичное панно на ст. метро ""Студенческая""",329,1
11,Скульптурный город,1454,Скульптуры Заельцовского парка,388,3
11,Скульптурный город,693,"Скульптуры у стадиона "" Спартак""",707,21
11,Скульптурный город,1384,У Трудовой 13,335,7
11,Скульптурный город,1198,"Барельеф у кафе ""Шафран"" (ул. Коммунистическая, 39)",361,3
11,Скульптурный город,1188,"Мемориал погибшим сотрудникам МВД (ул. Каменская, 12)",346,9
11,Скульптурный город,1183,"Панно на здании МЧС (ул. Октябрьская, 80)",390,5
11,Скульптурный город,503,Стела на пересечении улиц Мира-Горбаня.,396,2
11,Скульптурный город,991,Скульптура «Покорение Сибири» в а/п Толмачёво,837,5
11,Скульптурный город,916,Аллея связистов им. А.И.Никулина,341,4
11,Скульптурный город,881,"Декоративная композиция "" Олимпиада 80""",439,7
11,Скульптурный город,525,Вальс Победы,366,2
11,Скульптурный город,642,"Проспект Маркса 33, 35, 37",307,2
11,Скульптурный город,590,Памятник В.П.Чкалову,854,8
11,Скульптурный город,431,Памятник новосибирскому трамваю,568,8
11,Скульптурный город,295,Бюст Александру Демакову,288,1
11,Скульптурный город,353,Открытие бюста Н.В. Гоголя,306,3
11,Скульптурный город,290,"Памятник воинам Сибирского округа МВД РФ (ул. Мичурина, 13)",329,3
11,Скульптурный город,293,Стела на площади Трубникова,1319,2
11,Скульптурный город,291,Памятник А.А.Юдину,312,3
16,Город театральный,185,"Театр оперы и балета (Красный проспект, 36)",35542,677
16,Город театральный,928,ДК Юность,2984,82
16,Город театральный,1866,"Дворец культуры железнодорожников (ул. Челюскинцев, 11)",1993,34
16,Город театральный,3398,"Кинотеатр ""Современник"" (ул. Объединения, 27)",2438,22
16,Город театральный,50,"Дом Ленина - ТЮЗ (Красный проспект, 32)",17963,359
16,Город театральный,1938,"ДК им. А.С. Попова (ул. Добролюбова, 12)",1663,44
16,Город театральный,11,"Здание коммерческого собрания - Театр ""Красный факел"" (ул. Ленина, 19)",17054,340
16,Город театральный,1773,"Кинотеатр ""Мир"" (ул. Коммунстроевская, 161)",5062,67
16,Город театральный,440,"Кинотеатр Юнгштурм-Пионер (ул.Горького, 52)",4161,55
16,Город театральный,58,"Кинотеатр ""Победа"" (""Пролеткино"", ""Октябрь"") на ул. Ленина, 7",12648,234
16,Город театральный,1052,Дом ученых СО РАН,2996,64
16,Город театральный,2701,Новосибирский государственный цирк (Челюскинцев 21),9745,204
16,Город театральный,602,ДК Приморский (ул. Молодости 15),1407,22
16,Город театральный,17475,"Областной Театр кукол изнутри (ул.Ленина, 22)",191,4
16,Город театральный,130,"ДК имени А.М. Горького (ул. Богдана Хмельницкого, 40)",14202,225
16,Город театральный,162,"Театр ""Старый дом"" (ул. Большевистская, 45)",3845,67
16,Город театральный,8146,"Кинотеатр ""Москва""-ДК ""Академия""",3480,78
16,Город театральный,10134,Актёры и роли,3871,103
16,Город театральный,79,"Областной Театр кукол (ул.Ленина, 22)",1889,26
16,Город театральный,1927,"к/т ""Экран"" на Затулинке",1013,11
16,Город театральный,1272,"Кинотеатр ""Рассвет"" (ул. Зорге, 47/2)",2198,43
16,Город театральный,483,"Кинотеатр ""Металлист"" (ул. Римского-Корсакова, 1/1)",7906,136
16,Город театральный,2433,"Кинотеатр им. Маяковского (Красный проспект, 15)",3982,74
16,Город театральный,163,Новосибирский театр музыкальной комедии,6416,88
16,Город театральный,9127,Городской драмтеатр п/р С. Афанасьева (М.Горького 52),707,18
16,Город театральный,65,"Клуб совторгслужащих - ДК Октябрьской революции (ул. Ленина, 24)",9470,182
16,Город театральный,3423,Клуб на Шлюзах в 1955 году,1172,27
16,Город театральный,2070,"Летний кинотеатр ""Салют""",2249,40
16,Город театральный,523,Дворец культуры им.В.П.Чкалова (пр.Дзержинского 34/1),5704,72
16,Город театральный,494,«Строительство ДНиК - НГАТОиБ»,2476,92
16,Город театральный,134,"ДК ""Транспортник"" - Клуб железнодорожников (ул. Дмитрия Шамшурина, 39)",3761,50
16,Город театральный,2505,"Кинотеатр ""Родина"" (ул. Волочаевская, 57)",1665,6
16,Город театральный,16905,"Кинотеатр ""Дружба"" (Богдана Хмельницкого ?)",423,10
16,Город театральный,16890,"Кинотеатр ""Молодая гвардия"" на ОбьГЭСе (ул. Уланская ?)",493,20
16,Город театральный,129,"ДК имени Ефремова (ул. Мира, 14)",4071,48
16,Город театральный,2477,"Кинотеатр ""Космос"" (ул. Б. Хмельницкого, 27)",4070,77
16,Город театральный,520,"ДК им. Клары Цеткин (ул. Котовского, 19)",7606,112
16,Город театральный,16671,Хорошая афиша,242,3
16,Город театральный,128,Кинотеатр 1-й Госкино > 1-й Совкино > 1-й Роскино > им. Маяковского,7081,136
16,Город театральный,1747,"Дом культуры железнодорожников станции Инская (ул. Эйхе, 1)",2799,34
16,Город театральный,517,ДК Металлург (Котовского 2а),2791,38
16,Город театральный,9500,Клуб «Отдых» 1967-2016 (Б.Хмельницкого 19),2361,44
16,Город театральный,16484,Товарищество драматических артистов под управлением М. А. Макарова,146,2
16,Город театральный,473,"ДК Строитель (ул. Селезнёва, 46)",2673,41
16,Город театральный,1434,Цирк шапито,6921,121
16,Город театральный,2741,"Кинотеатр ""Аврора"" (пр-т Карла Маркса, 49)",1698,19
16,Город театральный,348,"ТЮЗ (новое здание)- Молодёжный театр "" Глобус"" (ул. Каменская, 1)",6760,96
16,Город театральный,305,Дом актёра (Серебренниковская 35),3144,42
16,Город театральный,2580,Цирк на Андреевской площади,880,16
16,Город театральный,9958,"Д\К Жданова, 1956 год",921,15
16,Город театральный,569,"Клуб Чкалова (ДК Калинина) ул. Театральная, 1",1545,33
16,Город театральный,397,ДК Жданова (Красный проспект 171/4),4759,69
16,Город театральный,341,"Клуб Жиркомбината (ул.Семьи Шамшиных, 88)",1330,22
16,Город театральный,553,"ДК им. Кирова (ул. Ельцовская, 5)",5946,68
16,Город театральный,14381,"Кинотеатр ""Луч"" (Новогодняя 24)",1169,15
16,Город театральный,15160,Театр Трамвай № 13,266,3
16,Город театральный,1961,"Кинотеатр ""Октябрь"" (ул.Сузунская, 16)",3280,42
16,Город театральный,1923,"Клуб ""Победа"" и маршрут автобуса № 35 на Лесоперевалке",4013,76
16,Город театральный,1959,"Дом культуры ""Радуга"" (Серафимовича 32)",659,10
16,Город театральный,14703,"ДК ""Затон"" на ул. Судоремонтной, 1",664,19
16,Город театральный,700,ДК им. Горького,1537,25
16,Город театральный,10502,"На крыше ДК молодежи ""Маяк"" (ул. Русская, 1а)",313,6
16,Город театральный,14319,"Фрагмент  изображения Ленина. Театр ""Красный факел "".",429,9
16,Город театральный,9417,На скамейке у ДК Чкалова,671,12
16,Город театральный,14277,У ДК им. Горького со стороны ул. Народной,325,3
16,Город театральный,14095,Летний театр. Сад им.Дзержинского.,772,18
16,Город театральный,983,"Клуб 179 завода, клуб Покрышкина, ДК "" Машиностроитель (Забалуева 3)",1294,24
16,Город театральный,2651,Реконструкция ДК Прогресс. 1985 г.,1036,15
16,Город театральный,13654,Театральная деятельность в годы Гражданской войны,169,0
16,Город театральный,3201,"Летний кинотеатр ""Ракета"" на углу ул. Лобова и ул.Ленинградской",1612,38
16,Город театральный,2062,Концертный зал им. А. Каца,975,32
16,Город театральный,2019,Театр музыкальной комедии (1964г.),431,7
16,Город театральный,2709,"Дом культуры им. Ф.Э. Дзержинского (ул. Коммунистическая, 58)",1458,23
16,Город театральный,12702,Работники цеха по производству музыки.,155,3
16,Город театральный,1956,"Кинотеатр ""Искра"" (Станиславского, 40)",1223,14
16,Город театральный,12552,Театр Среда,217,3
16,Город театральный,9745,"ДК""Точмашевец"". Промышленная ул.,1. 1988 год.",448,8
16,Город театральный,10094,Клуб Заря-Центр внешкольной работы (Пашино Новоуральская 21),719,9
16,Город театральный,9385,В закулисье Оперного,612,12
16,Город театральный,11655,цирк-зверинец Франца О. Эйгуса.,513,6
16,Город театральный,11523,"Клуб Ворошилова - ДК ""Прогресс""",462,11
16,Город театральный,2278,"Кинотеатр ""Северный""",836,13
16,Город театральный,1917,"Клуб им. Ломоносова (ул. Планетная, 32)",1850,39
16,Город театральный,2904,ДК авиаработников. Городской аэропорт.,1730,41
16,Город театральный,527,Дом политпросвещения обкома КПСС - Большой зал филармонии,1873,28
16,Город театральный,10553,Афиша «Безродный зять». Декабрь 1966,238,6
16,Город театральный,10167,В историю какого театра города вписано имя этого актера?,387,6
16,Город театральный,9905,"Новосибирский областной татарский культурный центр. ул. Алейская, 16",311,8
16,Город театральный,9989,Клуб деревообделочников,371,12
16,Город театральный,2279,Дом культуры им.40-летия ВЛКСМ. ул.Узорная1/2,390,7
16,Город театральный,2173,Клуб ТЭЦ-1 (Пристанский пер. 4/1),664,15
16,Город театральный,9268,Победа и Главпочтампт со двора.,417,13
16,Город театральный,2387,"Лестница на террасу театра ""Красный Факел"" (ул. Ленина, 19)",533,12
16,Город театральный,8988,Клуб Дзержинского из окна УКГБ,527,14
16,Город театральный,3888,"Кинотеатр ""Горизонт"" (ул. Б. Богаткова, 266)",1382,26
16,Город театральный,8917,"Строительство ДК ""Строитель""",378,5
16,Город театральный,8905,Куда идут строго одетые дамы?,382,6
16,Город театральный,8895,"Кинотеатр ""Маяк"" (ул. Русская, 1а)",560,9
16,Город театральный,8684,Клуб и ЦК. Швейников на заднем плане фото 1969 год,935,26
16,Город театральный,5182,Трещины на оперном,655,6
16,Город театральный,4593,"Кинотеатр ""Орион"", ныне СК ""Первомаец"" (Аксёнова 42)",1030,13
16,Город театральный,8453,"Дом культуры ""Сибтекстильмаш"" (Забалуева, 47)",393,4
16,Город театральный,8414,Что за театр? Где?,500,12
16,Город театральный,7899,"ДК им. Горького, 1961 год",294,3
16,Город театральный,7822,"Сергей Юрский. 2013 г. Театр ""Глобус""",235,5
16,Город театральный,2268,"Бывший кинотеатр ""Спутник"" (ул. Ереванская, 14/1)",1375,7
16,Город театральный,1967,"Дом культуры Российской армии (Солидарности, 71б пос.Гвардейский)",942,7
16,Город театральный,2859,Шахматный клуб (недостроенный),541,15
16,Город театральный,6026,Дом Ученых в фотоальбоме (конец 60-х годов),303,5
16,Город театральный,625,Дом офицеров Новосибирского гарнизона СибВО.,2497,45
16,Город театральный,5799,"ККЦ ""Победа""",808,24
16,Город театральный,306,"Драмтеатр С.Афанасьева (здание на Серебренниковской, несостоявшийся)",862,12
16,Город театральный,2383,Летний театр в Саду Кирова,623,13
16,Город театральный,2277,"Клуб ""Волна"" (ул.Бородина, 14)",982,25
16,Город театральный,3784,Вариант из прошлого,409,10
16,Город театральный,2950,МХАТ в Сибири,374,13
16,Город театральный,3478,Клуб мукомолов им. А.И.Петухова,785,18
16,Город театральный,3395,"Строительство ДК им. Ефремова (ул. Мира, 14)",433,6
16,Город театральный,2303,"Клуб ""ТЕМП""",905,31
16,Город театральный,2878,ДК М. Горького с улицы Народная,437,4
16,Город театральный,2456,"Детский дом культуры им. Д.Н.Пичугина (ул. Б.Хмельницкого, 70/1)",777,16
16,Город театральный,2336,"Клуб ""Горняк""",307,3
16,Город театральный,2319,Летний кинотеатр в Заельцовском парке культуры и отдыха,412,8
16,Город театральный,2102,"Кинотеатр ""Луч""",2408,14
16,Город театральный,1914,не поняла )),348,4
16,Город театральный,1903,Кинотеатр Строитель (посёлок ВСО),1470,24
16,Город театральный,1835,СибГосОпера,0,0
16,Город театральный,1265,"Зона отдыха у ДК им. Ефремова (ул. Мира, 14)",1082,22
16,Город театральный,559,Новосибирский областной российско-немецкий дом (Ядринцевская 68),451,4
16,Город театральный,1405,Клуб-призрак,1482,42
16,Город театральный,571,Клуб Кирова,284,1
22,Школы города,2037,Школа № 52 (Перекрёсток Воинской и Б. Богаткова),1552,31
22,Школы города,15881,"Школа № 166. Улица Академическая, 9.",1552,38
22,Школы города,1775,Школа № 159 (Д.Ковальчук 270/2),3341,19
22,Школы города,2109,"Школа № 36 им. ХХ-летия Октября (ул.Авиастроителей, 10)",2614,49
22,Школы города,1604,"Школа № 80 - УПК Дзержинского района  (ул. Авиастроителей, 1Б)",2719,42
22,Школы города,9117,Школа 44 (Д. Ковальчук 384),988,23
22,Школы города,1271,Станкостроительный техникум (площадь Сибиряков-Гвардейцев),2368,23
22,Школы города,2581,"Школа № 96, бывшая (пр.Дзержинского, 83)",1360,13
22,Школы города,1110,"Школа № 9, бывш. Турухановская (Советская, 93 - 1905 года, 76)",3025,53
22,Школы города,698,"Школа № 54 (ул. Крылова, 18)",7001,121
22,Школы города,1687,"Гимназия № 3 (школа № 25, школа № 130)",2195,55
22,Школы города,16972,Новосибирский музыкальный  колледж им. А. Ф. Мурова,198,3
22,Школы города,696,"Педучилище № 1 им. А.С.Макаренко (ул. Серебренниковская, 36)",1415,19
22,Школы города,1570,"Змеиногорская школа (ул. Якушева, 21)",4221,65
22,Школы города,17531,Учения по гражданской обороне в одной из школ 1989,99,3
22,Школы города,4559,Школа № 112 (Красноуфимская 8),463,6
22,Школы города,16779,"Школа № 119 на ОбьГЭСе, бывш. № 7 г.Бердска (Приморская, 3)",356,14
22,Школы города,11865,"Школа (лицей) № 130, ул. Ученых 10",2476,65
22,Школы города,2522,"Радиотехникум (пр-т Дзержинского, 26)",1849,31
22,Школы города,229,Авиационный техникум (Красный проспект 72),4737,61
22,Школы города,2806,Городские начальные училища (Крячковские школы),2953,26
22,Школы города,2398,"33-е городское начальное училище - школа № 137 (ул. Красноярская, 117)",1408,15
22,Школы города,2163,"Школа № 72 (ул. 2-я Чулымская, 111)",839,4
22,Школы города,2297,"Школа № 32 (ул. Никитина, 2)",711,15
22,Школы города,654,"Школа № 83 (ул. Кропоткина, 323)",2499,22
22,Школы города,2727,Православная гимназия во имя святителя И.Брянчанинова (Шатурская 2А),1255,22
22,Школы города,8970,Школа 38  на Выборной 57 (бывш. ул. Луговская),2167,35
22,Школы города,11825,Школа в деревне Бугры,478,24
22,Школы города,17271,Вопрос,183,0
22,Школы города,603,"Школа № 1 (№ 8) (ул.Владимировская, 15)",599,37
22,Школы города,1854,"Детдом № 8-Школа-интернат № 161 (Республиканская, 25)",2384,37
22,Школы города,1603,Школьное здание на Урманова 18.,1764,21
22,Школы города,117,"Школа № 3 (ул. Октябрьская, 5)",2462,75
22,Школы города,377,"Городское начальное училище на Кузнецкой (ул. Ленина, 22)",1643,14
22,Школы города,1880,"Хореографическое училище (ул. Романова, 33)",1132,15
22,Школы города,17087,"Средняя школа № 220 им. К.Д. Ушинского (ул. В. Заровного, 1)",363,18
22,Школы города,8839,Речной колледж,286,5
22,Школы города,5259,Школа № 32 бывшая на ул. Шевченко,1095,40
22,Школы города,2647,"Школа № 47 (ул. Мира, 1)",1843,21
22,Школы города,378,"Женская гимназия (ул. Урицкого, 25 - ул. Ленина, 11)",3545,39
22,Школы города,15580,"Школа № 162. ""Одна из школ Академгородка"" на открытке.",421,9
22,Школы города,536,"Техникум совторговли - НИИТО (ул. Фрунзе, 17)",948,9
22,Школы города,16713,"Школа № 11. ул. Энгельса, 60",130,3
22,Школы города,13844,Бывшее городское 2-классное приходское училище (Советская-Свердлова),973,20
22,Школы города,120,"Андреевская школа (ул. Сибирская, 54)",2055,22
22,Школы города,16587,Бывший фонтан у 125-ой школы,161,3
22,Школы города,2490,"В районе школ № 186 и № 11 (ул. Б.Богаткова, 189, 187)",629,7
22,Школы города,8150,"Школа № 53, потом № 102 (Зоологическая 8, Нижняя Ельцовка)",794,27
22,Школы города,1785,"Школа № 55 (ул. Калинина, 255)",4839,59
22,Школы города,1197,"Химико-политехнический техникум (ул. Садовая, 26)",1550,26
22,Школы города,8002,Школа № 125-Вечерняя сменная школа № 35 (Лыкова 4),1188,21
22,Школы города,1645,Школа № 41 на Нерчинской.,1757,44
22,Школы города,2963,"Лицей № 22 (Школа № 22, ул. Советская, 63)",2053,68
22,Школы города,13718,"Школа № 156, Гоголя, 35А",1176,16
22,Школы города,1646,"Школа № 42 - Гимназия № 1 (Красный проспект, 48)",3086,45
22,Школы города,612,"Школа № 22 (ул. Советская, 37)",7017,91
22,Школы города,7957,"Здание бывшей школы № 157 на ул. Блюхера ,40.",1099,17
22,Школы города,15884,"Школа № 171. Улица Выставочная, 36.",329,5
22,Школы города,3134,"Школа № 57 (ул. Авиастроителей, 16)",1331,24
22,Школы города,618,ПТУ № 2 им. А.И. Покрышкина,1010,13
22,Школы города,5924,"Здание школы № 30-№ 137 (ул. 1905 года, 12)",1427,37
22,Школы города,2483,"Школа № 185 (ул. Тургенева, 84)",606,12
22,Школы города,5930,Школа № 98 - Аэрокосмический лицей (Индустриальная 4А),875,21
22,Школы города,15675,"Электромеханический техникум. Первомайская, 202",807,25
22,Школы города,2899,Новосибирский областной колледж культуры и искусств,2284,66
22,Школы города,2116,"Школа № 69 (ул. 2-я Портовая, 36; ул. 2-я Портовая, 4; 1-я Портовая, 2)",1402,10
22,Школы города,15194,"Школа № 16, новое здание.",307,8
22,Школы города,5044,"Школа 142 (ул. Героев революции, 6)",810,14
22,Школы города,2479,"Во дворе школы № 48 (ул. Титова, 202)",632,13
22,Школы города,3682,"Школа № 49 (ул. Урманова, 26)",1127,20
22,Школы города,2453,1-й Сибирский Опытный Педагогический Техникум на Вагановской,1586,16
22,Школы города,4278,"Школа № 120 (ул. Дуси Ковальчук, 85)",1212,42
22,Школы города,10314,Одноклассная школа (училище) на станции Кривощёково и Чулым,593,10
22,Школы города,14863,"Тыловая часть бывшей 41-й  школы ул. 1905  года, 61",408,6
22,Школы города,2310,"Школа № 50(5) => начальные классы шк. № 54 (ул. Советская, 38)",3364,52
22,Школы города,1941,"Школа № 97 (ул. Кирова, 327)",1420,14
22,Школы города,14738,Теплица возле школы № 166,259,6
22,Школы города,14732,"Школа 180 на ул. Северная, 31",375,10
22,Школы города,1261,"Топографический техникум (Крылова, 9)",2015,44
22,Школы города,804,"Здание средней школы № 29, ранее № 51 (Октябрьская 89а)",2225,36
22,Школы города,10731,"Школа № 21 Селезнёва 34, (ранее Крылова 95)",647,11
22,Школы города,340,"Школа № 74 бывшая (Красный проспект, 2)",3218,53
22,Школы города,6404,"В районе школ № 171 и № 14 (ул. Выставочная, 36 и 34/1)",1932,56
22,Школы города,9724,Школа № 153 (Республиканская 15/1),1001,12
22,Школы города,14273,А была ли в этом здании школа?,497,7
22,Школы города,14260,ГПТУ Облуправления общественного питания+ р-н Орион (Ватутина 17/1),1346,28
22,Школы города,537,Сельскохозяйственный техникум им А.П. Смирнова.,1333,22
22,Школы города,1565,"Бывшая школа № 95 (ул. Ломоносова, 57)",2303,24
22,Школы города,14437,"Ясли-сад № 280, ""Якорёк"". Ул. Красноуфимская,10.",345,4
22,Школы города,1899,"Школа № 53 (ул. Кошурникова, 9/1)",1370,43
22,Школы города,14402,Школа завода Сибсельмаш... ГДЕ???,457,10
22,Школы города,9006,"Клавиатура на музыкальной школе № 1 - Некрасова, 4",722,16
22,Школы города,3540,"Школа № 160 (ул. Выставочная, 8)",1030,16
22,Школы города,1252,"Школа № 99 (ул. Чаплыгина, 59)",2222,31
22,Школы города,92,Художественное училище,1180,9
22,Школы города,14275,"Детский садик на ул. Ползунова, 22, 1967 год.",485,13
22,Школы города,11835,"Школа № 121 Академическая (Шлюз, Тружеников, 10)",373,6
22,Школы города,8897,Школа № 182 (Зорге 21) Первая на Затулинке,814,13
22,Школы города,9115,Школа 43 (Ельцовская 31) 1936 год,1599,27
22,Школы города,713,"Специальная музыкальная школа-интернат (Комсомольский проспект, 20)",798,23
22,Школы города,658,"Школа № 94 (1-й пер. Серафимовича, 4а)",1150,29
22,Школы города,14129,Школа № 88 (Шевченко 20),413,4
22,Школы города,5105,"Школа № 58 (ул. Аэропорт, дом 21/1)",601,19
22,Школы города,14089,"Панорама школы № 167. Ул. Добролюбова, 233.",197,4
22,Школы города,14038,Первый раз в первый класс какой школы?,885,23
22,Школы города,12944,"Школа на Советской, 63",284,4
22,Школы города,9170,Школа № 46 в Пашино,971,6
22,Школы города,5266,Музыкальная студия на Щетинкина,422,8
22,Школы города,2273,"Школа № 7 (ул. Адриена Лежена, 22)",1164,42
22,Школы города,1567,"Школа водников им. Кирова № 56 (ул. Инская, 61)",1488,23
22,Школы города,2291,Бывшая школа № 151 на Нижегородской 241.,1143,20
22,Школы города,366,Гимназия № 12 (школа № 110),3314,42
22,Школы города,4212,"Техникум общественного питания (Геодезическая, 15)",1899,46
22,Школы города,13433,ШРМ № 10 Кировского района 1948 год,742,19
22,Школы города,1690,"ПТУ-22, он же «НЦПО № 1» (Весенняя, 12)",510,10
22,Школы города,682,Школа-интернат спортивная (школа № 149) Б. Хмельницкого 25/2,4071,27
22,Школы города,10333,Бывшая школа № 162 Томской ж.д.  на Бердском шоссе.,425,3
22,Школы города,2491,128 школа (Вертковская 2),1177,25
22,Школы города,562,Школа № 84 (Кубановская 17а),1478,38
22,Школы города,8251,"Школа № 143, Объединения 82/2",468,4
22,Школы города,1026,Речной техникум - НКРУ им. С.И.Дежнёва.,2558,14
22,Школы города,13245,Здание на Обской 141(163). Школа ФЗУ завода Труд-РУ № 9-...,543,12
22,Школы города,1514,"Школа № 70 (Гимназия № 16 ""Французская"") ул. Пархоменко, 2",2670,41
22,Школы города,94,"Александровская школа (Серебренниковская, 10)",1526,11
22,Школы города,2523,"Школа № 67 (ул. Титова, 94)",493,10
22,Школы города,4444,"Школа № 100 (ул.Северная,1)",763,17
22,Школы города,4885,Общежитие строительно-монтажного колледжа (Проспект Димитрова 15).,895,23
22,Школы города,2599,"Школа № 59 бывшая (ул. Тополёвая, 37)",2065,49
22,Школы города,12768,Строительство школы № 178 (пр. Дзержинского 43),603,26
22,Школы города,1223,"Монтажный техникум.  пр. Дзержинского, 1.",752,15
22,Школы города,12330,"Техникум электронных приборов на Красном проспекте, 177",238,5
22,Школы города,867,"Бывшая школа № 10 (ул. Максима Горького, 39)",2015,43
22,Школы города,1460,Фельдшерско-акушерская школа на Фрунзе 21 (ныне Фрунзе 11),1373,16
22,Школы города,12069,"Специальная (коррекционная) школа № 60, улица 1905 года,61",318,5
22,Школы города,8585,Новосибирская школа музыкантских воспитанников,923,20
22,Школы города,11883,"Новосибирский строительный техникум, Каменское шоссе. 1953",375,5
22,Школы города,11840,Установка оградок у НИИГАиКа,206,3
22,Школы города,2507,"Школа № 78 (ул. Макаренко, 28)",1522,26
22,Школы города,11748,"Медицинское училище № 2 на ул. Титова, 19",373,5
22,Школы города,11690,Школы Новосибирска с производственным обучением,586,11
22,Школы города,11609,"Афиши Томского драмтеатра на заборе школы № 73-Котовского, 16.",260,6
22,Школы города,7236,Школа № 177 ул. Куприна 4,386,10
22,Школы города,11302,Школа № 78 (Саратовская 24а),537,8
22,Школы города,3293,"Школа № 37 (ул. Саратовская, 24а)",1826,12
22,Школы города,11246,"Школа № 108, позже № 14(вспомогательная).Выставочная, 34/1. 1956 г.",263,6
22,Школы города,5813,"Городское начальное училище (ул. Ядринцевская, 66)",808,16
22,Школы города,3202,"Школа № 168 (ул. Сибирская, 30)",2415,19
22,Школы города,11124,"17-я неполная средняя школа на ул. Красноярской, 117",307,7
22,Школы города,10626,Заметки в целом  о школах Новосибирска в прессе,1048,27
22,Школы города,2296,"Школа № 16 (Добролюбова 111, 113)",1988,33
22,Школы города,9118,Школа № 45 (Линейная 223) 1936 год,1040,22
22,Школы города,10623,Школа № 8 (Линейная 105),519,11
22,Школы города,5058,Школа на Владимировской,1342,26
22,Школы города,563,Школа № 126 (Народная 37),600,3
22,Школы города,2153,Школа № 17 Томской железной дороги,860,13
22,Школы города,8801,"Школа № 147. Первомайский район, ул. Пихтовая, 44.",736,7
22,Школы города,115,"Школа № 19 (Бориса Богаткова, 46)",2065,11
22,Школы города,7513,"Гимназия № 14-ранее СШ № 127 (Карла Маркса, 31)",914,27
22,Школы города,4788,"Школа ФЗО № 20 (Кривощёково, кв. 69, д. 5)",981,20
22,Школы города,10323,Школа рабочей молодежи № 2 станции Инская Томской железной дороги,358,5
22,Школы города,2909,"Первое здание школы № 142, бывшей № 49.",1227,21
22,Школы города,10332,Неполная средняя школа № 48 Томской ж.д на станции Инская,112,0
22,Школы города,3186,"Вид в сторону Красного проспекта со двора школы № 55 (ул.Калинина, 255)",820,19
22,Школы города,9504,"1-я неполная средняя школа на Большевистской, 63",366,9
22,Школы города,2930,"Школа № 169 (пр-т Дзержинского, 60)",701,15
22,Школы города,4553,"Техникум железнодорожного транспорта (Первомайская, 202)",727,15
22,Школы города,9784,"Клуб «Постройкома» слева от здания ул. Учительская, 42 (прим. 1970г.)",681,14
22,Школы города,8219,Новосибирский колледж почтовой связи и сервиса (Одоевского 1),1582,47
22,Школы города,9755,"Документ интересный, хотя и современный",205,2
22,Школы города,2204,Новосибирский кооперативный техникум им. А.Н.Косыгина,1714,60
22,Школы города,1383,"Школа № 4 (ул. Достоевского, 27)",655,17
22,Школы города,9423,Школа рабочей молодежи (вечерняя) № 25 (угол Дуси Ковальчук и Дачной),782,20
22,Школы города,5060,"Техникум лёгкой промышленности (Семьи Шамшиных, 110)",1411,25
22,Школы города,9593,Школа № 205 Содружество (Ползунова 22) бывшая,636,9
22,Школы города,1470,"Школа № 40 (ул. Крашенинникова, 6)",1031,12
22,Школы города,8855,"Школа № 76 (Большевистская, 32)",1223,13
22,Школы города,9266,Во дворе 54 школы,377,4
22,Школы города,5583,"Школа 132, ученики,воспоминания .....",3550,67
22,Школы города,2921,"Школа № 18 (ул. Гоголя, 233)",826,19
22,Школы города,5183,Школа № 46 - № 79 - Гимназия № 13 (Достоевского 77),1893,37
22,Школы города,5307,Развод Поста № 1 (Школа на ул. Плахотного 31).,532,17
22,Школы города,8921,Школа № 11,446,8
22,Школы города,8920,Школа № 56,220,3
22,Школы города,3797,Здание школы № 92 на ул. Трамвайной (Титова 184),886,25
22,Школы города,1214,"Школа № 27 (ул. Плахотного, 31)",798,24
22,Школы города,8723,"Щкольницы  у ограды 27-й школы на Плахотного,31",439,7
22,Школы города,4233,"Школа № 136 (Космическая, 10)",760,15
22,Школы города,5820,"Школа № 28 (ул. Новая Заря, 27)",528,15
22,Школы города,8552,"Урок физкультуры в школе N 30 (137), конец 40-х",399,6
22,Школы города,8534,"Вид на школу № 30 (137) с балкона Челюскинцев, 7",577,5
22,Школы города,3288,Проект школы на 880 человек. 1937 год.,872,15
22,Школы города,8457,Субботник у школы № 98,336,3
22,Школы города,8377,Техническое училище № 39,634,11
22,Школы города,2813,Школа № 138 в Балластном карьере,1283,16
22,Школы города,1278,Геологоразведочный техникум,2449,54
22,Школы города,7965,Дошкольное отделение СОШ 26 (бывший детский сад 470),333,7
22,Школы города,1587,"школа № 8, УПК, отдел соцподдержки (Б. Хмельницкого 14/3)",588,12
22,Школы города,7796,Бывшее здание школы № 34 и вечерней школы № 21 в Пашино,1156,17
22,Школы города,1673,Бывшая школа на Учительской 40а,677,15
22,Школы города,7079,школа № 154 ; Прибрежный пер. 9,264,3
22,Школы города,7004,"Сибирский политехникум. (Б. Хмельницкого, 9)",686,12
22,Школы города,6500,"Школа № 187 (Ударная, 21)",470,7
22,Школы города,622,"Новосибирский государственный хореографический колледж (Каменская, 36)",809,14
22,Школы города,6490,"Тренажер в САКК им. А.И. Покрышкина (Урманова, 18)",506,13
22,Школы города,6484,"Гимназия № 11 Гармония. Бывшая шк. № 193 (Федосеева, 38)",328,6
22,Школы города,6216,"Спортплощадка школы № 156 (Гоголя, 35А).",410,13
22,Школы города,4810,"Музыкальная школа бывшая (Станционная, 14)",814,13
22,Школы города,3022,Спортплощадка школы № 88,928,24
22,Школы города,3903,Вечерняя сменная школа № 15,686,19
22,Школы города,5613,Фармацевтическое училище на месте Дома Быта,589,10
22,Школы города,5502,Панно в школе № 74 (бывшей),460,9
22,Школы города,5984,"Школа № 210 (Горский микрорайон, 7)",434,4
22,Школы города,5938,Школа № 175 (Титова 43/2),431,5
22,Школы города,2955,Собираем металлолом,1775,56
22,Школы города,1798,"Школа № 82 (ул. Гоголя, 195)",950,32
22,Школы города,5798,А это школа или нет?,500,9
22,Школы города,3834,"Школа № 75 (ул. Тургенева, 261)",1188,10
22,Школы города,2938,"Первое здание школы № 4 (ул. Кольцова, 88)",866,21
22,Школы города,5499,Последний звонок выпускников школы 168 у школы 88,555,15
22,Школы города,5314,Высший колледж информатики НГУ (1979 г.),375,5
22,Школы города,4863,"ГПТУ-50 (Станиславского, 2/1)",954,9
22,Школы города,2828,ФЗС № 16 на Фабричной,371,6
22,Школы города,2187,"Детская музыкальная школа № 1 (ул. Ядринцевская, 52а >ул. Некрасова, 4)",934,15
22,Школы города,5236,Техникум связи,1573,15
22,Школы города,616,Школьные эксперименты в 20-е.,946,2
22,Школы города,4944,"Школа № 12  ул.Серебренниковская,10",1049,22
22,Школы города,4982,вопрос,232,1
22,Школы города,747,Школа верховой езды,514,4
22,Школы города,3783,Хоккей в школе № 95. 1978 год.,604,7
22,Школы города,3773,"Детско-юношеская спортивная школа № 5 (ул. Забалуева, 5)",674,15
22,Школы города,3443,"Двор школы № 178 (пр-т Дзержинского, 43)",750,12
22,Школы города,3680,"Приют святого Николая - Саввы Кожевникова, 29",234,2
22,Школы города,3535,"Школа № 197 (ул. Липецкая, 25/2)",881,22
22,Школы города,2737,"Школа искусств № 24 ""Триумф"" (ул. Вертковская, 4а)",292,5
22,Школы города,3417,"Школа № 135 (15-й Бронный переулок, 20а)",595,8
22,Школы города,1208,"Лицей № 81 (п. Пашино, ул. Солидарности 65а)",750,6
22,Школы города,3195,"Школа № 167 (ул. Добролюбова, 233)",436,7
22,Школы города,3076,Школа № 122 на Плехановском жилмассиве,594,12
22,Школы города,3077,Школа № 113,380,6
22,Школы города,2646,Совшкола № 28,788,21
22,Школы города,2697,"Детская школа искусств № 4 (ул. Маяковского, 20)",378,7
22,Школы города,2864,"школа № 26 на Объединения, 94",380,7
22,Школы города,2576,"Начальная школа № 115 (пр-т Дзержинского, 10)",586,16
22,Школы города,2496,"Специальная школа VIII вида, № 62 (ул. Станционная, 8а)",526,7
22,Школы города,2497,"СИЗО-1 (ул. Караваева, 1)",0,0
22,Школы города,2500,Школа искусств № 17,554,15
22,Школы города,2492,Специальная школа-интернат № 152 (Ватутина 30),408,3
22,Школы города,2411,"В районе школы № 95 (Крылова, 44)",544,12
22,Школы города,2402,Школа № 30 (Танковая 9/1),372,6
22,Школы города,1702,Профессиональное училище № 21,1808,23
22,Школы города,2000,Раздельное обучение в советской школе,526,8
22,Школы города,1023,Музей школы № 10,604,7
22,Школы города,1840,Бывшая средняя школа № 88. Гимназия № 4,2256,7
22,Школы города,1647,Морская школа. ул. Котовского,697,11
22,Школы города,1548,Новосибирский Автотранспортный Техникум,773,15
22,Школы города,1185,"Школа № 114 (ул. Тополёвая, 31)",518,3
22,Школы города,1242,"ДЮСШ № 1 ЛИГР (ул. Д.Донского, 6а)",312,5
22,Школы города,1128,школа № 20,466,8
22,Школы города,362,Новосибирский техникум сельхозмашиностроения,822,2
22,Школы города,678,"Школа-интернат № 39 (ул. Фасадная, 19)",419,5
22,Школы города,589,Школа-интернат на Александра Невского,287,4
22,Школы города,567,"Начальная школа на Логовской (ул. Семьи Шамшиных, 34)",260,1
22,Школы города,311,Профлицей № 6 (Учительская 42),360,7
15,Действующие церкви,26,Часовня святителя Николая Чудотворца,7591,119
15,Действующие церкви,80,"Вознесенский кафедральный собор (ул. Советская, 91)",13147,250
15,Действующие церкви,122,"Собор Александра Невского (ул.Советская, 1а)",11719,195
15,Действующие церкви,486,Храм в военном городке.,2575,28
15,Действующие церкви,5943,Вагоны-храмы,443,12
15,Действующие церкви,83,Церковь во имя святого пророка Даниила (Вокзальная),4360,68
15,Действующие церкви,355,Церковь в честь иконы Божией Матери Знамение-Абалацкая (Б.Хмельн. 74)),1183,18
15,Действующие церкви,235,"Храм  Успения Пресвятой Богородицы (Гоголя, 179)",1232,5
15,Действующие церкви,301,Храм Всех Святых земле Российской просиявших,1191,3
15,Действующие церкви,14233,"Часовня Николая Чудотворца Угодника (КП ""Италия"")",836,15
15,Действующие церкви,299,Приход в честь Рождества Пресвятой Богородицы,846,6
15,Действующие церкви,14055,Священнослужители Никольской церкви села Бугры (бывшей Кривощёковской),770,25
15,Действующие церкви,2315,"Католический Кафедральный собор Преображения Господня (Горького, 100)",575,20
15,Действующие церкви,13545,"Начало строительства Буддийского центра (ул. Сакко и Ванцетти, 71)",210,3
15,Действующие церкви,110,"Мечеть Новониколаевского Магометанского общества (Фрунзе, 1а)",4842,55
15,Действующие церкви,5941,Духовенство и миряне Новосибирской епархии 25 мая 1936 г,359,6
15,Действующие церкви,104,"Церковь во имя Покрова Пресвятой Богородицы (Октябрьская, 9)",2076,43
15,Действующие церкви,10910,"Старообрядческая церковь св.Варвары, ул. Пестеля, 10",252,3
15,Действующие церкви,5940,Освящение закладного камня 16 мая 1991 года,239,4
15,Действующие церкви,4486,Церковь-памятник русским первопроходцам,317,5
15,Действующие церкви,10315,Церковно-Приходская школа на станции Обь,444,9
15,Действующие церкви,9894,Церковь Михаила Архангела в д. Усть-Иня (1922),1078,25
15,Действующие церкви,9344,Молитвенный дом Евангельских Христиан-Баптистов на ул. Солнечная,1184,32
15,Действующие церкви,5833,Часовня на территории железнодорожной больницы,820,10
15,Действующие церкви,8702,Строительство Вознесенского храма. 1987 г.,473,9
15,Действующие церкви,8324,часовня Собора Оптинских старцев на Громова,317,6
15,Действующие церкви,2754,Православн. приход во имя св. муч. Вонифатия,559,16
15,Действующие церкви,7469,"Табличка с временем работы на ул. Подлесной, 29",782,39
15,Действующие церкви,5832,храм во имя св. князя Владимира. НВИ МВД России,586,3
15,Действующие церкви,5942,"молебен перед отправкой поезда ""за духовное возрождение России""",183,3
15,Действующие церкви,1700,"Часовня во имя  святителя Алексия, митрополита московского",614,19
15,Действующие церкви,5803,"Здание прихода - бывший детский сад № 84 ""Берёзка"" (ул. Народная, 75)",544,10
15,Действующие церкви,5831,где и что?,204,1
15,Действующие церкви,330,"Официальная резиденция Новосибирской Митрополии РПЦ (Сибревкома, 8)",1051,7
15,Действующие церкви,5800,"Новосибирское епархиальное управление РПЦ на Советской, 91",561,11
15,Действующие церкви,302,Храм Святых Новомучеников Российских,687,3
15,Действующие церкви,5536,Часовня в честь Рождества Пресвятой Богородицы на Лесном шоссе,714,21
15,Действующие церкви,5543,Ильинская часовня на территории завода им. Чкалова,349,5
15,Действующие церкви,5490,Соборная мечеть имени шейха Кунта-хаджи Кишиева,467,8
15,Действующие церкви,5234,Новосибирская мечеть на ул. Фрунзе. Необычное фото. Дата неизвестна,1359,36
15,Действующие церкви,5208,Строящийся храм  во имя св. страстотерпца царя Николая,318,5
15,Действующие церкви,4917,"Лютеранский центр (ул. Лыкова, 3)",498,11
15,Действующие церкви,4891,Храм во имя Святых апостолов Петра и Павла,245,4
15,Действующие церкви,4611,Освящение колоколов Собора А. Невского. 1991 г.,415,7
15,Действующие церкви,4488,"Приход Непорочного Зачатия Пресвятой Девы Марии (2-й пер. Мира, 10)",1505,9
15,Действующие церкви,4401,Строительство временного крестильного храма,225,3
15,Действующие церкви,4065,Купола строящегося храма во имя святого апостола Андрея Первозванного,203,1
15,Действующие церкви,1609,Церковь в честь иконы Божией Матери Казанская на Лесном шоссе.,799,19
15,Действующие церкви,3565,"Христианская евангельская церковь ""Сибирь"" (ул. Бурденко, 51)",512,14
15,Действующие церкви,3445,"Христианская Пресвитерианская Церковь, ул. Репина, 2",235,2
15,Действующие церкви,2898,Храм во имя Преподобного Сергия Радонежского при центре Рериха,553,10
15,Действующие церкви,3080,Церковь в честь Владимирской иконы Божией Матери,253,6
15,Действующие церкви,3016,Троице-Владимирский Собор,642,19
15,Действующие церкви,2992,Приход во имя святого праведного Иоанна Кронштадтского,255,4
15,Действующие церкви,2026,"Храм во имя преп. и благ. князя Олега Брянского (Лескова, 131)",758,12
15,Действующие церкви,2494,Церковь Евангельских христиан-баптистов-Спасение.,256,5
15,Действующие церкви,1975,"Церковь ""Назарет""",494,8
15,Действующие церкви,1957,Храм в честь Всех Святых (Новогодняя 24),548,7
15,Действующие церкви,1845,Церковь во имя Святителя и Чудотворца Николая в Новолуговом,0,0
15,Действующие церкви,812,Соборная мечеть,355,5
15,Действующие церкви,521,Храм Св. мученика Евгения (Мочищенское шоссе 1),499,3
15,Действующие церкви,368,Приход во имя преподобного СЕРАФИМА САРОВСКОГО (1-й пер.Пархоменко 3),630,4
15,Действующие церкви,300,Храм во имя  Архистратига Михаила,1170,1
79,Промышленная зона,13672,Канализационные насосные станции,6141,168
79,Промышленная зона,17925,Опытный завод СО АН СССР,54,4
79,Промышленная зона,707,"Полиграфический комплекс ""Советская Сибирь""",3892,65
79,Промышленная зона,6009,Кирпичные заводы из прошлого,12759,182
79,Промышленная зона,17793,СКИФ,143,12
79,Промышленная зона,2668,Точный прицел (НПЗ им. Ленина),4161,71
79,Промышленная зона,6045,Завод крупнопанельного домостроения-6 (ЗКПД-6),1263,21
79,Промышленная зона,17750,Вид на территорию СКТБ Катализатор с прожекторной вышки,114,5
79,Промышленная зона,4543,"Кинокопировальная фабрика, Добролюбова, 16.",1039,15
79,Промышленная зона,17634,"Канализационные трубы через малую, затонскую протоку",286,10
79,Промышленная зона,17686,Вход в коллектор ручья Чербузы,89,2
79,Промышленная зона,13716,Цех № 1 Новосибирского завода бытовой техники (Большевистская 121),901,33
79,Промышленная зона,3442,"НЗХК - Новосибирский завод химконцентратов (ул. Б.Хмельницкого, 94)",4765,93
79,Промышленная зона,4859,"Карьер ""Борок""",4165,42
79,Промышленная зона,8425,Проходная Турбинки (НТГЗ-Сибсельмаш-ЭЛСИБ),1398,40
79,Промышленная зона,6234,"Новосибирский Завод ""ТОЧМАШ""",8903,86
79,Промышленная зона,2199,"Лесокомбинат (1-я Чулымская,112 и 112/1)",1375,24
79,Промышленная зона,15694,Завод Кислородный-Автогенный-Карбидно-газовый-Сибтехгаз,624,10
79,Промышленная зона,1510,Ширпотреб оборонного города,36022,626
79,Промышленная зона,1175,ТЭЦ-1,5938,69
79,Промышленная зона,1275,"завод ""Станкосиб""",1528,27
79,Промышленная зона,990,Фабрика им.ЦК Швейников-Синар,7211,102
79,Промышленная зона,2691,Оловозавод,1289,19
79,Промышленная зона,5729,Гидрозавод жиркомбината,1036,23
79,Промышленная зона,17158,Главный корпус з-да Сибэлектротяжмаш (Сиб.-Гвардейцев-Петухова),234,3
79,Промышленная зона,2586,Новосибирская ГРЭС (ТЭЦ-2),1666,41
79,Промышленная зона,3093,Металлургический завод им.Кузьмина,1578,32
79,Промышленная зона,17001,"Завод, склад?",507,12
79,Промышленная зона,1118,"Завод ""ТРУД""",5631,94
79,Промышленная зона,482,Новосибирский автомобильный завод.,2548,15
79,Промышленная зона,2526,Сибкомбайн,753,8
79,Промышленная зона,1250,"Опытный завод "" Эталон""",5990,85
79,Промышленная зона,4767,Новосибирская ГЭС,1516,46
79,Промышленная зона,2596,Лесозаводы,4371,38
79,Промышленная зона,7932,"Проходная завода ""Труд"", ул. Большевисткая , 125/1.",696,18
79,Промышленная зона,1281,Запсибдеткомиссия,925,22
79,Промышленная зона,15725,У стен завода Сибсельмаш,365,6
79,Промышленная зона,6537,Завод Электроагрегат (пр. Дзержинского-ул. Планетная),3608,113
79,Промышленная зона,9390,Мясоконсервный комбинат 30-40-е годы.,681,9
79,Промышленная зона,2201,"Молочная фабрика - Новосибирский молкомбинат (ул. Октябрьская, 13)",1824,27
79,Промышленная зона,14555,"Новосибирскгортеплоэнерго, 1й пер. Доватора 50",1129,30
79,Промышленная зона,6334,Лесоперевалочный комбинат: чернильные пятна на адресе,1598,60
79,Промышленная зона,15110,Сибсельмаш производит кухонные гарнитуры 1973,1436,39
79,Промышленная зона,1080,Зерномукопровод мелькомбината № 1,2115,35
79,Промышленная зона,2517,"Здание заводоуправления (ул. Ползунова, 15, корп.1)",649,16
79,Промышленная зона,1327,Завод им. Чкалова В.П.,9097,196
79,Промышленная зона,14610,"Котельные, не газовые",424,9
79,Промышленная зона,14848,Водозабор ТЭЦ-5,346,4
79,Промышленная зона,753,"Завод ""Электросигнал""",2153,48
79,Промышленная зона,7798,Что за объект?,626,8
79,Промышленная зона,2759,"Мебельная фабрика № 1 на ул. Романова, 39",1567,22
79,Промышленная зона,1920,Пивной завод в Новосибирске - где он был???,3317,48
79,Промышленная зона,2518,Территория завода им. Коминтерна,3175,64
79,Промышленная зона,13912,Римского-Корсакова 28/1 с 1-го пер. Костычева,380,8
79,Промышленная зона,7496,"Молкомбинат на Петухова, 33",402,6
79,Промышленная зона,13894,Автотранспортное хозяйство института Сибгипротранс (Декабристов 174),507,9
79,Промышленная зона,13783,Сувенир от местного предприятия. какого?,180,6
79,Промышленная зона,13665,Памятный знак 1966 года к 25-летию завода Точмаш,665,22
79,Промышленная зона,2745,Трикотажная фабрика Динамо-им. Заковского-Сибирь (Коммунистическая 35),1329,21
79,Промышленная зона,13584,Закладка фундамента второй очереди трикотажной фабрики 1935,572,14
79,Промышленная зона,10769,"Корпус ТЭЦ-2, вид из частного сектора ул. Котовского",992,30
79,Промышленная зона,13116,Новосибирская ювелирно-часовая фабрика.,509,15
79,Промышленная зона,11682,Благоустройство территории завода им. А.Н. Кузьмина Май 1964 года,335,6
79,Промышленная зона,3467,Территория кондитерской фабрики Красная Сибирь. 1994 год.,845,13
79,Промышленная зона,12755,Протезный завод на улице 1905-го года,482,15
79,Промышленная зона,5191,"Фабрика баянов и гармоник промыслово-кооперативной артели ""Симфония""",2314,26
79,Промышленная зона,12371,Уютный уголок у завода Сибэлектротерм. 1966,406,15
79,Промышленная зона,12070,На з-де ССМ,488,8
79,Промышленная зона,2379,Новосибирский мелькомбинат № 1 на ул. Большевистской,2162,12
79,Промышленная зона,11694,Где изготавливался этот шедевр? И сколько стоил?,201,1
79,Промышленная зона,11627,Завод № 4,210,2
79,Промышленная зона,2964,"Новосибирский аффинажный завод (ул. Кирова, 103)",1354,32
79,Промышленная зона,3115,"ПШО ""Соревнование""",1769,43
79,Промышленная зона,11203,"Территория завода  ""Сибэлектротяжмаш"".1966г.",572,12
79,Промышленная зона,11148,Детские изделия от НПЗ имени Ленина,462,10
79,Промышленная зона,11211,Городская служба Горгаз,784,26
79,Промышленная зона,8512,"Завод ""Тяжстанкогидропресс"". 1959-1965 год.",1064,15
79,Промышленная зона,476,Первый советский видеомагнитофон,4272,55
79,Промышленная зона,10301,Вопрос - избушка в промзоне,522,4
79,Промышленная зона,10951,Бирка фабрики имени ЦК Союза швейников,309,5
79,Промышленная зона,3560,"Новосибирский механический завод ""Искра"" (ул. Чекалина, 8)",1360,30
79,Промышленная зона,10768,Заводоуправление з-да им. Ефремова (вид с улицы Беловежская),341,6
79,Промышленная зона,9990,Красильная фабрика на Ядринцевской,379,3
79,Промышленная зона,5186,Оборонная промышленность Новосибирска: прошлое и настоящее,591,7
79,Промышленная зона,9609,Продукция Новосибирского птицекомбината.,667,22
79,Промышленная зона,9305,"Завод НВА. Здание заводоуправления. Ул. Станционная,30а.",1464,21
79,Промышленная зона,9269,Электрохирургические аппараты «Левкой МТ» и «Жасмин-2 МТ»,614,22
79,Промышленная зона,8695,Фабрика головных уборов,960,23
79,Промышленная зона,1839,Камфорный завод на Комсомольском проспекте.,2447,27
79,Промышленная зона,4862,"Левобережный хлебозавод. Широкая, 35",1303,34
79,Промышленная зона,6618,"Завод Буровая техника (Декабристов, 269 - Нижегородская, 270/3)",720,10
79,Промышленная зона,8946,"Завод Сибит, ул. 2-я Станционная, 52а",539,17
79,Промышленная зона,6955,Труба Кирпичного завода № 10,675,11
79,Промышленная зона,8546,"Обувная фабрика, 1940-е",551,11
79,Промышленная зона,8816,Где опять снимают?)),276,2
79,Промышленная зона,2608,"Новосибирский инструментальный завод (ул. Большевистская, 177)",2389,11
79,Промышленная зона,8526,Газобетонный завод № 2 КСМ на ноябрьской демонстрации,542,5
79,Промышленная зона,8402,"Дом проектных институтов (Красный проспект, 157/1)",723,17
79,Промышленная зона,2242,Кишечный завод,1813,31
79,Промышленная зона,8154,Новосибирская ТЭЦ-4,778,12
79,Промышленная зона,4827,"ТЭЦ-5 (ул. Выборная, 201)",829,25
79,Промышленная зона,7523,демонтаж части корпуса Добролюбова 31,266,5
79,Промышленная зона,5948,"Фабрика ""Автомат""",527,10
79,Промышленная зона,5906,"Фото из очерка ""Электрическое сердце"" (журнал Товарищ, 1931 год)",1265,36
79,Промышленная зона,6716,"Руины ""Сибирского бальзама"" в ДП Кудряшовский.",722,7
79,Промышленная зона,6661,"Зеркало  с подсветом от НПП ""Восток""",534,22
79,Промышленная зона,6636,"сам не знаю, справочку бы...",283,3
79,Промышленная зона,6440,Чей труба?,356,3
79,Промышленная зона,6204,Демонтаж трубы Новосибирского авторемонтного завода.,483,11
79,Промышленная зона,2248,"Территория ОАО ""НОК"" (Новосибирский оловянный комбинат)",704,9
79,Промышленная зона,4706,Старый мост за Зоопарком.,764,12
79,Промышленная зона,6203,Демонтаж трубы старой котельной Мясокомбината,270,6
79,Промышленная зона,5131,"Литейный цех завода ""Труд""",645,16
79,Промышленная зона,5902,Ельцовская шпагатная фабрика,786,20
79,Промышленная зона,5901,Карьерная и Верёвочная слобода,449,5
79,Промышленная зона,6025,Контора Алтайской фабрично-промышленной компании,430,18
79,Промышленная зона,5017,"Маслозавод на Ногина, 2",1063,18
79,Промышленная зона,4252,Демонтаж трубы завода им. Коминтерна,393,7
79,Промышленная зона,4012,Механический комбинат № 3 Горсовета-Красный литейщик (Державина 71),1419,36
79,Промышленная зона,2515,Строительство столовой ПО НПЗ им. Ленина. 1979 г.,836,16
79,Промышленная зона,3215,Danone закрывает молокозавод на Октябрьской,877,23
79,Промышленная зона,4886,вопрос - ДОК-3,489,11
79,Промышленная зона,1797,Бугринский солодовенный завод,601,11
79,Промышленная зона,4726,Эйяфьядлайёкюдль на Северном объезде.,366,5
79,Промышленная зона,4509,Новосибирская ГЭС - укладка дамбы,249,3
79,Промышленная зона,2924,Вид на промплощадку НЗХК,756,16
79,Промышленная зона,4428,Новосибирская маслосырбаза,921,22
79,Промышленная зона,4290,ЗЖБИ - 4,405,11
79,Промышленная зона,4257,"Здание треста ""Росвостокпромстрой"" (бывш. ул. Гоголя, 51)",597,18
79,Промышленная зона,4248,"""Шайба"" на Сухарной (Горводоканал).",578,13
79,Промышленная зона,3997,"Вост. посёлок 36/1. з-д ""Реминструмент""",457,9
79,Промышленная зона,2771,цех НВА,512,6
79,Промышленная зона,3787,"Здание столовой завода ""Сиблитмаш""",724,12
79,Промышленная зона,3694,"Хлопчато-бумажный комбинат.Богдана Хмельницкого, 93",484,4
79,Промышленная зона,3731,Объявление о подготовке бойцов,495,15
79,Промышленная зона,3709,"Новосибирский завод ""Тяжстанкогидгопресс им. Ефремова""",611,3
79,Промышленная зона,3413,Новосибирский завод химконцентратов 10 цех,732,10
79,Промышленная зона,2851,Территория завода им. Коминтерна (2),564,17
79,Промышленная зона,3136,Новосибирский автокомбинат № 1,423,3
79,Промышленная зона,1703,Новосибирский завод полупроводниковых приборов на Д.Донского,740,6
79,Промышленная зона,1501,"Хлебозавод № 1 (ул.Фабричная,35)",1021,10
79,Промышленная зона,3153,Проект площадки для постройки ТЭЦ-4 (1946 год),436,20
79,Промышленная зона,2765,Новосибирская фабрика игрушек «Пионер»,2112,9
79,Промышленная зона,2726,Тепловой узел обувной фабрики имени Кирова,447,11
79,Промышленная зона,492,"Территория ""Приборостроительного завода им. Ленина""",2372,40
79,Промышленная зона,2614,Вопрос - cтроительство завода Точмаш,433,4
79,Промышленная зона,2520,Строительство цехов ПО НПЗ. 1980 г.,565,8
79,Промышленная зона,2436,Фасад завода Коминтерна и клуб им. Ломоносова со стороны ул. Планетная,512,6
79,Промышленная зона,2145,"Территория бывшего ОАО ""ЗАВОД ЖБИ-2"" (КСМ)",975,8
79,Промышленная зона,1571,НФС НЗХК - Цех химводоподготовки ТЭЦ-4,629,11
57,История в деталях,16453,"Чаплыгина, 53. Дом с косой аркой",676,23
57,История в деталях,17837,Две эмблемы МПС СССР. Найди отличие?,109,6
57,История в деталях,3111,Напитки,3052,67
57,История в деталях,17719,"Завод ""Электросигнал"" на демонстрации.",208,8
57,История в деталях,17680,Логотипы Сибакадемстроя,76,3
57,История в деталях,17607,"Декроттуар. Бульвар Молодёжи, 13",151,7
57,История в деталях,17601,"Советский значок ""Новосибирское бюро экскурсий путешествий""",133,5
57,История в деталях,17571,Клятва ФЫМЫШОНКА в ДЦ СУНЦ НГУ,258,15
57,История в деталях,9324,"Памятный значок завода ""Сибтекстильмаш"".",677,10
57,История в деталях,17512,Номерок ГПНТБ СО АН СССР,151,4
57,История в деталях,7918,Пивоварение в НСО,3152,124
57,История в деталях,4934,"Магазин ""Техническая книга"" на Красном проспекте.",2036,33
57,История в деталях,2534,"Этикетка ""Карачинской"" из 80-х и 90-х.",893,12
57,История в деталях,17199,Какая федеральная служба имеет символику схожую с СО РАН?,337,10
57,История в деталях,17233,Набор карандашей Новосибирский Научный Центр 1964. ИЯФ.,126,3
57,История в деталях,17065,Стена с наклейками позывных. Радиокружок в КЮТе,152,3
57,История в деталях,16959,Бирка для ключа Института Гидродинамики,275,9
57,История в деталях,16778,"Заброшка, по адресу: Даурская, 7",281,6
57,История в деталях,1618,"Водонапорная башня рядом с Гоголя, 204в",738,9
57,История в деталях,2339,"Вафли в шоколаде./Конд.фабрика ""Сибирячка"".",1654,46
57,История в деталях,15951,Логотип Вычислительного Центра СО АН СССР,192,2
57,История в деталях,15918,Ультра дисперсные алмазы внутри песочных часов Лаврентьева,191,5
57,История в деталях,7834,Жирница (музей Железнодорожного района),907,30
57,История в деталях,15123,Золотой Петушок,208,1
57,История в деталях,15111,Красивая звезда на флагштоке Дома Физкультуры СО РАН,183,3
57,История в деталях,15068,Бочки с квасом на Челюскинцев (1980),1455,53
57,История в деталях,14656,Памятный значок 50 лет Новосибирскому трамваю,293,1
57,История в деталях,8574,"Радио Сибири (68,48 МГц) 1996-2000 Костриков,Нагуманов,Жуков,Гузанова",856,19
57,История в деталях,6740,Раскопки на месте старого села Кривощёково,1339,31
57,История в деталях,13804,"ЦЕНТРАЛЬНЫЙ РАЙОН 60 на окне экс-ресторана У ВАЦЛАВА (М. Горького, 78)",449,8
57,История в деталях,13768,Канализация,345,10
57,История в деталях,1879,Козонос на строительстве Дома Ленина.,1988,15
57,История в деталях,10639,Деталь первого ж.д. моста на территории СГУПСа-НИИЖТа,277,3
57,История в деталях,9996,"Клеймо ""НПЗ"". Вопрос о хозяине.",807,15
57,История в деталях,9928,Странный механизм,468,8
57,История в деталях,9399,Вид телевышки от дома № 21 по ул. Ватутина.,886,33
57,История в деталях,8510,Копоушка,419,12
57,История в деталях,8272,блямба,257,6
57,История в деталях,7838,Умревинская конверсия.,1492,84
57,История в деталях,7892,Стоянка велосипедов у входа НПРЗ. 1959 год,561,24
57,История в деталях,7832,Баночка-жестяночка из под синьки.,472,21
57,История в деталях,7790,1983 год. Бытовая сценка. 2-я Союза Молодёжи.,352,10
57,История в деталях,7667,"Железнодорожные ""шарманки""",325,12
57,История в деталях,2004,Трактор около музея,1064,17
57,История в деталях,7295,Возможности неоновой рекламы,354,21
57,История в деталях,7286,"«Лучше плохой день на рыбалке, чем хороший на работе»",304,4
57,История в деталях,6961,Червончики...,316,10
57,История в деталях,6703,Пищаль на Умревинском остроге.,400,18
57,История в деталях,6676,Фотограмметристы Новосибирска. 1949 год,511,23
57,История в деталях,6678,Василий Яковлев и последняя царская семья,195,5
57,История в деталях,6667,Квартальные столбики,204,5
57,История в деталях,960,"Областной центр русского фольклора и этнографии, ул.Чаплыгина, 36",743,7
57,История в деталях,5958,"Анонс фильма ""Процесс о трёх миллионах""",207,4
57,История в деталях,5946,"""Давай помиримся"". Фотоэтюд А.Вишняка, 1937 год.",249,6
57,История в деталях,5797,Приствольные чугунные решётки,484,12
57,История в деталях,5789,"""Кубы"" на здании Управления Западно-Сибирской железной дорогой",684,24
57,История в деталях,505,Джаз-клуб ТРУБА,390,7
57,История в деталях,5713,Ночная стройка. Где?,304,5
57,История в деталях,2075,Беседка на углу Мичурина и Державина,1060,20
57,История в деталях,5621,Второй стандартный дом,387,17
57,История в деталях,3878,"Стяжка дома Кирова, 76",483,5
57,История в деталях,5344,Рыба-гроб,348,10
57,История в деталях,5324,Строительство Бугринского моста (ноябрь 2013г.),417,5
57,История в деталях,5290,Гейзер на ул. Дачной 04.01.2016г.,343,6
57,История в деталях,5263,Выборы...,260,2
57,История в деталях,5242,Автомат газводы на Центральном рынке,380,7
57,История в деталях,5240,Лошадь на улице Восход,314,3
57,История в деталях,5209,Пластилин детский.,494,14
57,История в деталях,5001,По какому адресу?,222,1
57,История в деталях,671,Военная Сибирь,701,18
57,История в деталях,4966,"Крокодил в магазине сантехники (ул. Каменская, 74)",1585,9
57,История в деталях,4760,Вопрос... Изобретатели-самоучки,596,21
57,История в деталях,4687,"Лестница ведет к Облсовету на Кирова,3.",381,12
57,История в деталях,4555,На верёвочке в общежитии. Каменская 26,455,3
57,История в деталях,4325,Начало строительства дельфинария.,230,6
57,История в деталях,4300,"Всё та же бочка с квасом у магазина ""Дружба"".",379,9
57,История в деталях,4288,Программка забегов на ипподроме,339,14
57,История в деталях,1395,"Подушки в окнах на ул. Ленина, 11",428,15
57,История в деталях,4059,Довоенный факс,241,3
57,История в деталях,3886,Ценники в магазинах в 1994 году.,588,9
57,История в деталях,2700,Кондитерские Новониколаевска,656,18
57,История в деталях,2174,Рекламная стелла,405,11
57,История в деталях,2314,Награды.,479,12
57,История в деталях,237,"Стена почета в Кинотеатре ""Победа""",397,7
57,История в деталях,2159,Редкая книга.,363,15
57,История в деталях,843,где и чьи?,333,3
57,История в деталях,1706,"кафе ""Порт-Артур"".",367,9
57,История в деталях,7051,"Молодожёны идут во Дворец бракосочетания (Красному проспект, 66)",132,7
57,История в деталях,369,Участник Русско-Японской войны 1904года.,961,7
57,История в деталях,1372,"Реклама фильма ""Иуда""",399,6
57,История в деталях,1127,"Октябрьская, 49",418,10
57,История в деталях,1201,Бегущая строка на Вокзальной магистрали.,365,11
57,История в деталях,1225,Дом Маштакова  в ожидании реставрации.,267,4
57,История в деталях,1114,"Гостиница ""Север"" (ул. Б.Хмельницкого, 32)",396,6
57,История в деталях,1113,Крылечко на Крашенинникова,275,3
57,История в деталях,817,"Извините, у нас метро!",398,1
57,История в деталях,692,Возле ЗАГСа на Б.Хмельницкого,275,5
57,История в деталях,669,"Ресторан ""Огни Новосибирска"" (ул. Максима Горького, 87)",831,4
57,История в деталях,325,Серебренниковская 31,618,3
57,История в деталях,385,"Вход в магазин ""КапиталЪ"", ул. М.Горького, 78",307,4
57,История в деталях,382,Камень в Первомайском сквере,621,3
57,История в деталях,174,Исторический свидетель,467,1
192,Вырезки и заметки из старых газет,17799,"Развлекательный центр Батиссо. пр-т Строителей, 17",162,10
192,Вырезки и заметки из старых газет,17828,"Налог на холостых, бездетных и одиноких. Вырезка. Искитим. 1942г.",126,7
192,Вырезки и заметки из старых газет,17829,Всесоюзная конференция по дирижаблестроению. Новосибирск март 1965,35,1
192,Вырезки и заметки из старых газет,16414,"""Академстроевец"" чемпион области по футболу 1973",171,2
192,Вырезки и заметки из старых газет,12315,"Вырезки из газеты ""Советская Сибирь""",840,21
192,Вырезки и заметки из старых газет,17104,Засуха 1931 года,147,0
192,Вырезки и заметки из старых газет,16924,Подборка вырезок о строительстве ГЭС и шлюза. ЛП 54-59гг,183,4
192,Вырезки и заметки из старых газет,16896,Подборка вырезок о строительстве с нуля Бердского водозабора,88,1
192,Вырезки и заметки из старых газет,16797,Бердск. Регистрация велосипедов и собак. номерные знаки. 1956г,291,10
192,Вырезки и заметки из старых газет,16790,Выступление Новосибирского цирка на ГЭС в 1954-1956гг.,191,11
192,Вырезки и заметки из старых газет,16599,"Незаконный логотип газеты ""Навигатор"". Что изменилось?",392,5
192,Вырезки и заметки из старых газет,15844,Ремонтъ улицы,257,3
192,Вырезки и заметки из старых газет,15657,Заметка в Литературной газете о выступлении Маршака в НГУ. 1965,268,1
192,Вырезки и заметки из старых газет,15287,СибАкадемБанк - первый в стране академический банк,717,19
192,Вырезки и заметки из старых газет,15406,Автострада Новосибирск - Барнаул,282,2
192,Вырезки и заметки из старых газет,15386,Первое дог-шоу в Новосибирске,161,1
192,Вырезки и заметки из старых газет,15385,Самый большой в СССР пришкольный спорткомплекс,145,1
192,Вырезки и заметки из старых газет,15362,Статистика ЗАГС Академгородок 1986-1994,190,3
192,Вырезки и заметки из старых газет,15237,Нам пишут из Кривощёкова и не только.,580,15
192,Вырезки и заметки из старых газет,15288,Первые нейтрализаторы выхлопов на ЛиАЗах,162,4
192,Вырезки и заметки из старых газет,15298,Как голосовали в ННЦ на выборах президента в 1991,100,1
192,Вырезки и заметки из старых газет,15267,Разная подробная статистика ЗАГС Советского р-на 1986-1988,93,1
192,Вырезки и заметки из старых газет,15246,Цены на чёрном рынке. Май 1991,218,3
192,Вырезки и заметки из старых газет,15212,"Журнал ""Огонёк"" № 28 за 1958 год про Академгородок",171,2
192,Вырезки и заметки из старых газет,15193,Интересный и информативный юмористический тур по Акдему 1985,223,12
192,Вырезки и заметки из старых газет,15176,Велодорожки впервые в СССР,341,12
192,Вырезки и заметки из старых газет,15172,"""Земля в дефиците"" статья ЗНВС 1982",122,2
192,Вырезки и заметки из старых газет,15151,М.С.Горбачев в Новосибирске 1979,151,1
192,Вырезки и заметки из старых газет,15148,"""Становление"" статья про строительство Шлюза и Академа",246,6
192,Вырезки и заметки из старых газет,15147,Несанкционированный снос памятников. Большая статья ЗНВС 1977,182,3
192,Вырезки и заметки из старых газет,15146,Необычный логотип ИТПМ в ЗНВС,108,1
192,Вырезки и заметки из старых газет,15145,"Найди ошибку в газетном объявлении про клуб ""Романтик""",143,3
192,Вырезки и заметки из старых газет,15105,Автоматизированный опрос мнений 1972,125,1
192,Вырезки и заметки из старых газет,14976,Академгородок планы пустить троллейбус. 1964г,276,5
192,Вырезки и заметки из старых газет,15019,"""Внимание, СПИРТ!"" Смертельный случай при строительстве Ботсада",169,3
192,Вырезки и заметки из старых газет,14940,Академгородок криминальная хроника 1966,227,6
192,Вырезки и заметки из старых газет,14516,"""Сибирская жизнь"".",1824,56
192,Вырезки и заметки из старых газет,13205,"""Александр Покрышкин"" толкает баржи с лесом...",144,1
192,Вырезки и заметки из старых газет,13067,Дороги искитимские,189,1
192,Вырезки и заметки из старых газет,13042,Трудолюбива Маруся Кордо,171,1
192,Вырезки и заметки из старых газет,12653,О Тогучинском краеведческом музее,149,2
192,Вырезки и заметки из старых газет,12527,"Заметка в ""Вечерке"", посвященная транспорту",210,3
192,Вырезки и заметки из старых газет,11702,Не-Крестовский (Курицын Валентин Владимирович)_рОманы!,3811,295
192,Вырезки и заметки из старых газет,12494,"Почему ""Народная летопись"" просуществовала до 52 номера",163,3
192,Вырезки и заметки из старых газет,12374,"""Завтрашний день нашего города"" Советская Сибирь. № 235. 28.11.1950 год",132,1
192,Вырезки и заметки из старых газет,12331,Австралийские газеты о сибирском балете,139,1
192,Вырезки и заметки из старых газет,12215,Адреса пунктов почтовой и телефонной связи в Новосибирске в 1937 году,231,6
192,Вырезки и заметки из старых газет,11634,СИБИРСКИЕ ОТГОЛОСКИ (вырезки про Н.-Николаевск),219,4
192,Вырезки и заметки из старых газет,458,Из старых газет,4097,94
192,Вырезки и заметки из старых газет,5660,Объявления в старых газетах,1395,56
192,Вырезки и заметки из старых газет,11139,Вырезки и статьи из Вечернего Новосибирска,3172,160
192,Вырезки и заметки из старых газет,11394,На Красном проспекте,209,1
192,Вырезки и заметки из старых газет,11385,О проекте нового кинотеатра,460,14
192,Вырезки и заметки из старых газет,11383,Проспект Димитрова в планах 1960 года,276,5
192,Вырезки и заметки из старых газет,10937,Дорожник по Сибири и Азиатской России_журнал_ред.-изд. В.А.Долгоруков,160,1
192,Вырезки и заметки из старых газет,10830,Спутникъ по Сибири и Дальнему Востоку_Вып.40_1917-1918,234,5
192,Вырезки и заметки из старых газет,7433,Все в автодор !,285,1
192,Вырезки и заметки из старых газет,5636,Сов.Сибирь за 1929 год информирует,536,13
192,Вырезки и заметки из старых газет,4279,Игра в попаданца (Ко Дню города),506,18
164,Исторические документы,279,Исторические документы,9779,166
164,Исторические документы,17203,Договор купли-продажи дома в Ново-Николаевске 1915,301,9
164,Исторические документы,13478,"История одного ""раскулачивания"" в 1933 года в Черепаново",727,19
164,Исторические документы,11140,Малоизвестные страницы истории городского аэропорта,360,4
164,Исторические документы,10678,Исторические очерки по истории Н-Николаевска/Новосибирска,353,2
191,Письма,17025,Письмо 1915 г. Жерновкову Г.И.,132,1
191,Письма,17009,"Телеграмма 1943 г. на ул. Нерчинская, 23",95,2
191,Письма,16844,Письмо-треугольник 1947 г. Новосибирск-Ровно,238,8
191,Письма,16422,Письмо 1933 года,192,2
191,Письма,16416,Повестка в суд. 1938 год,232,4
191,Письма,16306,Письмо генерала Рокоссовского в Новосибирск. 1942,301,6
191,Письма,16229,Письмо 1944 г. из театра оперы и балета,287,5
191,Письма,15772,Письмо 1933 года в Заобский район,158,1
191,Письма,14841,Письма из Новосибирска,502,6
191,Письма,13137,Неопубликованные письма М.К.Покрышкиной,456,6
191,Письма,9903,"Учительский институт на Асинкритовской, 31",948,22
191,Письма,14565,Весточка от сына отцу на ул. Серебренниковскую № 1 (сейчас 9),252,2
191,Письма,14598,Письмо 1925 года в женотдел Новониколаевска,181,1
191,Письма,14589,Необычное письмо-развертка 1943-го в Новосибирск,191,1
191,Письма,14578,Весточка 1944 года зечке Кривощековского лагеря,193,4
191,Письма,14564,"Письма Заборского В.С. семье, эвакуированной в Новосибирск",154,1
191,Письма,14458,Письмо 1923 года в губземуправление,128,1
191,Письма,1430,Почтовые карточки,3028,71
191,Письма,14178,Письмо Сузунский завод - Новосибирск,120,1
191,Письма,14141,Письмо из Новосибирска апреля 1945-го,116,2
191,Письма,14120,Весточка 1944 года на улицу Серебренниковскую,168,2
191,Письма,14105,"Свидетельства подвига советского солдата, 1941-1945",126,1
191,Письма,14097,Письмо-секретка 1943 года на улицу Ленина,130,1
191,Письма,13923,"Конверт, адресованный в НЭТИ. 1957 год",139,2
191,Письма,13851,Письмо-листок 1922 года,192,4
191,Письма,2185,Письма из Ново-Николаевска,6781,141
191,Письма,13544,Письмо из Ленинграда в Новосибирск. 1945 год,231,1
191,Письма,13250,Письмо-сувенир из музея города Новосибирска,114,1
191,Письма,13244,Фронтовые письма новосибирца Виктора Третьякова (1923-1942) родным,173,2
191,Письма,13152,Письмо с вложением автографа маршала авиации А.И.Покрышкина,152,2
191,Письма,13136,Фронтовые письма новосибирца Бориса Ручьева (1922-1945) матери,136,1
191,Письма,13134,Фронтовое письмо 1943 года новосибирца Назарова П.П. сыну,99,1
191,Письма,13131,Фронтовые письма новосибирского художника С.И.Кобелева,109,1
191,Письма,13114,Почтовая карточка 1943 года на улицу Рабочую (Чаплыгина),244,10
191,Письма,12903,Конверт из Новосибирска в Верону (Италия) в сентябре 1927 года,100,1
191,Письма,12788,Письмо 193? года в Дом Советов,115,1
191,Письма,12764,"Новогодние открытки, полученные ново-николаевцами в царский период",124,1
191,Письма,12579,Почтовая карточка 1914 года,175,3
191,Письма,12730,Весточка 1942 года на улицу Московскую,136,2
191,Письма,12728,Письмо 1921 года из Ново-Николаевска в Москву,132,1
191,Письма,12725,"Письмо, не нашедшее адресата...",128,1
191,Письма,12709,Весточка 1943 года на улицу Линейную,118,1
191,Письма,12700,Почтовая карточка в Новосибирск от 24 июля 1941 года,114,3
191,Письма,12673,"Почтовая карточка 1930 года с улицы Бурлинской, 3",116,1
191,Письма,12609,Почтовая карточка из Ново-Николаевска в Томск 1916 года,118,1
191,Письма,12589,Почтовая карточка австрийского военнопленного из Ново-Николаевска,242,3
191,Письма,12587,Весточка военнопленного в Ново-Николаевск в 1917 году,99,0
191,Письма,12285,Сколько в наши дни домов на улице Салтыкова-Щедрина?,170,2
191,Письма,12283,О чём поведал адрес на конверте с аукциона,189,2
191,Письма,12255,Почтовая карточка 1930 года из Новосибирск в Томск по судебному делу,105,1
191,Письма,3078,Письмо из 43-го...,1217,36
191,Письма,9901,Письмо-треугольник 1942 года,261,3
191,Письма,10067,Фронтовая весточка 1944 года,246,4
191,Письма,10068,"Письма 1941-го на улицу Омскую, 69",126,1
191,Письма,9912,Письмо из 1949 года от юного трубача,162,3
191,Письма,9883,Письмо-треугольник 1944 года в Новосибирск,254,8
191,Письма,9869,Письмо из психушки,364,3
191,Письма,9475,Письмо в  Президиум ЦК КПСС. Март 1965 года.,159,1
178,Предметы быта из прошлой жизни,16305,Квас и газировка производства УРС СибАкадемСтрой,762,20
178,Предметы быта из прошлой жизни,17690,Стул от Новосибирскмебель. Искитимская мебельная фабрика,210,9
178,Предметы быта из прошлой жизни,17608,Наручные часы с людьми и организациями Новосибирска,202,9
178,Предметы быта из прошлой жизни,15682,"Товары завода бытовой химии (Сибиар) Лак для волос ""Прелесть"" и др.",1466,39
178,Предметы быта из прошлой жизни,15158,Жетон НГТС,511,5
178,Предметы быта из прошлой жизни,17433,Вопроs- Хлебница,227,7
178,Предметы быта из прошлой жизни,16520,Радиоколокол производства БРЗ,1557,54
178,Предметы быта из прошлой жизни,17089,Бытовая химия завода Химпродукт Новосибирск.,659,22
178,Предметы быта из прошлой жизни,16935,Вещь похожая на дореволюционный огнетушитель,255,5
178,Предметы быта из прошлой жизни,16408,Эта легендарная изолента...,754,20
178,Предметы быта из прошлой жизни,10698,Шкатулки от Новосибирского завода пластмасс,614,16
178,Предметы быта из прошлой жизни,10720,Предметы быта с символикой Новосибирска,657,9
178,Предметы быта из прошлой жизни,15614,"Дефлектор, он же колпак на дымоход",220,4
178,Предметы быта из прошлой жизни,14220,Несостоявшийся фотограф?,855,24
178,Предметы быта из прошлой жизни,14245,Определитель номера,642,14
178,Предметы быта из прошлой жизни,14042,Новосибирское звуковое письмо на пластинке,545,28
178,Предметы быта из прошлой жизни,13900,Тарелка-громкоговоритель,137,1
178,Предметы быта из прошлой жизни,9215,Сотрудники приборостроительного завода им. Ленина,390,4
178,Предметы быта из прошлой жизни,13664,"Чеканка по меди, популярная в 70-80-е",219,5
178,Предметы быта из прошлой жизни,13657,"Громкоговоритель ""Изумруд"" из 70-х",196,3
178,Предметы быта из прошлой жизни,13651,Шкатулка из 70-х,180,3
178,Предметы быта из прошлой жизни,12584,"Старинная пломба, применявшаяся на Сибирской железной дороге",242,1
178,Предметы быта из прошлой жизни,12380,"Телевизоры ""Изумруд"" и ""Юность""",266,5
178,Предметы быта из прошлой жизни,12332,"Лыжные крепления — Сбытовая контора (ул. Объединения, 2)",436,12
178,Предметы быта из прошлой жизни,1901,Быт нашего городка,3947,108
178,Предметы быта из прошлой жизни,11272,"Детский аккордеон ""Новосибирск"" кто производил?",629,10
178,Предметы быта из прошлой жизни,9217,"Пианино ""Сибирь""",2410,29
178,Предметы быта из прошлой жизни,10761,"Родное, ""фирменное""...",199,0
178,Предметы быта из прошлой жизни,9339,"Абонентский громкоговоритель ""Обь"" производства завода НВА.",917,13
178,Предметы быта из прошлой жизни,9326,Дачный вопрос...,563,13
178,Предметы быта из прошлой жизни,9214,"Телевизор ""Изумруд""",2428,56
178,Предметы быта из прошлой жизни,9220,"Радиола ""Рекорд 53"" Бердского радиозавода",547,11
178,Предметы быта из прошлой жизни,9204,"Магнитофон ""Комета""",1476,28
178,Предметы быта из прошлой жизни,9211,Патефон неизвестной марки,559,12
178,Предметы быта из прошлой жизни,7979,для чего этот самодельный инструмент,1189,43
178,Предметы быта из прошлой жизни,7972,"Утюжок ""Стрелка""",269,7
178,Предметы быта из прошлой жизни,7833,Лучковая дрель (музей Железнодорожного района),1029,27
178,Предметы быта из прошлой жизни,7788,"Фонарик ""Новосибирск""",761,25
178,Предметы быта из прошлой жизни,7797,Венские стулья братьев Тонет,1806,21
178,Предметы быта из прошлой жизни,7802,Клеймо Бугульминского фарфорового завода,1999,8
178,Предметы быта из прошлой жизни,7792,Клеймо Богдановического фарфорового завода,293,3
178,Предметы быта из прошлой жизни,6748,"Чекушка с клеймом завода ""Красный Октябрь""",557,17
178,Предметы быта из прошлой жизни,7073,"Банка мёда производства ""Сибсельскосоюз"" Ново-Николаевск",492,26
178,Предметы быта из прошлой жизни,6957,"Зеркало в гостинице МВД (ул.Серебренниковская, 23)",543,21
178,Предметы быта из прошлой жизни,6830,Почтовые ящики,172,1
178,Предметы быта из прошлой жизни,6578,Гаджеты из прошлой жизни,926,45
178,Предметы быта из прошлой жизни,6611,Электрокамин с баром (ЭлСиб),450,14
178,Предметы быта из прошлой жизни,6532,Табурет от Сибтекстильмаша,342,12
178,Предметы быта из прошлой жизни,6497,Модернизированная мясорубка MOBIUS,355,5
178,Предметы быта из прошлой жизни,6453,Карбидный велофонарь,582,22
178,Предметы быта из прошлой жизни,6344,Керогаз,592,33
178,Предметы быта из прошлой жизни,5966,Чапельник инженера Будагова,682,31
178,Предметы быта из прошлой жизни,6011,Угольный утюг с трубой,3113,27
178,Предметы быта из прошлой жизни,6091,Часы к 60-летию Центрального района,412,22
178,Предметы быта из прошлой жизни,3779,Прощание с эпохой (сжигание паспортов СССР),326,2
178,Предметы быта из прошлой жизни,3023,ЭВМ ЕС-1033,772,9
178,Предметы быта из прошлой жизни,2155,Просто пуговица?,1638,61
178,Предметы быта из прошлой жизни,1353,Головной убор,374,11
108,Трамваи Новосибирска - прошлое и настоящее,17875,Юбилей трамвайной линии на Волочаевской,124,3
108,Трамваи Новосибирска - прошлое и настоящее,11684,Памятник трамваю в сквере за театром оперы и балета,1147,31
108,Трамваи Новосибирска - прошлое и настоящее,17712,10 трамвай на ул. Связистов,238,7
108,Трамваи Новосибирска - прошлое и настоящее,17714,Трамвай (будущий 2120) на ул. Оловозаводская,190,5
108,Трамваи Новосибирска - прошлое и настоящее,8119,Замена трамвайных путей на Трикотажной,420,9
108,Трамваи Новосибирска - прошлое и настоящее,8161,Первый трамвай,997,12
108,Трамваи Новосибирска - прошлое и настоящее,8902,Трамвайная остановка Оперный Театр (Центр),578,6
108,Трамваи Новосибирска - прошлое и настоящее,17594,Правила пользования трамваем,94,1
108,Трамваи Новосибирска - прошлое и настоящее,2640,Трамвай 13-го маршрута,2186,47
108,Трамваи Новосибирска - прошлое и настоящее,4029,Старый трамвай,971,14
108,Трамваи Новосибирска - прошлое и настоящее,3335,Трамваи на ул. Богдана Хмельницкого,1639,35
108,Трамваи Новосибирска - прошлое и настоящее,3319,Здесь ходил трамвай: ул. Мостовая,543,16
108,Трамваи Новосибирска - прошлое и настоящее,3308,Трамвайные пути на ул. Кошурникова (ул. Фрунзе - пр-т Дзержинского),1085,10
108,Трамваи Новосибирска - прошлое и настоящее,3267,Здесь ходил трамвай: ул. Челюскинцев,4358,83
108,Трамваи Новосибирска - прошлое и настоящее,17106,Прошу подсказки,194,4
108,Трамваи Новосибирска - прошлое и настоящее,3343,Мост через р. Тула (ул. Сибиряков-Гвардейцев),2159,21
108,Трамваи Новосибирска - прошлое и настоящее,5400,"Трамвай на улице Д.Ковальчук (от пл. Калинина до ""Сухого Лога"")",1679,37
108,Трамваи Новосибирска - прошлое и настоящее,3251,Здесь ходил трамвай: ул. Большевистская,6016,97
108,Трамваи Новосибирска - прошлое и настоящее,3259,Здесь ходил трамвай: ул. Станиславского,2423,120
108,Трамваи Новосибирска - прошлое и настоящее,13908,Новосибирские трамваи из иностранного журнала,4436,101
108,Трамваи Новосибирска - прошлое и настоящее,14103,Надписи на бортах новосибирских трамваев,1282,41
108,Трамваи Новосибирска - прошлое и настоящее,16573,Объявление,408,9
108,Трамваи Новосибирска - прошлое и настоящее,3298,"Заметки и статьи из газет, касающиеся новосибирского трамвая",2255,46
108,Трамваи Новосибирска - прошлое и настоящее,16360,"""Немой"" трамвайный билет канул в лету",264,3
108,Трамваи Новосибирска - прошлое и настоящее,2209,Новосибирский трамвай: РВЗ-6 - конец пути,2412,32
108,Трамваи Новосибирска - прошлое и настоящее,16261,Трамвай на Трикотажной,289,4
108,Трамваи Новосибирска - прошлое и настоящее,3340,Трамвай на ул. Блюхера,857,17
108,Трамваи Новосибирска - прошлое и настоящее,3269,Трамвай на Титова и Станиславского (вид с площади),4287,83
108,Трамваи Новосибирска - прошлое и настоящее,3253,Здесь ходил трамвай: Красный пр-т от путепровода в сторону пл.Калинина,5492,121
108,Трамваи Новосибирска - прошлое и настоящее,15775,"Трамвайно-троллейбусное управление на Мичурина, 67",247,1
108,Трамваи Новосибирска - прошлое и настоящее,1576,"Преобразовательная тяговая подстанция № 2 (Маковского, 4)",1257,17
108,Трамваи Новосибирска - прошлое и настоящее,15655,Трамвай № 13 на ост.Автовокзал.,1315,50
108,Трамваи Новосибирска - прошлое и настоящее,3254,Здесь ходил трамвай: ул. Гоголя,7351,160
108,Трамваи Новосибирска - прошлое и настоящее,15393,Здесь не ходил трамвай,317,1
108,Трамваи Новосибирска - прошлое и настоящее,3268,"Здесь ходил трамвай: ул. Кошурникова (район ""Золотой Нивы"")",4858,60
108,Трамваи Новосибирска - прошлое и настоящее,15360,Замена и ремонт путевого хозяйства на улице Мира в 2024 году,780,16
108,Трамваи Новосибирска - прошлое и настоящее,15007,4178.,300,3
108,Трамваи Новосибирска - прошлое и настоящее,6457,Трамвай на перекрёстке Доватора и ГБШ,1077,27
108,Трамваи Новосибирска - прошлое и настоящее,5257,Трамваи на  проспекте  Дзержинского  (в  районе  магазина  Мелодия),1527,27
108,Трамваи Новосибирска - прошлое и настоящее,3359,Трамвай на ул. Серебренниковская,2462,71
108,Трамваи Новосибирска - прошлое и настоящее,3250,Трамваи на проспекте Дзержинского,1277,32
108,Трамваи Новосибирска - прошлое и настоящее,3176,Первая трамвайная линия на площади Сталина. 1930-е,4530,89
108,Трамваи Новосибирска - прошлое и настоящее,14582,Трамвай 18 маршрута на ул. Ватутина,325,4
108,Трамваи Новосибирска - прошлое и настоящее,3306,Здесь ходил трамвай: ул. Оборонная,1116,26
108,Трамваи Новосибирска - прошлое и настоящее,14354,Трамвай на улице Блюхера.,676,16
108,Трамваи Новосибирска - прошлое и настоящее,3270,Трамвай на Красном проспекте (перекрёсток с ул. Кропоткина),2592,45
108,Трамваи Новосибирска - прошлое и настоящее,14305,Познавательное чтиво,187,1
108,Трамваи Новосибирска - прошлое и настоящее,10181,"Диспетчерская трамваев на ""Золотой горке""",515,7
108,Трамваи Новосибирска - прошлое и настоящее,14100,Левобережное (Кировское) трамвайное депо,363,5
108,Трамваи Новосибирска - прошлое и настоящее,3921,Трамвайная линия по ул. Учительская,1830,39
108,Трамваи Новосибирска - прошлое и настоящее,1328,"Проспект Дзержинского, 79. Трамвайное кольцо",3760,47
108,Трамваи Новосибирска - прошлое и настоящее,8266,Трамвай на кольце у Сада Дзержинского.,1092,25
108,Трамваи Новосибирска - прошлое и настоящее,14152,Трамвай на улице Широкой,404,9
108,Трамваи Новосибирска - прошлое и настоящее,3670,временный трамвайный парк,1332,39
108,Трамваи Новосибирска - прошлое и настоящее,8660,"Октябрьское трамвайное депо, 70-ые",966,27
108,Трамваи Новосибирска - прошлое и настоящее,3249,Трамвай на ул. Трамвайной (ул. Титова),1556,26
108,Трамваи Новосибирска - прошлое и настоящее,14007,Реконструкция трамвайных путей от пл. Калинина до Сухого лога,316,5
108,Трамваи Новосибирска - прошлое и настоящее,3266,Трамвайное кольцо (Депутатская - Щетинкина - Серебренниковская),1292,31
108,Трамваи Новосибирска - прошлое и настоящее,3280,Трамвай на углу ул. Орджоникидзе и ул. Мичурина,658,17
108,Трамваи Новосибирска - прошлое и настоящее,6721,Начало трамвайного движения по ул. Мира 1951-1952 гг.,2292,64
108,Трамваи Новосибирска - прошлое и настоящее,11294,Трамвай на Сибиряков-Гвардейцев.,473,7
108,Трамваи Новосибирска - прошлое и настоящее,3358,"Чешские трамвайные вагоны ""Tatra K2SU"" в Новосибирске",1681,23
108,Трамваи Новосибирска - прошлое и настоящее,12918,Первые трамвайные поезда Кировского депо,242,1
108,Трамваи Новосибирска - прошлое и настоящее,3260,Трамвай 5-го маршрута на Красном пр-те около пл.Калинина,536,12
108,Трамваи Новосибирска - прошлое и настоящее,12761,Трамвай № 7 у Оперного театра,399,7
108,Трамваи Новосибирска - прошлое и настоящее,6947,"""Старые"" трамвайные пути на площади Сибиряков-Гвардейцев",1727,35
108,Трамваи Новосибирска - прошлое и настоящее,11862,"Где едет трамвай - ул. Петухова,  Затулинка",519,13
108,Трамваи Новосибирска - прошлое и настоящее,11864,Трамвай четверка  у Сибиряков-Гвардейцев 22.,288,5
108,Трамваи Новосибирска - прошлое и настоящее,3282,Трамвай на ул. Зыряновская,577,27
108,Трамваи Новосибирска - прошлое и настоящее,3273,История маршрутов левобережного трамвая,2108,57
108,Трамваи Новосибирска - прошлое и настоящее,11850,Трамвай на ул. Оловозаводская 14 и 18.,279,3
108,Трамваи Новосибирска - прошлое и настоящее,11811,Золотая Горка,353,4
108,Трамваи Новосибирска - прошлое и настоящее,11795,"Прокладка трамвайного полотна до ""Золотой горки""",338,8
108,Трамваи Новосибирска - прошлое и настоящее,11641,Трамвайный гейт на правом берегу?,653,11
108,Трамваи Новосибирска - прошлое и настоящее,8133,Трамвай на улице Сиб.Гвардейцев (6-я пятилетка),1110,31
108,Трамваи Новосибирска - прошлое и настоящее,11387,Трамвай № 5 движется в сторону пл. Калинина (1962 год),388,6
108,Трамваи Новосибирска - прошлое и настоящее,11315,Трамвайное кольцо на углу Б.Хмельницкого-Учительская,619,14
108,Трамваи Новосибирска - прошлое и настоящее,10531,Трамвай № 33,639,6
108,Трамваи Новосибирска - прошлое и настоящее,3332,"Трамвайная диспетчерская на кольце ""Сад мичуринцев""",413,2
108,Трамваи Новосибирска - прошлое и настоящее,4523,Редкий трамвай на ост. Пл. Сибиряков-Гвардейцев.,813,8
108,Трамваи Новосибирска - прошлое и настоящее,8102,"Трамвай на ул.Планетная , перед выездом на пр. Дзержинского",406,7
108,Трамваи Новосибирска - прошлое и настоящее,3296,Схемы трамвайных линий,2175,35
108,Трамваи Новосибирска - прошлое и настоящее,4654,Трамвай на ул. Мира,707,22
108,Трамваи Новосибирска - прошлое и настоящее,10219,Диспетчерская на трамвайном кольце Писарево. Фрагмент.,341,5
108,Трамваи Новосибирска - прошлое и настоящее,9953,Трамвай 15-го маршрута едет по ул. 9-й Гвардейской дивизии,248,4
108,Трамваи Новосибирска - прошлое и настоящее,7910,Трамвай на ул. Мичурина,1318,33
108,Трамваи Новосибирска - прошлое и настоящее,9298,Городской транспорт от Thomas Fischer (1996 год),801,29
108,Трамваи Новосибирска - прошлое и настоящее,3263,Путепровод на ул. Ленской,3047,55
108,Трамваи Новосибирска - прошлое и настоящее,6431,Трамвай из окна вытрезвителя на Серебренниковской,1002,21
108,Трамваи Новосибирска - прошлое и настоящее,7689,Трамвай № 7 на ул. Серебренниковской,1407,19
108,Трамваи Новосибирска - прошлое и настоящее,3256,Трамвай 5-го маршрута на ул. Богдана Хмельницкого (ост.Сухой Лог),1017,12
108,Трамваи Новосибирска - прошлое и настоящее,5419,Прозвища новосибирских трамваев,1296,33
108,Трамваи Новосибирска - прошлое и настоящее,3349,Трамвай на перекрёстке улиц Гурьевская и Зыряновская,485,11
108,Трамваи Новосибирска - прошлое и настоящее,8837,Трамвай на Ватутина,489,9
108,Трамваи Новосибирска - прошлое и настоящее,3275,Трамвай у путепровода на Красном проспекте (на повороте с Писарева),1142,22
108,Трамваи Новосибирска - прошлое и настоящее,3278,"Трамваи на площади Калинина (со стороны Красного проспекта, юг)",424,8
108,Трамваи Новосибирска - прошлое и настоящее,6000,Трамвай МС-1 на ул. Гоголя д. 24,681,18
108,Трамваи Новосибирска - прошлое и настоящее,4658,Трамвай на улице Новая (теперь Покрышкина),805,20
108,Трамваи Новосибирска - прошлое и настоящее,8600,Трамвай № 10 на улице Мира.,618,8
108,Трамваи Новосибирска - прошлое и настоящее,8441,ул. Гурьевская. Укладка трамвайных путей.,507,4
108,Трамваи Новосибирска - прошлое и настоящее,8394,Трамвай на пересечение Блюхера и Геодезической,307,5
108,Трамваи Новосибирска - прошлое и настоящее,3327,"Дзержинское трамвайное депо на ул. Планетная, 55",1082,16
108,Трамваи Новосибирска - прошлое и настоящее,3322,Здесь ходил трамвай: ул. Д.Ковальчук от ул. Плановой до пл. Калинина,688,9
108,Трамваи Новосибирска - прошлое и настоящее,3290,Трамвай на повороте с ул. Мичурина на ул. Орджоникидзе,733,22
108,Трамваи Новосибирска - прошлое и настоящее,8075,трамвайчик 5ка на Дуси Ковальчук,265,3
108,Трамваи Новосибирска - прошлое и настоящее,3148,Изгиб трамвайной линии на ул. Мичурина,696,27
108,Трамваи Новосибирска - прошлое и настоящее,3534,Поворот с ул. Зыряновской на Октябрьский мост,1333,21
108,Трамваи Новосибирска - прошлое и настоящее,7930,"План правобережного трамвайного депо (Кошурникова, 1)",292,3
108,Трамваи Новосибирска - прошлое и настоящее,3301,Реконструкция улицы Титова в 1976 году,427,2
108,Трамваи Новосибирска - прошлое и настоящее,3342,Вопрос - трамвай в Кировском районе,485,28
108,Трамваи Новосибирска - прошлое и настоящее,3344,"Вопрос - трамвай левобережья, 1946 год",1261,33
108,Трамваи Новосибирска - прошлое и настоящее,7420,Замена трамвайных путей на Троллейной (1991 год),325,11
108,Трамваи Новосибирска - прошлое и настоящее,5173,Старые трамваи в Правобережном трамвайном депо,719,19
108,Трамваи Новосибирска - прошлое и настоящее,4783,"Волочаевская, сход трамвая 14 маршрута",434,5
108,Трамваи Новосибирска - прошлое и настоящее,6530,Новый поворот,672,17
108,Трамваи Новосибирска - прошлое и настоящее,6385,Трамвай на Троллейной,173,1
108,Трамваи Новосибирска - прошлое и настоящее,5988,Комсомольско-молодёжный поезд (1957 г.),869,22
108,Трамваи Новосибирска - прошлое и настоящее,6217,Трамваи от Colin Churcher (февраль 1974).,539,10
108,Трамваи Новосибирска - прошлое и настоящее,6075,Строительство трамвайной линии по Красному проспекту. 1937 год.,1493,33
108,Трамваи Новосибирска - прошлое и настоящее,3336,Пересечения трамвайных путей прямым крестом,813,21
108,Трамваи Новосибирска - прошлое и настоящее,6002,Трамвай КВ-1 на ул. Трикотажной,576,9
108,Трамваи Новосибирска - прошлое и настоящее,3252,Трамвайное кольцо на площади Маркса,961,27
108,Трамваи Новосибирска - прошлое и настоящее,3264,Трамвайное кольцо на привокзальной площади,1420,34
108,Трамваи Новосибирска - прошлое и настоящее,5986,Трамвайное кольцо Чистая слобода,402,6
108,Трамваи Новосибирска - прошлое и настоящее,5888,"Поездка на работу с пл. Ефремова на «Турбинку», 1957 год",327,3
108,Трамваи Новосибирска - прошлое и настоящее,3326,Здесь ходил трамвай: ул. Кошурникова в районе р. Каменка,803,12
108,Трамваи Новосибирска - прошлое и настоящее,5194,Туалет в Правобережном трамвайном депо.,464,7
108,Трамваи Новосибирска - прошлое и настоящее,3255,Здесь ходил трамвай: Октябрьский (Коммунальный) мост,1391,15
108,Трамваи Новосибирска - прошлое и настоящее,4253,"Где? Ну и история маршрутов, по ним проходящих )",435,2
108,Трамваи Новосибирска - прошлое и настоящее,3334,Здесь ходил трамвай: ул. Д.Ковальчук от ДК Кирова до ул. Плановой,1175,16
108,Трамваи Новосибирска - прошлое и настоящее,3959,Где 22-й ?,650,13
108,Трамваи Новосибирска - прошлое и настоящее,3918,Трамвай на ул. Волочаевской в районе СТО (1972 год),681,14
108,Трамваи Новосибирска - прошлое и настоящее,3330,Кольцо за Молкомбинатом,660,7
108,Трамваи Новосибирска - прошлое и настоящее,3530,ул. Депутатская у Оперного театра,1126,23
108,Трамваи Новосибирска - прошлое и настоящее,3901,"Преобразовательная тяговая подстанция № 3 (Станиславского, 2а)",588,13
108,Трамваи Новосибирска - прошлое и настоящее,3329,Здесь ходил трамвай: перекрёсток ул. Гоголя и ул. Мичурина,710,16
108,Трамваи Новосибирска - прошлое и настоящее,3360,"Трамвайное кольцо на ""Берёзовой роще""",878,7
108,Трамваи Новосибирска - прошлое и настоящее,3799,Строительство первых трамвайных путей,364,4
108,Трамваи Новосибирска - прошлое и настоящее,3346,Бывшее трамвайное кольцо на ул. Титова,577,23
108,Трамваи Новосибирска - прошлое и настоящее,3265,Рельсы на ул. Ватутина (мост через р.Тулу),1481,10
108,Трамваи Новосибирска - прошлое и настоящее,3355,"Трамвай на проспекте Дзержинского (в районе ост. ""Поселковая"")",651,10
108,Трамваи Новосибирска - прошлое и настоящее,3558,"Преобразовательная тяговая подстанция № 1 (Кольцова, 44)",1129,23
108,Трамваи Новосибирска - прошлое и настоящее,3366,Развитие трамвая - есть ли перспективы?,528,22
108,Трамваи Новосибирска - прошлое и настоящее,3367,Замена трамвайных путей на ул. Мичурина,245,5
108,Трамваи Новосибирска - прошлое и настоящее,3323,Остатки от трамвайных путей на ул. Покрышкина (ул. Новая),590,15
108,Трамваи Новосибирска - прошлое и настоящее,3305,Фото трамвайных депо и конечных трамваев,461,6
108,Трамваи Новосибирска - прошлое и настоящее,3297,Трамвай на Золотой Горке,357,2
108,Трамваи Новосибирска - прошлое и настоящее,3281,Трамвай на дамбе и на Октябрьском мосту,337,7
108,Трамваи Новосибирска - прошлое и настоящее,3299,Вопрос - опоры,424,9
108,Трамваи Новосибирска - прошлое и настоящее,3369,Снегоочистительная тележка прицепная 40-е годы,167,1
108,Трамваи Новосибирска - прошлое и настоящее,3320,Здесь ходил трамвай: поворот с ул. Горской на Октябрьский мост,422,5
108,Трамваи Новосибирска - прошлое и настоящее,3097,Вопрос с прицепным трамваем КТП-1,1245,33
108,Трамваи Новосибирска - прошлое и настоящее,3324,Левый поворот с ул. Вертковской на ул. Сибиряков-Гвардейцев,279,2
108,Трамваи Новосибирска - прошлое и настоящее,3325,"Кольцо остановочного пункта ""Поселок Чемской""",501,15
108,Трамваи Новосибирска - прошлое и настоящее,3331,Бывшая трамвайно-троллейбусная диспетчерская на ост. ДК Кирова,251,2
108,Трамваи Новосибирска - прошлое и настоящее,3333,Вопрос - сход трамвайного вагона с рельсов,250,7
108,Трамваи Новосибирска - прошлое и настоящее,3337,Здесь ходил трамвай: ул. Писарева,259,2
108,Трамваи Новосибирска - прошлое и настоящее,3339,Трамвай на ул. Станиславского (у монумента Славы),313,6
108,Трамваи Новосибирска - прошлое и настоящее,3341,Трамвай на ул. Широкая,228,2
108,Трамваи Новосибирска - прошлое и настоящее,3345,"Подъездные пути к станции ""Новосибирск-Западный""",585,12
108,Трамваи Новосибирска - прошлое и настоящее,3347,Здесь ходил трамвай: ул. Депутатская,216,2
108,Трамваи Новосибирска - прошлое и настоящее,3307,Трамвай в районе перехода ул. Большевистской в Красный проспект,247,6
108,Трамваи Новосибирска - прошлое и настоящее,3356,Трамвай на ул. Зыряновская (участок от Сакко и Ванцетти до Восхода),466,15
108,Трамваи Новосибирска - прошлое и настоящее,3361,Трамвай на ул. Титова,204,3
108,Трамваи Новосибирска - прошлое и настоящее,3283,Трамвай на ул. Жданова (Авиастроителей),614,11
108,Трамваи Новосибирска - прошлое и настоящее,3357,Организация движение трамваев по кольцу,261,4
108,Трамваи Новосибирска - прошлое и настоящее,3303,Трамвай на ул. Гоголя (у входа на ипподром),482,15
108,Трамваи Новосибирска - прошлое и настоящее,3304,Проспект Дзержинского в районе дома № 19,198,1
108,Трамваи Новосибирска - прошлое и настоящее,3274,История маршрутов правобережного трамвая,597,12
108,Трамваи Новосибирска - прошлое и настоящее,3302,"Трамваи на площади Калинина (со стороны Красного проспекта, север)",224,0
108,Трамваи Новосибирска - прошлое и настоящее,3300,Доска почёта Дзержинского трамвайного депо,204,0
108,Трамваи Новосибирска - прошлое и настоящее,1639,"Трамваи новые, дороги старые",975,17
108,Трамваи Новосибирска - прошлое и настоящее,3272,"Трамвай-памятник на Алейской, 6",344,6
108,Трамваи Новосибирска - прошлое и настоящее,3262,"Трамваи на площади Калинина (со стороны Дуси Ковальчук, восток)",205,1
106,Автобусы Новосибирска - прошлое и настоящее,2680,автобус ЛАЗ,1316,27
106,Автобусы Новосибирска - прошлое и настоящее,17685,Блинная Автобус СССР. Вдоль дороги Академгородок-Ключи у СНТ Нива,157,7
106,Автобусы Новосибирска - прошлое и настоящее,17682,Первые автобусы в Новосибирске. Какая модель Lancia?,125,5
106,Автобусы Новосибирска - прошлое и настоящее,1622,Автовокзал,6334,145
106,Автобусы Новосибирска - прошлое и настоящее,1418,Автобусы ЛиАЗ-677,13438,237
106,Автобусы Новосибирска - прошлое и настоящее,2669,"Автобусы Икарус-180, 280 и другие",9783,193
106,Автобусы Новосибирска - прошлое и настоящее,8696,Автобусы на Лесоперевалке,713,15
106,Автобусы Новосибирска - прошлое и настоящее,13253,Угадаем маршруты автобусов и конечные остановки,2115,59
106,Автобусы Новосибирска - прошлое и настоящее,8467,Маршрут автобуса № 8 в Новосибирске,6618,126
106,Автобусы Новосибирска - прошлое и настоящее,5749,Автобус Икарус-180 в Академгородке 1966 года,4436,99
106,Автобусы Новосибирска - прошлое и настоящее,10868,Маршрут автобуса № 22,2233,51
106,Автобусы Новосибирска - прошлое и настоящее,16434,Привет из солнечного Таджикистана!,700,26
106,Автобусы Новосибирска - прошлое и настоящее,16620,Автобус с юбилейной датой,229,4
106,Автобусы Новосибирска - прошлое и настоящее,9998,Автобус ЗИС-16,699,11
106,Автобусы Новосибирска - прошлое и настоящее,9822,Автобус № 3 на ул. Кропоткина,984,20
106,Автобусы Новосибирска - прошлое и настоящее,4321,Здесь ходил автобус,3425,86
106,Автобусы Новосибирска - прошлое и настоящее,8156,ВопроS - остановка,2618,63
106,Автобусы Новосибирска - прошлое и настоящее,7837,Эксклюзивная остановка,595,12
106,Автобусы Новосибирска - прошлое и настоящее,14923,"Автобус ЛАЗ-695 ""Экспресс""",417,9
106,Автобусы Новосибирска - прошлое и настоящее,8038,Центральная автобусная станция.,735,12
106,Автобусы Новосибирска - прошлое и настоящее,2058,11 автобус около ПАТП-1,1732,37
106,Автобусы Новосибирска - прошлое и настоящее,14021,Автобус 72 на ул. Васильковой,380,12
106,Автобусы Новосибирска - прошлое и настоящее,1393,111 автобус  идет к агентству Аэрофлота,6787,116
106,Автобусы Новосибирска - прошлое и настоящее,13763,По своему ли 13-му маршруту едет автобус?,413,14
106,Автобусы Новосибирска - прошлое и настоящее,609,Первые автобусные маршруты.,10968,71
106,Автобусы Новосибирска - прошлое и настоящее,12823,"Детский кинотеатр ""Теремок"" на колёсах, приписанный к к/т ""Металлист""",303,8
106,Автобусы Новосибирска - прошлое и настоящее,12166,Тоже автобус,257,3
106,Автобусы Новосибирска - прошлое и настоящее,12181,Автобус ЗИЛ-158 на Красном проспекте,294,8
106,Автобусы Новосибирска - прошлое и настоящее,11600,Маршрут автобуса № 7,627,15
106,Автобусы Новосибирска - прошлое и настоящее,8735,Автобусы около Оперного театра. Какой год?,274,10
106,Автобусы Новосибирска - прошлое и настоящее,11363,График маршрутов автобусов 1965-66 год,479,1
106,Автобусы Новосибирска - прошлое и настоящее,10221,Автобус Škoda 706 RTO-LUX в Толмачёво,410,2
106,Автобусы Новосибирска - прошлое и настоящее,9976,Дизель-электробус ЗиС-154,482,5
106,Автобусы Новосибирска - прошлое и настоящее,9918,"Вырезка из ""Вечерки"" 9 янв 1991",209,2
106,Автобусы Новосибирска - прошлое и настоящее,7631,где стоят автобусы?,796,17
106,Автобусы Новосибирска - прошлое и настоящее,9728,ЗИЛ-158 в Академгородке,764,22
106,Автобусы Новосибирска - прошлое и настоящее,5215,История автобусных междугородних маршрутов,971,14
106,Автобусы Новосибирска - прошлое и настоящее,8401,1141 где?,459,6
106,Автобусы Новосибирска - прошлое и настоящее,2045,Автобус на Привокзальной площади.,1425,15
106,Автобусы Новосибирска - прошлое и настоящее,7234,Универсальный Шестьдесятдевятый,579,14
106,Автобусы Новосибирска - прошлое и настоящее,7233,Автобус 54 в Академгородок,466,4
106,Автобусы Новосибирска - прошлое и настоящее,6179,"ПО Новосибавторемонт (Станционная,1)",548,6
106,Автобусы Новосибирска - прошлое и настоящее,6181,Экспресс Ак.городок - Вокзал,387,2
106,Автобусы Новосибирска - прошлое и настоящее,5123,"Автобусы ""Альтерна""",1183,26
106,Автобусы Новосибирска - прошлое и настоящее,4549,"Остановка ""Вокзал Новосибирск-Главный""",1092,33
106,Автобусы Новосибирска - прошлое и настоящее,6163,Лаз-696,576,15
106,Автобусы Новосибирска - прошлое и настоящее,6012,"Автобусы ""Таллинского типа""",542,8
106,Автобусы Новосибирска - прошлое и настоящее,5867,Странный bus в необычном месте,488,11
106,Автобусы Новосибирска - прошлое и настоящее,5142,"ПАТП - 4 (Приграничная, 2)",750,12
106,Автобусы Новосибирска - прошлое и настоящее,4659,Автобус на ул. Сибиряков-Гвардейцев 1973 г.,593,9
106,Автобусы Новосибирска - прошлое и настоящее,4637,автобус с внешним электроподогревом,395,5
107,Троллейбусы Новосибирска - прошлое и настоящее,4245,Здесь тоже ходил троллейбус,1460,17
107,Троллейбусы Новосибирска - прошлое и настоящее,15511,Троллейбусы.,1469,31
107,Троллейбусы Новосибирска - прошлое и настоящее,17536,"Троллейбус с красивым номером ""1234""",205,2
107,Троллейбусы Новосибирска - прошлое и настоящее,17515,Демонтаж,334,11
107,Троллейбусы Новосибирска - прошлое и настоящее,3434,Троллейбус на площади Ленина,3010,79
107,Троллейбусы Новосибирска - прошлое и настоящее,4657,Строительство новой троллейбусной линии. Вопрос где снято?,929,12
107,Троллейбусы Новосибирска - прошлое и настоящее,3438,История маршрутов новосибирского троллейбуса,8701,136
107,Троллейбусы Новосибирска - прошлое и настоящее,3503,Троллейбус на левом повороте с Октябрьского моста на ул.Большевистская,1027,21
107,Троллейбусы Новосибирска - прошлое и настоящее,3439,"Заметки и статьи из газет, касающиеся новосибирского троллейбуса",705,12
107,Троллейбусы Новосибирска - прошлое и настоящее,3449,Троллейбусное кольцо на ул. Орджоникидзе,1074,16
107,Троллейбусы Новосибирска - прошлое и настоящее,15904,Троллейбус-грузовик,526,11
107,Троллейбусы Новосибирска - прошлое и настоящее,15559,"""Десятка"" идёт с прижатыми ""рогами""",1081,38
107,Троллейбусы Новосибирска - прошлое и настоящее,3489,Троллейбус у путепровода Алтайской ж.д (самый первый),1211,34
107,Троллейбусы Новосибирска - прошлое и настоящее,14663,"Троллейбус отошел от остановки ""Партшкола""",567,7
107,Троллейбусы Новосибирска - прошлое и настоящее,14358,Троллейбус на перекрестке Богаткова и Кошурникова,743,8
107,Троллейбусы Новосибирска - прошлое и настоящее,14447,Троллейбус у перекрестка ул. М.Горького-Красный проспект,971,19
107,Троллейбусы Новосибирска - прошлое и настоящее,14368,В порядке обсуждения снимка с троллейбусом,996,28
107,Троллейбусы Новосибирска - прошлое и настоящее,14337,Монтаж троллейной линии на ул Кирова,226,5
107,Троллейбусы Новосибирска - прошлое и настоящее,3505,Первый троллейбус на ул. 2-я Станционная,678,13
107,Троллейбусы Новосибирска - прошлое и настоящее,3600,Троллейбус у ост. Совнархоз,411,7
107,Троллейбусы Новосибирска - прошлое и настоящее,3430,Троллейбус на проспекте Карла Маркса,1212,34
107,Троллейбусы Новосибирска - прошлое и настоящее,3433,Троллейбус на на ул. Сибревкома,696,12
107,Троллейбусы Новосибирска - прошлое и настоящее,3492,Троллейбус на площади Свердлова,361,10
107,Троллейбусы Новосибирска - прошлое и настоящее,13213,КС-сьезд на перекрестке Гоголя-Красный,425,6
107,Троллейбусы Новосибирска - прошлое и настоящее,12448,"Причина черепашьего хода троллейбусов от ""Пляжа"" до ""Горской""",376,4
107,Троллейбусы Новосибирска - прошлое и настоящее,11729,"Троллейбус № 13 на ост. ""магазин Весна"", перекресток Советской и Гоголя",545,14
107,Троллейбусы Новосибирска - прошлое и настоящее,11426,"Троллейбусы  возле столовой № 37 на ул. Трамвайной, 13 (Титова) 1960г.",391,16
107,Троллейбусы Новосибирска - прошлое и настоящее,11384,Первые троллейбусы ЗИУ-5 в Новосибирске.,966,36
107,Троллейбусы Новосибирска - прошлое и настоящее,11154,Троллейбус на Мочищенском шоссе,505,16
107,Троллейбусы Новосибирска - прошлое и настоящее,3500,Троллейбус на ул. Космическая (между улицами Блюхера и пр. Маркса),449,13
107,Троллейбусы Новосибирска - прошлое и настоящее,10891,Троллейбусный маршрут № 13,775,13
107,Троллейбусы Новосибирска - прошлое и настоящее,10759,Учебный троллейбус на нынешней площади Лыщинского,301,5
107,Троллейбусы Новосибирска - прошлое и настоящее,10726,Троллейбус № 23 на фото здания пр. Дзержинского 42.,756,14
107,Троллейбусы Новосибирска - прошлое и настоящее,10489,Троллейбус с принтом Су-34,252,5
107,Троллейбусы Новосибирска - прошлое и настоящее,10227,Троллейбус  у перекрестка ул. Державина-Красный проспект,383,8
107,Троллейбусы Новосибирска - прошлое и настоящее,3428,Троллейбус на ул. Ленина,796,14
107,Троллейбусы Новосибирска - прошлое и настоящее,8142,"Троллейбус на Красном проспекте, напротив дома № 33",482,7
107,Троллейбусы Новосибирска - прошлое и настоящее,3504,Троллейбусный маршрут № 33,1225,30
107,Троллейбусы Новосибирска - прошлое и настоящее,4454,Опоры освещения возле дома Владимировская 2/1.,873,18
107,Троллейбусы Новосибирска - прошлое и настоящее,3422,Троллейбус № 1 на левом берегу.,1689,40
107,Троллейбусы Новосибирска - прошлое и настоящее,3497,Перекрёсток улиц Большевистской и Выборной,0,0
107,Троллейбусы Новосибирска - прошлое и настоящее,3425,Троллейбус на ул. Фабричной,445,6
107,Троллейбусы Новосибирска - прошлое и настоящее,3595,Троллейбус на ул. Максима Горького (временная линия),495,11
107,Троллейбусы Новосибирска - прошлое и настоящее,5445,Мечта 1936 года...,434,3
107,Троллейбусы Новосибирска - прошлое и настоящее,5375,Троллейбус на пл. Сибиряков-Гвардейцев,1425,44
107,Троллейбусы Новосибирска - прошлое и настоящее,4485,Троллейбус в центре,861,17
107,Троллейбусы Новосибирска - прошлое и настоящее,3512,Троллейбус на ул. Крылова (временная линия),509,6
107,Троллейбусы Новосибирска - прошлое и настоящее,3599,Троллейбус на ул. Большевистская,654,21
107,Троллейбусы Новосибирска - прошлое и настоящее,3427,Троллейбус на ул. Учительская,432,12
107,Троллейбусы Новосибирска - прошлое и настоящее,3511,Разворотное кольцо троллейбуса (ул. Дуси Ковальчук - ул. Нарымская),759,4
107,Троллейбусы Новосибирска - прошлое и настоящее,5172,Старый ЗиУ-5 на территории Правобережного трамвайного депо,653,11
107,Троллейбусы Новосибирска - прошлое и настоящее,4909,Троллейбус № 1 на Красном проспекте,623,20
107,Троллейбусы Новосибирска - прошлое и настоящее,3499,Троллейбус на Красном проспекте (от путепровода до пл. Калинина),325,5
107,Троллейбусы Новосибирска - прошлое и настоящее,3601,Троллейбус у ДК Жданова (ДК Энергия),373,2
107,Троллейбусы Новосибирска - прошлое и настоящее,3598,Троллейбус на ул. Воскова,298,2
107,Троллейбусы Новосибирска - прошлое и настоящее,3493,Временная линия троллейбуса 23 маршрута на пр-те Дзержинского,418,5
107,Троллейбусы Новосибирска - прошлое и настоящее,3167,Троллейбус в День города-2014 на пересечении Красный/Крылова.,453,3
107,Троллейбусы Новосибирска - прошлое и настоящее,3424,Троллейбус на ул. Кирова,193,2
107,Троллейбусы Новосибирска - прошлое и настоящее,3597,Опоры на кольце пересечения Хилокской и Петухова,419,14
107,Троллейбусы Новосибирска - прошлое и настоящее,3596,Опоры на кольце пересечения Ордынского и нового Толмачёвского шоссе,216,1
107,Троллейбусы Новосибирска - прошлое и настоящее,3594,Троллейбус на ул. Красина,268,2
107,Троллейбусы Новосибирска - прошлое и настоящее,3590,Троллейбус с автономным ходом,676,19
107,Троллейбусы Новосибирска - прошлое и настоящее,3592,Троллейбус 25-го маршрута на ул. Кирова,380,6
107,Троллейбусы Новосибирска - прошлое и настоящее,3509,Троллейбус на ул. Державина-Селезнёва (временная линия),240,1
107,Троллейбусы Новосибирска - прошлое и настоящее,3507,Троллейбус на ул. Железнодорожная,270,2
107,Троллейбусы Новосибирска - прошлое и настоящее,3502,Троллейбус на Берёзовой Роще (временная линия),259,2
107,Троллейбусы Новосибирска - прошлое и настоящее,3501,Троллейбус на ул. Ватутина,272,2
107,Троллейбусы Новосибирска - прошлое и настоящее,3437,Троллейбус 6-го маршрута на ул. Советская,375,7
107,Троллейбусы Новосибирска - прошлое и настоящее,3491,Троллейбус на ул. Дуси Ковальчук,263,3
107,Троллейбусы Новосибирска - прошлое и настоящее,3490,Воспоминания о троллейбусах,370,2
107,Троллейбусы Новосибирска - прошлое и настоящее,3429,Троллейбус на ул. Советская (пл. Кондратюка),259,2
104,Новосибирский метрополитен,268,Метрополитен — история строительства,10863,186
104,Новосибирский метрополитен,831,Строится метро,6380,110
104,Новосибирский метрополитен,15358,Полочки,1050,28
104,Новосибирский метрополитен,3234,Метромост,2257,35
104,Новосибирский метрополитен,11732,Изменения в движении пассажирс.транспорта в связи с пуском/стр.метро.,608,16
104,Новосибирский метрополитен,7520,Free,3128,67
104,Новосибирский метрополитен,14116,Памятный знак к началу строительства метрополитена,223,2
104,Новосибирский метрополитен,13710,На стройке станции метро Красный проспект,486,10
104,Новосибирский метрополитен,9496,"Участок улицы Большевистской у станции метро ""Речной вокзал""",631,8
104,Новосибирский метрополитен,2889,Строительство станции метро Маршала Покрышкина.,995,38
104,Новосибирский метрополитен,10861,"Встречи, предшествующие осуществлению мечты новосибирцев о метро",245,3
104,Новосибирский метрополитен,9855,Проездные билеты,222,2
104,Новосибирский метрополитен,2484,Строительство метро в районе Совнархоза. 1986 г.,756,6
104,Новосибирский метрополитен,8900,Строительство метро напротив будущего дома Октябрьская 49,482,5
104,Новосибирский метрополитен,8572,Электронная карточка Новосибирского метрополитена 1996 года,476,7
104,Новосибирский метрополитен,7657,"Альбом Метрополитен строится, действует 1979-1996",342,1
104,Новосибирский метрополитен,4222,Выход со станции ЖД Речной вокзал,526,2
